class,canonical,status,oc_names,swift_names,oc_support_names,oc_files,swift_files,oc_support_files
Array,adddistributeto,swift_only,,addDistributeTo,,,JobsByPods/JobsByUIKit@Pods/iOS.SDK/UIView/UIView+SnapKit.swift:305,
Array,addto,swift_only,,addTo,,,JobsByPods/JobsByUIKit@Pods/iOS.SDK/UIView/UIView+SnapKit.swift:293,
AttributeContainer,adaptiveimageglyph,swift_only,,byAdaptiveImageGlyph,,,JobsByPods/JobsByUIKit@Pods/iOS.SDK/Others@SDK/UIKitAttributes.swift:188,
AttributeContainer,attachment,swift_only,,byAttachment,,,JobsByPods/JobsByUIKit@Pods/iOS.SDK/Others@SDK/UIKitAttributes.swift:148,
AttributeContainer,backgroundcolor,swift_only,,byBackgroundColor,,,JobsByPods/JobsByUIKit@Pods/iOS.SDK/Others@SDK/UIKitAttributes.swift:43,
AttributeContainer,baselineoffset,swift_only,,byBaselineOffset,,,JobsByPods/JobsByUIKit@Pods/iOS.SDK/Others@SDK/UIKitAttributes.swift:123,
AttributeContainer,expansion,swift_only,,byExpansion,,,JobsByPods/JobsByUIKit@Pods/iOS.SDK/Others@SDK/UIKitAttributes.swift:166,
AttributeContainer,font,swift_only,,byFont,,,JobsByPods/JobsByUIKit@Pods/iOS.SDK/Others@SDK/UIKitAttributes.swift:19,
AttributeContainer,foregroundcolor,swift_only,,byForegroundColor,,,JobsByPods/JobsByUIKit@Pods/iOS.SDK/Others@SDK/UIKitAttributes.swift:35,
AttributeContainer,kern,swift_only,,byKern,,,JobsByPods/JobsByUIKit@Pods/iOS.SDK/Others@SDK/UIKitAttributes.swift:59,
AttributeContainer,ligature,swift_only,,byLigature,,,JobsByPods/JobsByUIKit@Pods/iOS.SDK/Others@SDK/UIKitAttributes.swift:51,
AttributeContainer,obliqueness,swift_only,,byObliqueness,,,JobsByPods/JobsByUIKit@Pods/iOS.SDK/Others@SDK/UIKitAttributes.swift:157,
AttributeContainer,paragraphstyle,swift_only,,byParagraphStyle,,,JobsByPods/JobsByUIKit@Pods/iOS.SDK/Others@SDK/UIKitAttributes.swift:27,
AttributeContainer,shadow,swift_only,,byShadow,,,JobsByPods/JobsByUIKit@Pods/iOS.SDK/Others@SDK/UIKitAttributes.swift:107,
AttributeContainer,strikethroughcolor,swift_only,,byStrikethroughColor,,,JobsByPods/JobsByUIKit@Pods/iOS.SDK/Others@SDK/UIKitAttributes.swift:139,
AttributeContainer,strikethroughstyle,swift_only,,byStrikethroughStyle,,,JobsByPods/JobsByUIKit@Pods/iOS.SDK/Others@SDK/UIKitAttributes.swift:75,
AttributeContainer,strokecolor,swift_only,,byStrokeColor,,,JobsByPods/JobsByUIKit@Pods/iOS.SDK/Others@SDK/UIKitAttributes.swift:91,
AttributeContainer,strokewidth,swift_only,,byStrokeWidth,,,JobsByPods/JobsByUIKit@Pods/iOS.SDK/Others@SDK/UIKitAttributes.swift:99,
AttributeContainer,texteffect,swift_only,,byTextEffect,,,JobsByPods/JobsByUIKit@Pods/iOS.SDK/Others@SDK/UIKitAttributes.swift:115,
AttributeContainer,textitemtag,swift_only,,byTextItemTag,,,JobsByPods/JobsByUIKit@Pods/iOS.SDK/Others@SDK/UIKitAttributes.swift:177,
AttributeContainer,tracking,swift_only,,byTracking,,,JobsByPods/JobsByUIKit@Pods/iOS.SDK/Others@SDK/UIKitAttributes.swift:67,
AttributeContainer,uikit,swift_only,,byUIKit,,,JobsByPods/JobsByUIKit@Pods/iOS.SDK/Others@SDK/UIKitAttributes.swift:196,
AttributeContainer,underlinecolor,swift_only,,byUnderlineColor,,,JobsByPods/JobsByUIKit@Pods/iOS.SDK/Others@SDK/UIKitAttributes.swift:131,
AttributeContainer,underlinestyle,swift_only,,byUnderlineStyle,,,JobsByPods/JobsByUIKit@Pods/iOS.SDK/Others@SDK/UIKitAttributes.swift:83,
CADisplayLink,frameinterval,oc_only,byFrameInterval,,,JobsByPods/JobsOCDSL@Pods/Core/UIKit/CADisplayLink+DSLs/CADisplayLink+DSL/CADisplayLink+DSL.h:25; JobsByPods/JobsOCDSL@Pods/Core/UIKit/CADisplayLink+DSLs/CADisplayLink+DSL/CADisplayLink+DSL.m:17,,
CADisplayLink,invalidate,oc_only,byInvalidate,,,JobsByPods/JobsOCDSL@Pods/Core/UIKit/CADisplayLink+DSLs/CADisplayLink+DSL/CADisplayLink+DSL.h:27; JobsByPods/JobsOCDSL@Pods/Core/UIKit/CADisplayLink+DSLs/CADisplayLink+DSL/CADisplayLink+DSL.m:35,,
CADisplayLink,paused,oc_only,byPaused,,,JobsByPods/JobsOCDSL@Pods/Core/UIKit/CADisplayLink+DSLs/CADisplayLink+DSL/CADisplayLink+DSL.h:24; JobsByPods/JobsOCDSL@Pods/Core/UIKit/CADisplayLink+DSLs/CADisplayLink+DSL/CADisplayLink+DSL.m:8,,
CADisplayLink,preferredframeraterange,oc_only,byPreferredFrameRateRange,,,JobsByPods/JobsOCDSL@Pods/Core/UIKit/CADisplayLink+DSLs/CADisplayLink+DSL/CADisplayLink+DSL.h:29; JobsByPods/JobsOCDSL@Pods/Core/UIKit/CADisplayLink+DSLs/CADisplayLink+DSL/CADisplayLink+DSL.m:44,,
CADisplayLink,preferredframespersecond,oc_only,byPreferredFramesPerSecond,,,JobsByPods/JobsOCDSL@Pods/Core/UIKit/CADisplayLink+DSLs/CADisplayLink+DSL/CADisplayLink+DSL.h:26; JobsByPods/JobsOCDSL@Pods/Core/UIKit/CADisplayLink+DSLs/CADisplayLink+DSL/CADisplayLink+DSL.m:26,,
CALayer,addanimation,support_only,,,addAnimation,,,JobsByPods/JobsByOCPods@Pods/Core/UIKit/CALayer/CALayer+Extra/CALayer+Extra.h:33; JobsByPods/JobsByOCPods@Pods/Core/UIKit/CALayer/CALayer+Extra/CALayer+Extra.m:31
CALayer,addanimationby,support_only,,,addAnimationBy,,,JobsByPods/JobsByOCPods@Pods/Core/UIKit/CALayer/CALayer+Extra/CALayer+Extra.h:31; JobsByPods/JobsByOCPods@Pods/Core/UIKit/CALayer/CALayer+Extra/CALayer+Extra.m:12
CALayer,addsublayer,support_only,,,addSublayer,,,JobsByPods/JobsBaseUI@Pods/Support/UIKit/CALayer/CALayer+Extra/CALayer+Extra.h:36; JobsByPods/JobsBaseUI@Pods/Support/UIKit/CALayer/CALayer+Extra/CALayer+Extra.m:48; JobsByPods/JobsByOCPods@Pods/Core/UIKit/CALayer/CALayer+Extra/CALayer+Extra.h:61; JobsByPods/JobsByOCPods@Pods/Core/UIKit/CALayer/CALayer+Extra/CALayer+Extra.m:153
CAPropertyAnimation,additiveby,support_only,,,additiveBy,,,JobsByPods/JobsByOCPods@Pods/Core/UIKit/CAPropertyAnimation/CAPropertyAnimation+Extra/CAPropertyAnimation+Extra.h:30; JobsByPods/JobsByOCPods@Pods/Core/UIKit/CAPropertyAnimation/CAPropertyAnimation+Extra/CAPropertyAnimation+Extra.m:21
DateFormatter,amsymbol,swift_only,,byAMSymbol,,,JobsByPods/JobsSwiftDSL@Pods/UIKit/iOS.SDK/DateFormatter/DateFormatter+DSL.swift:122,
DateFormatter,calendar,swift_only,,byCalendar,,,JobsByPods/JobsSwiftDSL@Pods/UIKit/iOS.SDK/DateFormatter/DateFormatter+DSL.swift:66,
DateFormatter,dateformat,swift_only,,byDateFormat,,,JobsByPods/JobsSwiftDSL@Pods/UIKit/iOS.SDK/DateFormatter/DateFormatter+DSL.swift:18,
DateFormatter,datestyle,swift_only,,byDateStyle,,,JobsByPods/JobsSwiftDSL@Pods/UIKit/iOS.SDK/DateFormatter/DateFormatter+DSL.swift:33,
DateFormatter,defaultdate,swift_only,,byDefaultDate,,,JobsByPods/JobsSwiftDSL@Pods/UIKit/iOS.SDK/DateFormatter/DateFormatter+DSL.swift:108,
DateFormatter,doesrelativedateformatting,swift_only,,byDoesRelativeDateFormatting,,,JobsByPods/JobsSwiftDSL@Pods/UIKit/iOS.SDK/DateFormatter/DateFormatter+DSL.swift:91,
DateFormatter,erasymbols,swift_only,,byEraSymbols,,,JobsByPods/JobsSwiftDSL@Pods/UIKit/iOS.SDK/DateFormatter/DateFormatter+DSL.swift:134,
DateFormatter,formatterbehavior,swift_only,,byFormatterBehavior,,,JobsByPods/JobsSwiftDSL@Pods/UIKit/iOS.SDK/DateFormatter/DateFormatter+DSL.swift:78,
DateFormatter,formattingcontext,swift_only,,byFormattingContext,,,JobsByPods/JobsSwiftDSL@Pods/UIKit/iOS.SDK/DateFormatter/DateFormatter+DSL.swift:116,
DateFormatter,generatescalendardates,swift_only,,byGeneratesCalendarDates,,,JobsByPods/JobsSwiftDSL@Pods/UIKit/iOS.SDK/DateFormatter/DateFormatter+DSL.swift:72,
DateFormatter,gregorianstartdate,swift_only,,byGregorianStartDate,,,JobsByPods/JobsSwiftDSL@Pods/UIKit/iOS.SDK/DateFormatter/DateFormatter+DSL.swift:242,
DateFormatter,lenient,swift_only,,byLenient,,,JobsByPods/JobsSwiftDSL@Pods/UIKit/iOS.SDK/DateFormatter/DateFormatter+DSL.swift:85,
DateFormatter,locale,swift_only,,byLocale,,,JobsByPods/JobsSwiftDSL@Pods/UIKit/iOS.SDK/DateFormatter/DateFormatter+DSL.swift:54,
DateFormatter,localizedtemplate,swift_only,,byLocalizedTemplate,,,JobsByPods/JobsSwiftDSL@Pods/UIKit/iOS.SDK/DateFormatter/DateFormatter+DSL.swift:25,
DateFormatter,longerasymbols,swift_only,,byLongEraSymbols,,,JobsByPods/JobsSwiftDSL@Pods/UIKit/iOS.SDK/DateFormatter/DateFormatter+DSL.swift:140,
DateFormatter,monthsymbols,swift_only,,byMonthSymbols,,,JobsByPods/JobsSwiftDSL@Pods/UIKit/iOS.SDK/DateFormatter/DateFormatter+DSL.swift:146,
DateFormatter,pmsymbol,swift_only,,byPMSymbol,,,JobsByPods/JobsSwiftDSL@Pods/UIKit/iOS.SDK/DateFormatter/DateFormatter+DSL.swift:128,
DateFormatter,quartersymbols,swift_only,,byQuarterSymbols,,,JobsByPods/JobsSwiftDSL@Pods/UIKit/iOS.SDK/DateFormatter/DateFormatter+DSL.swift:218,
DateFormatter,relativedateformatting,swift_only,,byRelativeDateFormatting,,,JobsByPods/JobsSwiftDSL@Pods/UIKit/iOS.SDK/DateFormatter/DateFormatter+DSL.swift:97,
DateFormatter,shortmonthsymbols,swift_only,,byShortMonthSymbols,,,JobsByPods/JobsSwiftDSL@Pods/UIKit/iOS.SDK/DateFormatter/DateFormatter+DSL.swift:152,
DateFormatter,shortquartersymbols,swift_only,,byShortQuarterSymbols,,,JobsByPods/JobsSwiftDSL@Pods/UIKit/iOS.SDK/DateFormatter/DateFormatter+DSL.swift:224,
DateFormatter,shortstandalonemonthsymbols,swift_only,,byShortStandaloneMonthSymbols,,,JobsByPods/JobsSwiftDSL@Pods/UIKit/iOS.SDK/DateFormatter/DateFormatter+DSL.swift:170,
DateFormatter,shortstandalonequartersymbols,swift_only,,byShortStandaloneQuarterSymbols,,,JobsByPods/JobsSwiftDSL@Pods/UIKit/iOS.SDK/DateFormatter/DateFormatter+DSL.swift:236,
DateFormatter,shortstandaloneweekdaysymbols,swift_only,,byShortStandaloneWeekdaySymbols,,,JobsByPods/JobsSwiftDSL@Pods/UIKit/iOS.SDK/DateFormatter/DateFormatter+DSL.swift:206,
DateFormatter,shortweekdaysymbols,swift_only,,byShortWeekdaySymbols,,,JobsByPods/JobsSwiftDSL@Pods/UIKit/iOS.SDK/DateFormatter/DateFormatter+DSL.swift:188,
DateFormatter,standalonemonthsymbols,swift_only,,byStandaloneMonthSymbols,,,JobsByPods/JobsSwiftDSL@Pods/UIKit/iOS.SDK/DateFormatter/DateFormatter+DSL.swift:164,
DateFormatter,standalonequartersymbols,swift_only,,byStandaloneQuarterSymbols,,,JobsByPods/JobsSwiftDSL@Pods/UIKit/iOS.SDK/DateFormatter/DateFormatter+DSL.swift:230,
DateFormatter,standaloneweekdaysymbols,swift_only,,byStandaloneWeekdaySymbols,,,JobsByPods/JobsSwiftDSL@Pods/UIKit/iOS.SDK/DateFormatter/DateFormatter+DSL.swift:200,
DateFormatter,timestyle,swift_only,,byTimeStyle,,,JobsByPods/JobsSwiftDSL@Pods/UIKit/iOS.SDK/DateFormatter/DateFormatter+DSL.swift:39,
DateFormatter,timezone,swift_only,,byTimeZone,,,JobsByPods/JobsSwiftDSL@Pods/UIKit/iOS.SDK/DateFormatter/DateFormatter+DSL.swift:60,
DateFormatter,twodigitstartdate,swift_only,,byTwoDigitStartDate,,,JobsByPods/JobsSwiftDSL@Pods/UIKit/iOS.SDK/DateFormatter/DateFormatter+DSL.swift:102,
DateFormatter,veryshortmonthsymbols,swift_only,,byVeryShortMonthSymbols,,,JobsByPods/JobsSwiftDSL@Pods/UIKit/iOS.SDK/DateFormatter/DateFormatter+DSL.swift:158,
DateFormatter,veryshortstandalonemonthsymbols,swift_only,,byVeryShortStandaloneMonthSymbols,,,JobsByPods/JobsSwiftDSL@Pods/UIKit/iOS.SDK/DateFormatter/DateFormatter+DSL.swift:176,
DateFormatter,veryshortstandaloneweekdaysymbols,swift_only,,byVeryShortStandaloneWeekdaySymbols,,,JobsByPods/JobsSwiftDSL@Pods/UIKit/iOS.SDK/DateFormatter/DateFormatter+DSL.swift:212,
DateFormatter,veryshortweekdaysymbols,swift_only,,byVeryShortWeekdaySymbols,,,JobsByPods/JobsSwiftDSL@Pods/UIKit/iOS.SDK/DateFormatter/DateFormatter+DSL.swift:194,
DateFormatter,weekdaysymbols,swift_only,,byWeekdaySymbols,,,JobsByPods/JobsSwiftDSL@Pods/UIKit/iOS.SDK/DateFormatter/DateFormatter+DSL.swift:182,
JobsFooterAnimator,idledescription,swift_only,,byIdleDescription,,,JobsByPods/JobsByUIKit@Pods/iOS.SDK/UIScrollView/UIScrollView+ESPullToRefresh.swift:380,
JobsFooterAnimator,loadingmoredescription,swift_only,,byLoadingMoreDescription,,,JobsByPods/JobsByUIKit@Pods/iOS.SDK/UIScrollView/UIScrollView+ESPullToRefresh.swift:392,
JobsFooterAnimator,nomoredatadescription,swift_only,,byNoMoreDataDescription,,,JobsByPods/JobsByUIKit@Pods/iOS.SDK/UIScrollView/UIScrollView+ESPullToRefresh.swift:398,
JobsFooterAnimator,releasetorefreshdescription,swift_only,,byReleaseToRefreshDescription,,,JobsByPods/JobsByUIKit@Pods/iOS.SDK/UIScrollView/UIScrollView+ESPullToRefresh.swift:386,
JobsHeaderAnimator,idledescription,swift_only,,byIdleDescription,,,JobsByPods/JobsByUIKit@Pods/iOS.SDK/UIScrollView/UIScrollView+ESPullToRefresh.swift:341,
JobsHeaderAnimator,loadingdescription,swift_only,,byLoadingDescription,,,JobsByPods/JobsByUIKit@Pods/iOS.SDK/UIScrollView/UIScrollView+ESPullToRefresh.swift:353,
JobsHeaderAnimator,nomoredatadescription,swift_only,,byNoMoreDataDescription,,,JobsByPods/JobsByUIKit@Pods/iOS.SDK/UIScrollView/UIScrollView+ESPullToRefresh.swift:359,
JobsHeaderAnimator,releasetorefreshdescription,swift_only,,byReleaseToRefreshDescription,,,JobsByPods/JobsByUIKit@Pods/iOS.SDK/UIScrollView/UIScrollView+ESPullToRefresh.swift:347,
LottieAnimationView,backgroundbehavior,swift_only,,byBackgroundBehavior,,,JobsByPods/JobsByUIKit@Pods/iOS.SDK/UIView/UIView+Lottie.swift:157,
LottieAnimationView,loop,swift_only,,byLoop,,,JobsByPods/JobsByUIKit@Pods/iOS.SDK/UIView/UIView+Lottie.swift:148,
LottieAnimationView,lottiecontentmode,swift_only,,byLottieContentMode,,,JobsByPods/JobsByUIKit@Pods/iOS.SDK/UIView/UIView+Lottie.swift:154,
LottieAnimationView,speed,swift_only,,bySpeed,,,JobsByPods/JobsByUIKit@Pods/iOS.SDK/UIView/UIView+Lottie.swift:151,
NSDate,addingtimeinterval,support_only,,,byAddingTimeInterval,,,JobsByPods/JobsByOCPods@Pods/Core/UIKit/NSDate/NSDate+Extra/NSDate+Extra.h:50; JobsByPods/JobsByOCPods@Pods/Core/UIKit/NSDate/NSDate+Extra/NSDate+Extra.m:30
NSJSONSerialization,makedicbydata,support_only,,,makeDicByData,,,JobsByPods/JobsByOCPods@Pods/Core/UIKit/NSJSONSerialization/NSJSONSerialization+Extra/NSJSONSerialization+Extra.h:29; JobsByPods/JobsByOCPods@Pods/Core/UIKit/NSJSONSerialization/NSJSONSerialization+Extra/NSJSONSerialization+Extra.m:12
NSMutableArray,add,support_only,,,add,,,JobsByPods/JobsBaseUI@Pods/Support/UIKit/NSMutableArray/NSMutableArray+Extra/NSMutableArray+Extra.h:31; JobsByPods/JobsBaseUI@Pods/Support/UIKit/NSMutableArray/NSMutableArray+Extra/NSMutableArray+Extra.m:12; JobsByPods/JobsByOCPods@Pods/Core/UIKit/NSMutableArray/NSMutableArray+Extra/NSMutableArray+Extra.h:40; JobsByPods/JobsByOCPods@Pods/Core/UIKit/NSMutableArray/NSMutableArray+Extra/NSMutableArray+Extra.m:26
NSMutableArray,addby,support_only,,,addBy,,,JobsByPods/JobsByOCPods@Pods/Core/UIKit/NSMutableArray/NSMutableArray+Extra/NSMutableArray+Extra.h:44; JobsByPods/JobsByOCPods@Pods/Core/UIKit/NSMutableArray/NSMutableArray+Extra/NSMutableArray+Extra.m:48
NSMutableDictionary,add,support_only,,,add,,,JobsByPods/JobsBaseUI@Pods/Support/UIKit/NSMutableDictionary/NSMutableDictionary+Extra/NSMutableDictionary+Extra.h:38; JobsByPods/JobsBaseUI@Pods/Support/UIKit/NSMutableDictionary/NSMutableDictionary+Extra/NSMutableDictionary+Extra.m:12; JobsByPods/JobsByOCPods@Pods/Core/UIKit/NSMutableDictionary/NSMutableDictionary+Extra/NSMutableDictionary+Extra.h:30; JobsByPods/JobsByOCPods@Pods/Core/UIKit/NSMutableDictionary/NSMutableDictionary+Extra/NSMutableDictionary+Extra.m:12
NSMutableDictionary,addbydic,support_only,,,addByDic,,,JobsByPods/JobsBaseUI@Pods/Support/UIKit/NSMutableDictionary/NSMutableDictionary+Extra/NSMutableDictionary+Extra.h:39; JobsByPods/JobsBaseUI@Pods/Support/UIKit/NSMutableDictionary/NSMutableDictionary+Extra/NSMutableDictionary+Extra.m:21; JobsByPods/JobsByOCPods@Pods/Core/UIKit/NSMutableDictionary/NSMutableDictionary+Extra/NSMutableDictionary+Extra.h:31; JobsByPods/JobsByOCPods@Pods/Core/UIKit/NSMutableDictionary/NSMutableDictionary+Extra/NSMutableDictionary+Extra.m:21
NSMutableParagraphStyle,addtabstop,oc_only,byAddTabStop,,,JobsByPods/JobsOCDSL@Pods/Core/UIKit/NSMutableParagraphStyle+DSLs/NSMutableParagraphStyle+DSL/NSMutableParagraphStyle+DSL.h:53; JobsByPods/JobsOCDSL@Pods/Core/UIKit/NSMutableParagraphStyle+DSLs/NSMutableParagraphStyle+DSL/NSMutableParagraphStyle+DSL.m:180,,
NSMutableParagraphStyle,allowsdefaulttighteningfortruncation,oc_only,byAllowsDefaultTighteningForTruncation,,,JobsByPods/JobsOCDSL@Pods/Core/UIKit/NSMutableParagraphStyle+DSLs/NSMutableParagraphStyle+DSL/NSMutableParagraphStyle+DSL.h:43; JobsByPods/JobsOCDSL@Pods/Core/UIKit/NSMutableParagraphStyle+DSLs/NSMutableParagraphStyle+DSL/NSMutableParagraphStyle+DSL.m:112,,
NSMutableParagraphStyle,basewritingdirection,oc_only,byBaseWritingDirection,,,JobsByPods/JobsOCDSL@Pods/Core/UIKit/NSMutableParagraphStyle+DSLs/NSMutableParagraphStyle+DSL/NSMutableParagraphStyle+DSL.h:47; JobsByPods/JobsOCDSL@Pods/Core/UIKit/NSMutableParagraphStyle+DSLs/NSMutableParagraphStyle+DSL/NSMutableParagraphStyle+DSL.m:141,,
NSMutableParagraphStyle,defaulttabinterval,oc_only,byDefaultTabInterval,,,JobsByPods/JobsOCDSL@Pods/Core/UIKit/NSMutableParagraphStyle+DSLs/NSMutableParagraphStyle+DSL/NSMutableParagraphStyle+DSL.h:39; JobsByPods/JobsOCDSL@Pods/Core/UIKit/NSMutableParagraphStyle+DSLs/NSMutableParagraphStyle+DSL/NSMutableParagraphStyle+DSL.m:93,,
NSMutableParagraphStyle,firstlineheadindent,oc_only,byFirstLineHeadIndent,,,JobsByPods/JobsOCDSL@Pods/Core/UIKit/NSMutableParagraphStyle+DSLs/NSMutableParagraphStyle+DSL/NSMutableParagraphStyle+DSL.h:32; JobsByPods/JobsOCDSL@Pods/Core/UIKit/NSMutableParagraphStyle+DSLs/NSMutableParagraphStyle+DSL/NSMutableParagraphStyle+DSL.m:30,,
NSMutableParagraphStyle,headindent,oc_only,byHeadIndent,,,JobsByPods/JobsOCDSL@Pods/Core/UIKit/NSMutableParagraphStyle+DSLs/NSMutableParagraphStyle+DSL/NSMutableParagraphStyle+DSL.h:33; JobsByPods/JobsOCDSL@Pods/Core/UIKit/NSMutableParagraphStyle+DSLs/NSMutableParagraphStyle+DSL/NSMutableParagraphStyle+DSL.m:39,,
NSMutableParagraphStyle,hyphenationfactor,oc_only,byHyphenationFactor,,,JobsByPods/JobsOCDSL@Pods/Core/UIKit/NSMutableParagraphStyle+DSLs/NSMutableParagraphStyle+DSL/NSMutableParagraphStyle+DSL.h:41; JobsByPods/JobsOCDSL@Pods/Core/UIKit/NSMutableParagraphStyle+DSLs/NSMutableParagraphStyle+DSL/NSMutableParagraphStyle+DSL.m:103,,
NSMutableParagraphStyle,linebreakmode,oc_only,byLineBreakMode,,,JobsByPods/JobsOCDSL@Pods/Core/UIKit/NSMutableParagraphStyle+DSLs/NSMutableParagraphStyle+DSL/NSMutableParagraphStyle+DSL.h:46; JobsByPods/JobsOCDSL@Pods/Core/UIKit/NSMutableParagraphStyle+DSLs/NSMutableParagraphStyle+DSL/NSMutableParagraphStyle+DSL.m:132,,
NSMutableParagraphStyle,linebreakstrategy,oc_only,byLineBreakStrategy,,,JobsByPods/JobsOCDSL@Pods/Core/UIKit/NSMutableParagraphStyle+DSLs/NSMutableParagraphStyle+DSL/NSMutableParagraphStyle+DSL.h:48; JobsByPods/JobsOCDSL@Pods/Core/UIKit/NSMutableParagraphStyle+DSLs/NSMutableParagraphStyle+DSL/NSMutableParagraphStyle+DSL.m:150,,
NSMutableParagraphStyle,lineheightmultiple,oc_only,byLineHeightMultiple,,,JobsByPods/JobsOCDSL@Pods/Core/UIKit/NSMutableParagraphStyle+DSLs/NSMutableParagraphStyle+DSL/NSMutableParagraphStyle+DSL.h:37; JobsByPods/JobsOCDSL@Pods/Core/UIKit/NSMutableParagraphStyle+DSLs/NSMutableParagraphStyle+DSL/NSMutableParagraphStyle+DSL.m:75,,
NSMutableParagraphStyle,linespacing,oc_only,byLineSpacing,,,JobsByPods/JobsOCDSL@Pods/Core/UIKit/NSMutableParagraphStyle+DSLs/NSMutableParagraphStyle+DSL/NSMutableParagraphStyle+DSL.h:30; JobsByPods/JobsOCDSL@Pods/Core/UIKit/NSMutableParagraphStyle+DSLs/NSMutableParagraphStyle+DSL/NSMutableParagraphStyle+DSL.m:12,,
NSMutableParagraphStyle,maximumlineheight,oc_only,byMaximumLineHeight,,,JobsByPods/JobsOCDSL@Pods/Core/UIKit/NSMutableParagraphStyle+DSLs/NSMutableParagraphStyle+DSL/NSMutableParagraphStyle+DSL.h:36; JobsByPods/JobsOCDSL@Pods/Core/UIKit/NSMutableParagraphStyle+DSLs/NSMutableParagraphStyle+DSL/NSMutableParagraphStyle+DSL.m:66,,
NSMutableParagraphStyle,minimumlineheight,oc_only,byMinimumLineHeight,,,JobsByPods/JobsOCDSL@Pods/Core/UIKit/NSMutableParagraphStyle+DSLs/NSMutableParagraphStyle+DSL/NSMutableParagraphStyle+DSL.h:35; JobsByPods/JobsOCDSL@Pods/Core/UIKit/NSMutableParagraphStyle+DSLs/NSMutableParagraphStyle+DSL/NSMutableParagraphStyle+DSL.m:57,,
NSMutableParagraphStyle,paragraphspacing,oc_only,byParagraphSpacing,,,JobsByPods/JobsOCDSL@Pods/Core/UIKit/NSMutableParagraphStyle+DSLs/NSMutableParagraphStyle+DSL/NSMutableParagraphStyle+DSL.h:31; JobsByPods/JobsOCDSL@Pods/Core/UIKit/NSMutableParagraphStyle+DSLs/NSMutableParagraphStyle+DSL/NSMutableParagraphStyle+DSL.m:21,,
NSMutableParagraphStyle,paragraphspacingbefore,oc_only,byParagraphSpacingBefore,,,JobsByPods/JobsOCDSL@Pods/Core/UIKit/NSMutableParagraphStyle+DSLs/NSMutableParagraphStyle+DSL/NSMutableParagraphStyle+DSL.h:38; JobsByPods/JobsOCDSL@Pods/Core/UIKit/NSMutableParagraphStyle+DSLs/NSMutableParagraphStyle+DSL/NSMutableParagraphStyle+DSL.m:84,,
NSMutableParagraphStyle,removetabstop,oc_only,byRemoveTabStop,,,JobsByPods/JobsOCDSL@Pods/Core/UIKit/NSMutableParagraphStyle+DSLs/NSMutableParagraphStyle+DSL/NSMutableParagraphStyle+DSL.h:54; JobsByPods/JobsOCDSL@Pods/Core/UIKit/NSMutableParagraphStyle+DSLs/NSMutableParagraphStyle+DSL/NSMutableParagraphStyle+DSL.m:191,,
NSMutableParagraphStyle,setparagraphstyle,oc_only,bySetParagraphStyle,,,JobsByPods/JobsOCDSL@Pods/Core/UIKit/NSMutableParagraphStyle+DSLs/NSMutableParagraphStyle+DSL/NSMutableParagraphStyle+DSL.h:55; JobsByPods/JobsOCDSL@Pods/Core/UIKit/NSMutableParagraphStyle+DSLs/NSMutableParagraphStyle+DSL/NSMutableParagraphStyle+DSL.m:202,,
NSMutableParagraphStyle,tabstops,oc_only,byTabStops,,,JobsByPods/JobsOCDSL@Pods/Core/UIKit/NSMutableParagraphStyle+DSLs/NSMutableParagraphStyle+DSL/NSMutableParagraphStyle+DSL.h:50; JobsByPods/JobsOCDSL@Pods/Core/UIKit/NSMutableParagraphStyle+DSLs/NSMutableParagraphStyle+DSL/NSMutableParagraphStyle+DSL.m:160,,
NSMutableParagraphStyle,tailindent,oc_only,byTailIndent,,,JobsByPods/JobsOCDSL@Pods/Core/UIKit/NSMutableParagraphStyle+DSLs/NSMutableParagraphStyle+DSL/NSMutableParagraphStyle+DSL.h:34; JobsByPods/JobsOCDSL@Pods/Core/UIKit/NSMutableParagraphStyle+DSLs/NSMutableParagraphStyle+DSL/NSMutableParagraphStyle+DSL.m:48,,
NSMutableParagraphStyle,textlists,oc_only,byTextLists,,,JobsByPods/JobsOCDSL@Pods/Core/UIKit/NSMutableParagraphStyle+DSLs/NSMutableParagraphStyle+DSL/NSMutableParagraphStyle+DSL.h:51; JobsByPods/JobsOCDSL@Pods/Core/UIKit/NSMutableParagraphStyle+DSLs/NSMutableParagraphStyle+DSL/NSMutableParagraphStyle+DSL.m:170,,
NSMutableParagraphStyle,usesdefaulthyphenation,oc_only,byUsesDefaultHyphenation,,,JobsByPods/JobsOCDSL@Pods/Core/UIKit/NSMutableParagraphStyle+DSLs/NSMutableParagraphStyle+DSL/NSMutableParagraphStyle+DSL.h:44; JobsByPods/JobsOCDSL@Pods/Core/UIKit/NSMutableParagraphStyle+DSLs/NSMutableParagraphStyle+DSL/NSMutableParagraphStyle+DSL.m:122,,
NSMutableSet,add,support_only,,,add,,,JobsByPods/JobsByOCPods@Pods/Core/UIKit/NSMutableSet/NSMutableSet+Extra/NSMutableSet+Extra.h:29; JobsByPods/JobsByOCPods@Pods/Core/UIKit/NSMutableSet/NSMutableSet+Extra/NSMutableSet+Extra.m:12
NSNumber,float,support_only,,,byFloat,,,JobsByPods/JobsBaseUI@Pods/Support/UIKit/NSNumber/NSNumber+Extra/NSNumber+Extra.h:56; JobsByPods/JobsBaseUI@Pods/Support/UIKit/NSNumber/NSNumber+Extra/NSNumber+Extra.m:113; JobsByPods/JobsByOCPods@Pods/Core/UIKit/NSNumber/NSNumber+Extra/NSNumber+Extra.h:54; JobsByPods/JobsByOCPods@Pods/Core/UIKit/NSNumber/NSNumber+Extra/NSNumber+Extra.m:113
NSObject,addcheckerbyname,support_only,,,addCheckerByName,,,JobsByPods/JobsByOCPods@Pods/Core/UIKit/NSObject/NSObject+Extra/NSObject+Extra.h:342; JobsByPods/JobsByOCPods@Pods/Core/UIKit/NSObject/NSObject+Extra/NSObject+Extra.m:737
NSObject,addnotificationname,support_only,,,addNotificationName,,,JobsByPods/JobsBaseUI@Pods/Support/UIKit/NSObject/NSObject+Notification/NSObject+Notification.h:69; JobsByPods/JobsBaseUI@Pods/Support/UIKit/NSObject/NSObject+Notification/NSObject+Notification.h:72; JobsByPods/JobsBaseUI@Pods/Support/UIKit/NSObject/NSObject+Notification/NSObject+Notification.m:37; JobsByPods/JobsBaseUI@Pods/Support/UIKit/NSObject/NSObject+Notification/NSObject+Notification.m:49; JobsByPods/JobsByOCPods@Pods/Core/UIKit/NSObject/NSObject+Notification/NSObject+Notification.h:67; JobsByPods/JobsByOCPods@Pods/Core/UIKit/NSObject/NSObject+Notification/NSObject+Notification.h:70; JobsByPods/JobsByOCPods@Pods/Core/UIKit/NSObject/NSObject+Notification/NSObject+Notification.m:37; JobsByPods/JobsByOCPods@Pods/Core/UIKit/NSObject/NSObject+Notification/NSObject+Notification.m:49
NSObject,data,support_only,,,byData,,,JobsByPods/JobsByOCPods@Pods/Core/UIKit/NSObject/NSObject+Data/NSObject+Data.h:62; JobsByPods/JobsByOCPods@Pods/Core/UIKit/NSObject/NSObject+Data/NSObject+Data.m:32
NSObject,dataarr,support_only,,,byDataArr,,,JobsByPods/JobsByOCPods@Pods/Core/UIKit/NSObject/NSObject+Data/NSObject+Data.h:58; JobsByPods/JobsByOCPods@Pods/Core/UIKit/NSObject/NSObject+Data/NSObject+Data.m:16
NSObject,datadic,support_only,,,byDataDic,,,JobsByPods/JobsByOCPods@Pods/Core/UIKit/NSObject/NSObject+Data/NSObject+Data.h:60; JobsByPods/JobsByOCPods@Pods/Core/UIKit/NSObject/NSObject+Data/NSObject+Data.m:24
NSObject,makealertcontrollerbyalertmodel,support_only,,,makeAlertControllerByAlertModel,,,JobsByPods/JobsByOCPods@Pods/Core/UIKit/NSObject/NSObject+Extra/NSObject+Extra.h:258; JobsByPods/JobsByOCPods@Pods/Core/UIKit/NSObject/NSObject+Extra/NSObject+Extra.m:306
NSObject,makebackbtnmodel,support_only,,,makeBackBtnModel,,,JobsByPods/JobsBaseUI@Pods/Support/UIKit/NSObject/NSObject+Extra/NSObject+Extra.h:100; JobsByPods/JobsBaseUI@Pods/Support/UIKit/NSObject/NSObject+Extra/NSObject+Extra.m:133
NSObject,makegkphotobrowser,support_only,,,makeGKPhotoBrowser,,,JobsByPods/JobsByOCPods@Pods/Core/UIKit/NSObject/NSObject+GKPhotoBrowser/NSObject+GKPhotoBrowser.m:26
NSObject,makenav0bytitle,support_only,,,makeNav0ByTitle,,,JobsByPods/JobsBaseUI@Pods/Support/UIKit/NSObject/NSObject+Extra/NSObject+Extra.h:119; JobsByPods/JobsBaseUI@Pods/Support/UIKit/NSObject/NSObject+Extra/NSObject+Extra.m:284
NSObject,makenormalewebviewbyviewmodel,support_only,,,makeNormaleWebViewByViewModel,,,JobsByPods/JobsByOCPods@Pods/Core/UIKit/NSObject/NSObject+HTML/NSObject+HTML.h:42; JobsByPods/JobsByOCPods@Pods/Core/UIKit/NSObject/NSObject+HTML/NSObject+HTML.m:73
NSObject,makesdwebimageoptions,support_only,,,makeSDWebImageOptions,,,JobsByPods/JobsByOCPods@Pods/Core/UIKit/NSObject/NSObject+Extra/NSObject+Extra.h:273; JobsByPods/JobsByOCPods@Pods/Core/UIKit/NSObject/NSObject+Extra/NSObject+Extra.m:389
NSObject,makesnowflake,support_only,,,makeSnowflake,,,JobsByPods/JobsByOCPods@Pods/Core/UIKit/NSObject/NSObject+Algorithm/NSObject+Algorithm.h:79; JobsByPods/JobsByOCPods@Pods/Core/UIKit/NSObject/NSObject+Algorithm/NSObject+Algorithm.m:60
NSObject,makewebviewbystring,support_only,,,makeWebViewByString,,,JobsByPods/JobsByOCPods@Pods/Core/UIKit/NSObject/NSObject+Extra/NSObject+Extra.h:267; JobsByPods/JobsByOCPods@Pods/Core/UIKit/NSObject/NSObject+Extra/NSObject+Extra.m:362
NSObject,makewebviewbyurl,support_only,,,makeWebViewByURL,,,JobsByPods/JobsByOCPods@Pods/Core/UIKit/NSObject/NSObject+Extra/NSObject+Extra.h:269; JobsByPods/JobsByOCPods@Pods/Core/UIKit/NSObject/NSObject+Extra/NSObject+Extra.m:370
NSObject,onrefreshui,swift_only,,onRefreshUI,,,JobsByPods/JobsByUIKit@Pods/iOS.SDK/NSObject/NSObject+通知.swift:351,
NSObject,patternimage,support_only,,,byPatternImage,,,JobsByPods/JobsByOCPods@Pods/Core/UIKit/NSObject/NSObject+Extra/NSObject+Extra.h:302; JobsByPods/JobsByOCPods@Pods/Core/UIKit/NSObject/NSObject+Extra/NSObject+Extra.m:516
NSPointerArray,add,support_only,,,add,,,JobsByPods/JobsByOCPods@Pods/Core/UIKit/NSPointerArray/NSPointerArray+Extra/NSPointerArray+Extra.h:30; JobsByPods/JobsByOCPods@Pods/Core/UIKit/NSPointerArray/NSPointerArray+Extra/NSPointerArray+Extra.m:20
NSRegularExpression,string,support_only,,,byString,,,JobsByPods/JobsByOCPods@Pods/Core/UIKit/NSRegularExpression/NSRegularExpression+Extra/NSRegularExpression+Extra.h:29; JobsByPods/JobsByOCPods@Pods/Core/UIKit/NSRegularExpression/NSRegularExpression+Extra/NSRegularExpression+Extra.m:12
NSRunLoop,addtimeratcurrentrunloopbycommonmodes,support_only,,,addTimerAtCurrentRunLoopByCommonModes,,,JobsByPods/JobsByOCPods@Pods/Core/UIKit/NSRunLoop/NSRunLoop+Extra/NSRunLoop+Extra.h:31; JobsByPods/JobsByOCPods@Pods/Core/UIKit/NSRunLoop/NSRunLoop+Extra/NSRunLoop+Extra.m:26
NSRunLoop,addtimeratcurrentrunloopbydefaultrunloopmode,support_only,,,addTimerAtCurrentRunLoopByDefaultRunLoopMode,,,JobsByPods/JobsByOCPods@Pods/Core/UIKit/NSRunLoop/NSRunLoop+Extra/NSRunLoop+Extra.h:32; JobsByPods/JobsByOCPods@Pods/Core/UIKit/NSRunLoop/NSRunLoop+Extra/NSRunLoop+Extra.m:33
NSRunLoop,addtimeratmainrunloopbycommonmodes,support_only,,,addTimerAtMainRunLoopByCommonModes,,,JobsByPods/JobsByOCPods@Pods/Core/UIKit/NSRunLoop/NSRunLoop+Extra/NSRunLoop+Extra.h:29; JobsByPods/JobsByOCPods@Pods/Core/UIKit/NSRunLoop/NSRunLoop+Extra/NSRunLoop+Extra.m:12
NSRunLoop,addtimeratmainrunloopbydefaultrunloopmode,support_only,,,addTimerAtMainRunLoopByDefaultRunLoopMode,,,JobsByPods/JobsByOCPods@Pods/Core/UIKit/NSRunLoop/NSRunLoop+Extra/NSRunLoop+Extra.h:30; JobsByPods/JobsByOCPods@Pods/Core/UIKit/NSRunLoop/NSRunLoop+Extra/NSRunLoop+Extra.m:19
NSString,add,support_only,,,add,,,JobsByPods/JobsBaseUI@Pods/Support/UIKit/NSString/NSString+Extra/NSString+Extra.h:83; JobsByPods/JobsBaseUI@Pods/Support/UIKit/NSString/NSString+Extra/NSString+Extra.m:81; JobsByPods/JobsBaseUI@Pods/Support/UIKit/NSString/NSString+Replace/NSString+Replace.h:70; JobsByPods/JobsBaseUI@Pods/Support/UIKit/NSString/NSString+Replace/NSString+Replace.m:27; JobsByPods/JobsByOCPods@Pods/Core/UIKit/NSString/NSString+Replace/NSString+Replace.h:74; JobsByPods/JobsByOCPods@Pods/Core/UIKit/NSString/NSString+Replace/NSString+Replace.m:27
NSString,addbyattributedstring,support_only,,,addByAttributedString,,,JobsByPods/JobsBaseUI@Pods/Support/UIKit/NSString/NSString+Replace/NSString+Replace.h:72; JobsByPods/JobsBaseUI@Pods/Support/UIKit/NSString/NSString+Replace/NSString+Replace.m:37; JobsByPods/JobsByOCPods@Pods/Core/UIKit/NSString/NSString+Replace/NSString+Replace.h:76; JobsByPods/JobsByOCPods@Pods/Core/UIKit/NSString/NSString+Replace/NSString+Replace.m:37
NSString,addnewlines,support_only,,,addNewlines,,,JobsByPods/JobsBaseUI@Pods/Support/UIKit/NSString/NSString+Replace/NSString+Replace.h:148; JobsByPods/JobsBaseUI@Pods/Support/UIKit/NSString/NSString+Replace/NSString+Replace.m:309; JobsByPods/JobsByOCPods@Pods/Core/UIKit/NSString/NSString+Replace/NSString+Replace.h:156; JobsByPods/JobsByOCPods@Pods/Core/UIKit/NSString/NSString+Replace/NSString+Replace.m:323
NSString,addpathcomponent,support_only,,,addPathComponent,,,JobsByPods/JobsBaseUI@Pods/Support/UIKit/NSString/NSString+Path/NSString+Path.h:42; JobsByPods/JobsBaseUI@Pods/Support/UIKit/NSString/NSString+Path/NSString+Path.m:43; JobsByPods/JobsByOCPods@Pods/Core/UIKit/NSString/NSString+Path/NSString+Path.h:40; JobsByPods/JobsByOCPods@Pods/Core/UIKit/NSString/NSString+Path/NSString+Path.m:43
NSString,filefullname,support_only,,,byFileFullName,,,JobsByPods/JobsBaseUI@Pods/Support/UIKit/NSString/NSString+Extra/NSString+Extra.h:75; JobsByPods/JobsBaseUI@Pods/Support/UIKit/NSString/NSString+Extra/NSString+Extra.m:41; JobsByPods/JobsByOCPods@Pods/Core/UIKit/NSString/NSString+Extra/NSString+Extra.h:77; JobsByPods/JobsByOCPods@Pods/Core/UIKit/NSString/NSString+Extra/NSString+Extra.m:46
NSString,http,support_only,,,byHttp,,,JobsByPods/JobsBaseUI@Pods/Support/UIKit/NSString/NSString+URL/NSString+URL.h:49; JobsByPods/JobsBaseUI@Pods/Support/UIKit/NSString/NSString+URL/NSString+URL.m:44; JobsByPods/JobsByOCPods@Pods/Core/UIKit/NSString/NSString+URL/NSString+URL.h:47; JobsByPods/JobsByOCPods@Pods/Core/UIKit/NSString/NSString+URL/NSString+URL.m:44
NSString,https,support_only,,,byHttps,,,JobsByPods/JobsBaseUI@Pods/Support/UIKit/NSString/NSString+URL/NSString+URL.h:51; JobsByPods/JobsBaseUI@Pods/Support/UIKit/NSString/NSString+URL/NSString+URL.m:48; JobsByPods/JobsByOCPods@Pods/Core/UIKit/NSString/NSString+URL/NSString+URL.h:49; JobsByPods/JobsByOCPods@Pods/Core/UIKit/NSString/NSString+URL/NSString+URL.m:48
NSString,makearrby,support_only,,,makeArrBy,,,JobsByPods/JobsBaseUI@Pods/Support/UIKit/NSString/NSString+Replace/NSString+Replace.h:78; JobsByPods/JobsBaseUI@Pods/Support/UIKit/NSString/NSString+Replace/NSString+Replace.m:53; JobsByPods/JobsByOCPods@Pods/Core/UIKit/NSString/NSString+Replace/NSString+Replace.h:82; JobsByPods/JobsByOCPods@Pods/Core/UIKit/NSString/NSString+Replace/NSString+Replace.m:53
NSString,makecabasicanimationbyblock,support_only,,,makeCABasicAnimationByBlock,,,JobsByPods/JobsBaseUI@Pods/Support/UIKit/NSString/NSString+Extra/NSString+Extra.h:91; JobsByPods/JobsBaseUI@Pods/Support/UIKit/NSString/NSString+Extra/NSString+Extra.m:110; JobsByPods/JobsByOCPods@Pods/Core/UIKit/NSString/NSString+CAAnimation/NSString+CAAnimation.h:38; JobsByPods/JobsByOCPods@Pods/Core/UIKit/NSString/NSString+CAAnimation/NSString+CAAnimation.m:30
NSString,makecakeyframeanimationbyblock,support_only,,,makeCAKeyframeAnimationByBlock,,,JobsByPods/JobsBaseUI@Pods/Support/UIKit/NSString/NSString+Extra/NSString+Extra.h:90; JobsByPods/JobsBaseUI@Pods/Support/UIKit/NSString/NSString+Extra/NSString+Extra.m:104; JobsByPods/JobsByOCPods@Pods/Core/UIKit/NSString/NSString+CAAnimation/NSString+CAAnimation.h:36; JobsByPods/JobsByOCPods@Pods/Core/UIKit/NSString/NSString+CAAnimation/NSString+CAAnimation.m:24
NSString,makecamediatimingfunction,support_only,,,makeCAMediaTimingFunction,,,JobsByPods/JobsBaseUI@Pods/Support/UIKit/NSString/NSString+Extra/NSString+Extra.h:89; JobsByPods/JobsBaseUI@Pods/Support/UIKit/NSString/NSString+Extra/NSString+Extra.m:100; JobsByPods/JobsByOCPods@Pods/Core/UIKit/NSString/NSString+CAAnimation/NSString+CAAnimation.h:34; JobsByPods/JobsByOCPods@Pods/Core/UIKit/NSString/NSString+CAAnimation/NSString+CAAnimation.m:20
NSString,makereachability,support_only,,,makeReachability,,,JobsByPods/JobsByOCPods@Pods/Core/UIKit/NSString/NSString+Reachability/NSString+Reachability.h:23; JobsByPods/JobsByOCPods@Pods/Core/UIKit/NSString/NSString+Reachability/NSString+Reachability.m:12
NSString,makestringarr,support_only,,,makeStringArr,,,JobsByPods/JobsByOCPods@Pods/Core/UIKit/NSString/NSString+FilteringSpecialCharacters/NSString+FilteringSpecialCharacters.m:53
NSString,makewebview,support_only,,,makeWebView,,,JobsByPods/JobsByOCPods@Pods/Core/UIKit/NSString/NSString+WKWebView/NSString+WKWebView.h:52; JobsByPods/JobsByOCPods@Pods/Core/UIKit/NSString/NSString+WKWebView/NSString+WKWebView.m:31
NSString,makewebviewbyjs,support_only,,,makeWebViewByJS,,,JobsByPods/JobsByOCPods@Pods/Core/UIKit/NSString/NSString+WKWebView/NSString+WKWebView.h:54; JobsByPods/JobsByOCPods@Pods/Core/UIKit/NSString/NSString+WKWebView/NSString+WKWebView.m:41
NSString,trimmingcharactersinset,support_only,,,byTrimmingCharactersInSet,,,JobsByPods/JobsBaseUI@Pods/Support/UIKit/NSString/NSString+Extra/NSString+Extra.h:81; JobsByPods/JobsBaseUI@Pods/Support/UIKit/NSString/NSString+Extra/NSString+Extra.m:73; JobsByPods/JobsBaseUI@Pods/Support/UIKit/NSString/NSString+Sys/NSString+Sys.h:47; JobsByPods/JobsBaseUI@Pods/Support/UIKit/NSString/NSString+Sys/NSString+Sys.m:64; JobsByPods/JobsByOCPods@Pods/Core/UIKit/NSString/NSString+Sys/NSString+Sys.h:45; JobsByPods/JobsByOCPods@Pods/Core/UIKit/NSString/NSString+Sys/NSString+Sys.m:64
NSTextAttachment,allowstextattachmentview,swift_only,,byAllowsTextAttachmentView,,,JobsByPods/JobsByUIKit@Pods/iOS.SDK/Others@SDK/NSTextAttachment.swift:70,
NSTextAttachment,bounds,swift_only,,byBounds,,,JobsByPods/JobsByUIKit@Pods/iOS.SDK/Others@SDK/NSTextAttachment.swift:48,
NSTextAttachment,contents,swift_only,,byContents,,,JobsByPods/JobsByUIKit@Pods/iOS.SDK/Others@SDK/NSTextAttachment.swift:26,
NSTextAttachment,filetype,swift_only,,byFileType,,,JobsByPods/JobsByUIKit@Pods/iOS.SDK/Others@SDK/NSTextAttachment.swift:33,
NSTextAttachment,filewrapper,swift_only,,byFileWrapper,,,JobsByPods/JobsByUIKit@Pods/iOS.SDK/Others@SDK/NSTextAttachment.swift:55,
NSTextAttachment,image,swift_only,,byImage,,,JobsByPods/JobsByUIKit@Pods/iOS.SDK/Others@SDK/NSTextAttachment.swift:41,
NSTextAttachment,linelayoutpadding,swift_only,,byLineLayoutPadding,,,JobsByPods/JobsByUIKit@Pods/iOS.SDK/Others@SDK/NSTextAttachment.swift:63,
NSTextAttachment,registerviewproviderclass,swift_only,,byRegisterViewProviderClass,,,JobsByPods/JobsByUIKit@Pods/iOS.SDK/Others@SDK/NSTextAttachment.swift:87,
NSTextAttachment,textattachmentviewproviderclass,swift_only,,byTextAttachmentViewProviderClass,,,JobsByPods/JobsByUIKit@Pods/iOS.SDK/Others@SDK/NSTextAttachment.swift:82,
NSURL,add,support_only,,,add,,,JobsByPods/JobsByOCPods@Pods/Core/UIKit/NSURL/NSURL+Extra/NSURL+Extra.h:54; JobsByPods/JobsByOCPods@Pods/Core/UIKit/NSURL/NSURL+Extra/NSURL+Extra.m:29
NSValue,affinetransform,oc_only,byAffineTransform,,byAffineTransform,JobsByPods/JobsOCDSL@Pods/Support/UIKit/NSValue/NSValue+Extra/NSValue+Extra.h:34; JobsByPods/JobsOCDSL@Pods/Support/UIKit/NSValue/NSValue+Extra/NSValue+Extra.m:42,,JobsByPods/JobsBaseUI@Pods/Support/UIKit/NSValue/NSValue+Extra/NSValue+Extra.h:30; JobsByPods/JobsBaseUI@Pods/Support/UIKit/NSValue/NSValue+Extra/NSValue+Extra.m:42; JobsByPods/JobsByOCPods@Pods/Core/UIKit/NSValue/NSValue+Extra/NSValue+Extra.h:34
NSValue,directionaledgeinsets,oc_only,byDirectionalEdgeInsets,,byDirectionalEdgeInsets,JobsByPods/JobsOCDSL@Pods/Support/UIKit/NSValue/NSValue+Extra/NSValue+Extra.h:36; JobsByPods/JobsOCDSL@Pods/Support/UIKit/NSValue/NSValue+Extra/NSValue+Extra.m:54,,JobsByPods/JobsBaseUI@Pods/Support/UIKit/NSValue/NSValue+Extra/NSValue+Extra.h:32; JobsByPods/JobsBaseUI@Pods/Support/UIKit/NSValue/NSValue+Extra/NSValue+Extra.m:54; JobsByPods/JobsByOCPods@Pods/Core/UIKit/NSValue/NSValue+Extra/NSValue+Extra.h:36
NSValue,edgeinsets,oc_only,byEdgeInsets,,byEdgeInsets,JobsByPods/JobsOCDSL@Pods/Support/UIKit/NSValue/NSValue+Extra/NSValue+Extra.h:35; JobsByPods/JobsOCDSL@Pods/Support/UIKit/NSValue/NSValue+Extra/NSValue+Extra.m:48,,JobsByPods/JobsBaseUI@Pods/Support/UIKit/NSValue/NSValue+Extra/NSValue+Extra.h:31; JobsByPods/JobsBaseUI@Pods/Support/UIKit/NSValue/NSValue+Extra/NSValue+Extra.m:48; JobsByPods/JobsByOCPods@Pods/Core/UIKit/NSValue/NSValue+Extra/NSValue+Extra.h:35
NSValue,offset,oc_only,byOffset,,byOffset,JobsByPods/JobsOCDSL@Pods/Support/UIKit/NSValue/NSValue+Extra/NSValue+Extra.h:37; JobsByPods/JobsOCDSL@Pods/Support/UIKit/NSValue/NSValue+Extra/NSValue+Extra.m:60,,JobsByPods/JobsBaseUI@Pods/Support/UIKit/NSValue/NSValue+Extra/NSValue+Extra.h:33; JobsByPods/JobsBaseUI@Pods/Support/UIKit/NSValue/NSValue+Extra/NSValue+Extra.m:60; JobsByPods/JobsByOCPods@Pods/Core/UIKit/NSValue/NSValue+Extra/NSValue+Extra.h:37
NSValue,point,oc_only,byPoint,,byPoint,JobsByPods/JobsOCDSL@Pods/Support/UIKit/NSValue/NSValue+Extra/NSValue+Extra.h:31; JobsByPods/JobsOCDSL@Pods/Support/UIKit/NSValue/NSValue+Extra/NSValue+Extra.m:24,,JobsByPods/JobsBaseUI@Pods/Support/UIKit/NSValue/NSValue+Extra/NSValue+Extra.h:27; JobsByPods/JobsBaseUI@Pods/Support/UIKit/NSValue/NSValue+Extra/NSValue+Extra.m:24; JobsByPods/JobsByOCPods@Pods/Core/UIKit/NSValue/NSValue+Extra/NSValue+Extra.h:31
NSValue,pointer,oc_only,byPointer,,byPointer,JobsByPods/JobsOCDSL@Pods/Support/UIKit/NSValue/NSValue+Extra/NSValue+Extra.h:30; JobsByPods/JobsOCDSL@Pods/Support/UIKit/NSValue/NSValue+Extra/NSValue+Extra.m:18,,JobsByPods/JobsBaseUI@Pods/Support/UIKit/NSValue/NSValue+Extra/NSValue+Extra.h:26; JobsByPods/JobsBaseUI@Pods/Support/UIKit/NSValue/NSValue+Extra/NSValue+Extra.m:18; JobsByPods/JobsByOCPods@Pods/Core/UIKit/NSValue/NSValue+Extra/NSValue+Extra.h:30
NSValue,rect,oc_only,byRect,,byRect,JobsByPods/JobsOCDSL@Pods/Support/UIKit/NSValue/NSValue+Extra/NSValue+Extra.h:33; JobsByPods/JobsOCDSL@Pods/Support/UIKit/NSValue/NSValue+Extra/NSValue+Extra.m:36,,JobsByPods/JobsBaseUI@Pods/Support/UIKit/NSValue/NSValue+Extra/NSValue+Extra.h:29; JobsByPods/JobsBaseUI@Pods/Support/UIKit/NSValue/NSValue+Extra/NSValue+Extra.m:36; JobsByPods/JobsByOCPods@Pods/Core/UIKit/NSValue/NSValue+Extra/NSValue+Extra.h:33
NSValue,size,oc_only,bySize,,bySize,JobsByPods/JobsOCDSL@Pods/Support/UIKit/NSValue/NSValue+Extra/NSValue+Extra.h:29; JobsByPods/JobsOCDSL@Pods/Support/UIKit/NSValue/NSValue+Extra/NSValue+Extra.m:12,,JobsByPods/JobsBaseUI@Pods/Support/UIKit/NSValue/NSValue+Extra/NSValue+Extra.h:25; JobsByPods/JobsBaseUI@Pods/Support/UIKit/NSValue/NSValue+Extra/NSValue+Extra.m:12; JobsByPods/JobsByOCPods@Pods/Core/UIKit/NSValue/NSValue+Extra/NSValue+Extra.h:29
NSValue,vector,oc_only,byVector,,byVector,JobsByPods/JobsOCDSL@Pods/Support/UIKit/NSValue/NSValue+Extra/NSValue+Extra.h:32; JobsByPods/JobsOCDSL@Pods/Support/UIKit/NSValue/NSValue+Extra/NSValue+Extra.m:30,,JobsByPods/JobsBaseUI@Pods/Support/UIKit/NSValue/NSValue+Extra/NSValue+Extra.h:28; JobsByPods/JobsBaseUI@Pods/Support/UIKit/NSValue/NSValue+Extra/NSValue+Extra.m:30; JobsByPods/JobsByOCPods@Pods/Core/UIKit/NSValue/NSValue+Extra/NSValue+Extra.h:32
NumberFormatter,allowsfloats,swift_only,,byAllowsFloats,,,JobsByPods/JobsSwiftDSL@Pods/UIKit/iOS.SDK/NumberFormatter/NumberFormatter+DSL.swift:80,
NumberFormatter,alwaysshowsdecimalseparator,swift_only,,byAlwaysShowsDecimalSeparator,,,JobsByPods/JobsSwiftDSL@Pods/UIKit/iOS.SDK/NumberFormatter/NumberFormatter+DSL.swift:92,
NumberFormatter,currencycode,swift_only,,byCurrencyCode,,,JobsByPods/JobsSwiftDSL@Pods/UIKit/iOS.SDK/NumberFormatter/NumberFormatter+DSL.swift:322,
NumberFormatter,currencydecimalseparator,swift_only,,byCurrencyDecimalSeparator,,,JobsByPods/JobsSwiftDSL@Pods/UIKit/iOS.SDK/NumberFormatter/NumberFormatter+DSL.swift:98,
NumberFormatter,currencygroupingseparator,swift_only,,byCurrencyGroupingSeparator,,,JobsByPods/JobsSwiftDSL@Pods/UIKit/iOS.SDK/NumberFormatter/NumberFormatter+DSL.swift:136,
NumberFormatter,currencysymbol,swift_only,,byCurrencySymbol,,,JobsByPods/JobsSwiftDSL@Pods/UIKit/iOS.SDK/NumberFormatter/NumberFormatter+DSL.swift:328,
NumberFormatter,decimalseparator,swift_only,,byDecimalSeparator,,,JobsByPods/JobsSwiftDSL@Pods/UIKit/iOS.SDK/NumberFormatter/NumberFormatter+DSL.swift:86,
NumberFormatter,exponentsymbol,swift_only,,byExponentSymbol,,,JobsByPods/JobsSwiftDSL@Pods/UIKit/iOS.SDK/NumberFormatter/NumberFormatter+DSL.swift:364,
NumberFormatter,formatterbehavior,swift_only,,byFormatterBehavior,,,JobsByPods/JobsSwiftDSL@Pods/UIKit/iOS.SDK/NumberFormatter/NumberFormatter+DSL.swift:27,
NumberFormatter,formattingcontext,swift_only,,byFormattingContext,,,JobsByPods/JobsSwiftDSL@Pods/UIKit/iOS.SDK/NumberFormatter/NumberFormatter+DSL.swift:15,
NumberFormatter,formatwidth,swift_only,,byFormatWidth,,,JobsByPods/JobsSwiftDSL@Pods/UIKit/iOS.SDK/NumberFormatter/NumberFormatter+DSL.swift:178,
NumberFormatter,generatesdecimalnumbers,swift_only,,byGeneratesDecimalNumbers,,,JobsByPods/JobsSwiftDSL@Pods/UIKit/iOS.SDK/NumberFormatter/NumberFormatter+DSL.swift:21,
NumberFormatter,groupingseparator,swift_only,,byGroupingSeparator,,,JobsByPods/JobsSwiftDSL@Pods/UIKit/iOS.SDK/NumberFormatter/NumberFormatter+DSL.swift:110,
NumberFormatter,groupingsize,swift_only,,byGroupingSize,,,JobsByPods/JobsSwiftDSL@Pods/UIKit/iOS.SDK/NumberFormatter/NumberFormatter+DSL.swift:116,
NumberFormatter,internationalcurrencysymbol,swift_only,,byInternationalCurrencySymbol,,,JobsByPods/JobsSwiftDSL@Pods/UIKit/iOS.SDK/NumberFormatter/NumberFormatter+DSL.swift:334,
NumberFormatter,lenient,swift_only,,byLenient,,,JobsByPods/JobsSwiftDSL@Pods/UIKit/iOS.SDK/NumberFormatter/NumberFormatter+DSL.swift:34,
NumberFormatter,locale,swift_only,,byLocale,,,JobsByPods/JobsSwiftDSL@Pods/UIKit/iOS.SDK/NumberFormatter/NumberFormatter+DSL.swift:74,
NumberFormatter,make,swift_only,,make,,,JobsByPods/JobsByUIKit@Pods/iOS.SDK/NumberFormatter/NumberFormatter.swift:14,
NumberFormatter,maximum,swift_only,,byMaximum,,,JobsByPods/JobsSwiftDSL@Pods/UIKit/iOS.SDK/NumberFormatter/NumberFormatter+DSL.swift:172,
NumberFormatter,maximumfractiondigits,swift_only,,byMaximumFractionDigits,,,JobsByPods/JobsSwiftDSL@Pods/UIKit/iOS.SDK/NumberFormatter/NumberFormatter+DSL.swift:160,
NumberFormatter,maximumintegerdigits,swift_only,,byMaximumIntegerDigits,,,JobsByPods/JobsSwiftDSL@Pods/UIKit/iOS.SDK/NumberFormatter/NumberFormatter+DSL.swift:148,
NumberFormatter,maximumsignificantdigits,swift_only,,byMaximumSignificantDigits,,,JobsByPods/JobsSwiftDSL@Pods/UIKit/iOS.SDK/NumberFormatter/NumberFormatter+DSL.swift:55,
NumberFormatter,minimum,swift_only,,byMinimum,,,JobsByPods/JobsSwiftDSL@Pods/UIKit/iOS.SDK/NumberFormatter/NumberFormatter+DSL.swift:166,
NumberFormatter,minimumfractiondigits,swift_only,,byMinimumFractionDigits,,,JobsByPods/JobsSwiftDSL@Pods/UIKit/iOS.SDK/NumberFormatter/NumberFormatter+DSL.swift:154,
NumberFormatter,minimumgroupingdigits,swift_only,,byMinimumGroupingDigits,,,JobsByPods/JobsSwiftDSL@Pods/UIKit/iOS.SDK/NumberFormatter/NumberFormatter+DSL.swift:129,
NumberFormatter,minimumintegerdigits,swift_only,,byMinimumIntegerDigits,,,JobsByPods/JobsSwiftDSL@Pods/UIKit/iOS.SDK/NumberFormatter/NumberFormatter+DSL.swift:142,
NumberFormatter,minimumsignificantdigits,swift_only,,byMinimumSignificantDigits,,,JobsByPods/JobsSwiftDSL@Pods/UIKit/iOS.SDK/NumberFormatter/NumberFormatter+DSL.swift:48,
NumberFormatter,minussign,swift_only,,byMinusSign,,,JobsByPods/JobsSwiftDSL@Pods/UIKit/iOS.SDK/NumberFormatter/NumberFormatter+DSL.swift:352,
NumberFormatter,multiplier,swift_only,,byMultiplier,,,JobsByPods/JobsSwiftDSL@Pods/UIKit/iOS.SDK/NumberFormatter/NumberFormatter+DSL.swift:208,
NumberFormatter,negativeformat,swift_only,,byNegativeFormat,,,JobsByPods/JobsSwiftDSL@Pods/UIKit/iOS.SDK/NumberFormatter/NumberFormatter+DSL.swift:274,
NumberFormatter,negativeinfinitysymbol,swift_only,,byNegativeInfinitySymbol,,,JobsByPods/JobsSwiftDSL@Pods/UIKit/iOS.SDK/NumberFormatter/NumberFormatter+DSL.swift:262,
NumberFormatter,negativeprefix,swift_only,,byNegativePrefix,,,JobsByPods/JobsSwiftDSL@Pods/UIKit/iOS.SDK/NumberFormatter/NumberFormatter+DSL.swift:310,
NumberFormatter,negativesuffix,swift_only,,byNegativeSuffix,,,JobsByPods/JobsSwiftDSL@Pods/UIKit/iOS.SDK/NumberFormatter/NumberFormatter+DSL.swift:316,
NumberFormatter,nilsymbol,swift_only,,byNilSymbol,,,JobsByPods/JobsSwiftDSL@Pods/UIKit/iOS.SDK/NumberFormatter/NumberFormatter+DSL.swift:226,
NumberFormatter,notanumbersymbol,swift_only,,byNotANumberSymbol,,,JobsByPods/JobsSwiftDSL@Pods/UIKit/iOS.SDK/NumberFormatter/NumberFormatter+DSL.swift:238,
NumberFormatter,numberstyle,swift_only,,byNumberStyle,,,JobsByPods/JobsSwiftDSL@Pods/UIKit/iOS.SDK/NumberFormatter/NumberFormatter+DSL.swift:68,
NumberFormatter,paddingcharacter,swift_only,,byPaddingCharacter,,,JobsByPods/JobsSwiftDSL@Pods/UIKit/iOS.SDK/NumberFormatter/NumberFormatter+DSL.swift:184,
NumberFormatter,paddingposition,swift_only,,byPaddingPosition,,,JobsByPods/JobsSwiftDSL@Pods/UIKit/iOS.SDK/NumberFormatter/NumberFormatter+DSL.swift:190,
NumberFormatter,partialstringvalidationenabled,swift_only,,byPartialStringValidationEnabled,,,JobsByPods/JobsSwiftDSL@Pods/UIKit/iOS.SDK/NumberFormatter/NumberFormatter+DSL.swift:62,
NumberFormatter,percentsymbol,swift_only,,byPercentSymbol,,,JobsByPods/JobsSwiftDSL@Pods/UIKit/iOS.SDK/NumberFormatter/NumberFormatter+DSL.swift:340,
NumberFormatter,permillsymbol,swift_only,,byPerMillSymbol,,,JobsByPods/JobsSwiftDSL@Pods/UIKit/iOS.SDK/NumberFormatter/NumberFormatter+DSL.swift:346,
NumberFormatter,plussign,swift_only,,byPlusSign,,,JobsByPods/JobsSwiftDSL@Pods/UIKit/iOS.SDK/NumberFormatter/NumberFormatter+DSL.swift:358,
NumberFormatter,positiveformat,swift_only,,byPositiveFormat,,,JobsByPods/JobsSwiftDSL@Pods/UIKit/iOS.SDK/NumberFormatter/NumberFormatter+DSL.swift:286,
NumberFormatter,positiveinfinitysymbol,swift_only,,byPositiveInfinitySymbol,,,JobsByPods/JobsSwiftDSL@Pods/UIKit/iOS.SDK/NumberFormatter/NumberFormatter+DSL.swift:250,
NumberFormatter,positiveprefix,swift_only,,byPositivePrefix,,,JobsByPods/JobsSwiftDSL@Pods/UIKit/iOS.SDK/NumberFormatter/NumberFormatter+DSL.swift:298,
NumberFormatter,positivesuffix,swift_only,,byPositiveSuffix,,,JobsByPods/JobsSwiftDSL@Pods/UIKit/iOS.SDK/NumberFormatter/NumberFormatter+DSL.swift:304,
NumberFormatter,roundingincrement,swift_only,,byRoundingIncrement,,,JobsByPods/JobsSwiftDSL@Pods/UIKit/iOS.SDK/NumberFormatter/NumberFormatter+DSL.swift:202,
NumberFormatter,roundingmode,swift_only,,byRoundingMode,,,JobsByPods/JobsSwiftDSL@Pods/UIKit/iOS.SDK/NumberFormatter/NumberFormatter+DSL.swift:196,
NumberFormatter,secondarygroupingsize,swift_only,,bySecondaryGroupingSize,,,JobsByPods/JobsSwiftDSL@Pods/UIKit/iOS.SDK/NumberFormatter/NumberFormatter+DSL.swift:122,
NumberFormatter,textattributesfornegativeinfinity,swift_only,,byTextAttributesForNegativeInfinity,,,JobsByPods/JobsSwiftDSL@Pods/UIKit/iOS.SDK/NumberFormatter/NumberFormatter+DSL.swift:268,
NumberFormatter,textattributesfornegativevalues,swift_only,,byTextAttributesForNegativeValues,,,JobsByPods/JobsSwiftDSL@Pods/UIKit/iOS.SDK/NumberFormatter/NumberFormatter+DSL.swift:280,
NumberFormatter,textattributesfornil,swift_only,,byTextAttributesForNil,,,JobsByPods/JobsSwiftDSL@Pods/UIKit/iOS.SDK/NumberFormatter/NumberFormatter+DSL.swift:232,
NumberFormatter,textattributesfornotanumber,swift_only,,byTextAttributesForNotANumber,,,JobsByPods/JobsSwiftDSL@Pods/UIKit/iOS.SDK/NumberFormatter/NumberFormatter+DSL.swift:244,
NumberFormatter,textattributesforpositiveinfinity,swift_only,,byTextAttributesForPositiveInfinity,,,JobsByPods/JobsSwiftDSL@Pods/UIKit/iOS.SDK/NumberFormatter/NumberFormatter+DSL.swift:256,
NumberFormatter,textattributesforpositivevalues,swift_only,,byTextAttributesForPositiveValues,,,JobsByPods/JobsSwiftDSL@Pods/UIKit/iOS.SDK/NumberFormatter/NumberFormatter+DSL.swift:292,
NumberFormatter,textattributesforzero,swift_only,,byTextAttributesForZero,,,JobsByPods/JobsSwiftDSL@Pods/UIKit/iOS.SDK/NumberFormatter/NumberFormatter+DSL.swift:220,
NumberFormatter,usesgroupingseparator,swift_only,,byUsesGroupingSeparator,,,JobsByPods/JobsSwiftDSL@Pods/UIKit/iOS.SDK/NumberFormatter/NumberFormatter+DSL.swift:104,
NumberFormatter,usessignificantdigits,swift_only,,byUsesSignificantDigits,,,JobsByPods/JobsSwiftDSL@Pods/UIKit/iOS.SDK/NumberFormatter/NumberFormatter+DSL.swift:41,
NumberFormatter,zerosymbol,swift_only,,byZeroSymbol,,,JobsByPods/JobsSwiftDSL@Pods/UIKit/iOS.SDK/NumberFormatter/NumberFormatter+DSL.swift:214,
PDFDocument,url,support_only,,,byURL,,,JobsByPods/JobsByOCPods@Pods/Core/UIKit/PDFDocument/PDFDocument+Extra/PDFDocument+Extra.h:29; JobsByPods/JobsByOCPods@Pods/Core/UIKit/PDFDocument/PDFDocument+Extra/PDFDocument+Extra.m:12
PHAssetCollectionChangeRequest,add,support_only,,,add,,,JobsByPods/JobsByOCPods@Pods/Core/UIKit/PHAssetCollectionChangeRequest/PHAssetCollectionChangeRequest+Extra/PHAssetCollectionChangeRequest+Extra.h:33; JobsByPods/JobsByOCPods@Pods/Core/UIKit/PHAssetCollectionChangeRequest/PHAssetCollectionChangeRequest+Extra/PHAssetCollectionChangeRequest+Extra.m:25
PHPickerViewController,target,swift_only,,byTarget,,,JobsByPods/JobsByUIKit@Pods/iOS.SDK/PHPickerViewController/PHPickerViewController.swift:21,
RTBadgeConfig,backgroundcolor,swift_only,,byBackgroundColor,,,JobsByPods/JobsByUIKit@Pods/iOS.SDK/UIView/UIView+右上角角标.swift:61,
RTBadgeConfig,border,swift_only,,byBorder,,,JobsByPods/JobsByUIKit@Pods/iOS.SDK/UIView/UIView+右上角角标.swift:81,
RTBadgeConfig,colornerradius,swift_only,,byCornerRadius,,,JobsByPods/JobsByUIKit@Pods/iOS.SDK/UIView/UIView+右上角角标.swift:76,
RTBadgeConfig,font,swift_only,,byFont,,,JobsByPods/JobsByUIKit@Pods/iOS.SDK/UIView/UIView+右上角角标.swift:71,
RTBadgeConfig,inset,swift_only,,byInset,,,JobsByPods/JobsByUIKit@Pods/iOS.SDK/UIView/UIView+右上角角标.swift:56,
RTBadgeConfig,insets,swift_only,,byInsets,,,JobsByPods/JobsByUIKit@Pods/iOS.SDK/UIView/UIView+右上角角标.swift:51,
RTBadgeConfig,maxwidth,swift_only,,byMaxWidth,,,JobsByPods/JobsByUIKit@Pods/iOS.SDK/UIView/UIView+右上角角标.swift:86,
RTBadgeConfig,offset,swift_only,,byOffset,,,JobsByPods/JobsByUIKit@Pods/iOS.SDK/UIView/UIView+右上角角标.swift:46,
RTBadgeConfig,shadowcolor,swift_only,,byShadowColor,,,JobsByPods/JobsByUIKit@Pods/iOS.SDK/UIView/UIView+右上角角标.swift:96,
RTBadgeConfig,shadowoffset,swift_only,,byShadowOffset,,,JobsByPods/JobsByUIKit@Pods/iOS.SDK/UIView/UIView+右上角角标.swift:111,
RTBadgeConfig,shadowopacity,swift_only,,byShadowOpacity,,,JobsByPods/JobsByUIKit@Pods/iOS.SDK/UIView/UIView+右上角角标.swift:106,
RTBadgeConfig,shadowradius,swift_only,,byShadowRadius,,,JobsByPods/JobsByUIKit@Pods/iOS.SDK/UIView/UIView+右上角角标.swift:101,
RTBadgeConfig,textcolor,swift_only,,byTextColor,,,JobsByPods/JobsByUIKit@Pods/iOS.SDK/UIView/UIView+右上角角标.swift:66,
RTBadgeConfig,zindex,swift_only,,byZIndex,,,JobsByPods/JobsByUIKit@Pods/iOS.SDK/UIView/UIView+右上角角标.swift:91,
String,add,swift_only,,add,,,JobsByPods/JobsByUIKit@Pods/iOS.SDK/String/String+通用工具.swift:22,
String,addinplace,swift_only,,addInPlace,,,JobsByPods/JobsByUIKit@Pods/iOS.SDK/String/String+通用工具.swift:27,
String,makeurl,swift_only,,makeURL,,,JobsByPods/JobsByUIKit@Pods/iOS.SDK/String/String+通用工具.swift:80,
UIActivityIndicatorView,activityindicatorview,oc_only,byActivityIndicatorView,,,JobsByPods/JobsOCDSL@Pods/Core/UIKit/UIActivityIndicatorView+DSLs/UIActivityIndicatorView+DSL/UIActivityIndicatorView+DSL.h:23; JobsByPods/JobsOCDSL@Pods/Core/UIKit/UIActivityIndicatorView+DSLs/UIActivityIndicatorView+DSL/UIActivityIndicatorView+DSL.m:8,,
UIActivityIndicatorView,activityindicatorviewstyle,oc_only,byActivityIndicatorViewStyle,,,JobsByPods/JobsOCDSL@Pods/Core/UIKit/UIActivityIndicatorView+DSLs/UIActivityIndicatorView+DSL/UIActivityIndicatorView+DSL.h:25; JobsByPods/JobsOCDSL@Pods/Core/UIKit/UIActivityIndicatorView+DSLs/UIActivityIndicatorView+DSL/UIActivityIndicatorView+DSL.m:20,,
UIActivityIndicatorView,activityindicatorviewwithstyle,oc_only,byActivityIndicatorViewWithStyle,,,JobsByPods/JobsOCDSL@Pods/Core/UIKit/UIActivityIndicatorView+DSLs/UIActivityIndicatorView+DSL/UIActivityIndicatorView+DSL.h:24; JobsByPods/JobsOCDSL@Pods/Core/UIKit/UIActivityIndicatorView+DSLs/UIActivityIndicatorView+DSL/UIActivityIndicatorView+DSL.m:14,,
UIActivityIndicatorView,color,aligned,byColor,byColor,,JobsByPods/JobsOCDSL@Pods/Core/UIKit/UIActivityIndicatorView+DSLs/UIActivityIndicatorView+DSL/UIActivityIndicatorView+DSL.h:26; JobsByPods/JobsOCDSL@Pods/Core/UIKit/UIActivityIndicatorView+DSLs/UIActivityIndicatorView+DSL/UIActivityIndicatorView+DSL.m:29,JobsByPods/JobsSwiftDSL@Pods/UIKit/iOS.SDK/UIActivityIndicatorView/UIActivityIndicatorView+DSL.swift:24; JobsByPods/JobsSwiftDSL@Pods/UIKit/iOS.SDK/UIActivityIndicatorView/UIActivityIndicatorView+DSL.swift:45,
UIActivityIndicatorView,hideswhenstopped,aligned,byHidesWhenStopped,byHidesWhenStopped,,JobsByPods/JobsOCDSL@Pods/Core/UIKit/UIActivityIndicatorView+DSLs/UIActivityIndicatorView+DSL/UIActivityIndicatorView+DSL.h:27; JobsByPods/JobsOCDSL@Pods/Core/UIKit/UIActivityIndicatorView+DSLs/UIActivityIndicatorView+DSL/UIActivityIndicatorView+DSL.m:38,JobsByPods/JobsSwiftDSL@Pods/UIKit/iOS.SDK/UIActivityIndicatorView/UIActivityIndicatorView+DSL.swift:30; JobsByPods/JobsSwiftDSL@Pods/UIKit/iOS.SDK/UIActivityIndicatorView/UIActivityIndicatorView+DSL.swift:51,
UIActivityIndicatorView,start,swift_only,,start,,,JobsByPods/JobsSwiftDSL@Pods/UIKit/iOS.SDK/UIActivityIndicatorView/UIActivityIndicatorView+DSL.swift:60,
UIActivityIndicatorView,startanimating,oc_only,byStartAnimating,,,JobsByPods/JobsOCDSL@Pods/Core/UIKit/UIActivityIndicatorView+DSLs/UIActivityIndicatorView+DSL/UIActivityIndicatorView+DSL.h:28; JobsByPods/JobsOCDSL@Pods/Core/UIKit/UIActivityIndicatorView+DSLs/UIActivityIndicatorView+DSL/UIActivityIndicatorView+DSL.m:47,,
UIActivityIndicatorView,stop,swift_only,,stop,,,JobsByPods/JobsSwiftDSL@Pods/UIKit/iOS.SDK/UIActivityIndicatorView/UIActivityIndicatorView+DSL.swift:66,
UIActivityIndicatorView,stopanimating,oc_only,byStopAnimating,,,JobsByPods/JobsOCDSL@Pods/Core/UIKit/UIActivityIndicatorView+DSLs/UIActivityIndicatorView+DSL/UIActivityIndicatorView+DSL.h:29; JobsByPods/JobsOCDSL@Pods/Core/UIKit/UIActivityIndicatorView+DSLs/UIActivityIndicatorView+DSL/UIActivityIndicatorView+DSL.m:56,,
UIActivityIndicatorView,style,swift_only,,byStyle,,,JobsByPods/JobsSwiftDSL@Pods/UIKit/iOS.SDK/UIActivityIndicatorView/UIActivityIndicatorView+DSL.swift:18; JobsByPods/JobsSwiftDSL@Pods/UIKit/iOS.SDK/UIActivityIndicatorView/UIActivityIndicatorView+DSL.swift:39,
UIAlertAction,enabled,swift_only,,byEnabled,,,JobsByPods/JobsByUIKit@Pods/iOS.SDK/Others@SDK/UIAlertAction.swift:19,
UIAlertAction,ontap,swift_only,,onTap,,,JobsByPods/JobsByUIKit@Pods/iOS.SDK/Others@SDK/UIAlertAction.swift:32,
UIAlertController,add,support_only,,,add,,,JobsByPods/JobsByOCPods@Pods/Core/UIKit/UIAlertController/UIAlertController+Extra/UIAlertController+Extra.h:35; JobsByPods/JobsByOCPods@Pods/Core/UIKit/UIAlertController/UIAlertController+Extra/UIAlertController+Extra.m:12
UIAlertController,addtextfield,swift_only,,byAddTextField,,,JobsByPods/JobsByUIKit@Pods/iOS.SDK/Others@SDK/UIAlertController.swift:148,
UIAlertController,anchor,swift_only,,byAnchor,,,JobsByPods/JobsByUIKit@Pods/iOS.SDK/Others@SDK/UIAlertController.swift:254,
UIAlertController,message,swift_only,,byMessage,,,JobsByPods/JobsByUIKit@Pods/iOS.SDK/Others@SDK/UIAlertController.swift:47,
UIAlertController,preferredaction,swift_only,,byPreferredAction,,,JobsByPods/JobsByUIKit@Pods/iOS.SDK/Others@SDK/UIAlertController.swift:133,
UIAlertController,preferredactiontitle,swift_only,,byPreferredActionTitle,,,JobsByPods/JobsByUIKit@Pods/iOS.SDK/Others@SDK/UIAlertController.swift:139,
UIAlertController,severity,swift_only,,bySeverity,,,JobsByPods/JobsByUIKit@Pods/iOS.SDK/Others@SDK/UIAlertController.swift:54,
UIAlertController,tintcolor,swift_only,,byTintColor,,,JobsByPods/JobsByUIKit@Pods/iOS.SDK/Others@SDK/UIAlertController.swift:60,
UIBackgroundConfiguration,backgroundcolor,aligned,byBackgroundColor,byBackgroundColor,byBackgroundColor,JobsByPods/JobsOCDSL@Pods/Core/UIKit/UIBackgroundConfiguration+DSLs/UIBackgroundConfiguration+DSL/UIBackgroundConfiguration+DSL.h:33; JobsByPods/JobsOCDSL@Pods/Core/UIKit/UIBackgroundConfiguration+DSLs/UIBackgroundConfiguration+DSL/UIBackgroundConfiguration+DSL.m:21,JobsByPods/JobsSwiftDSL@Pods/UIKit/iOS.SDK/UIButtonConfiguration/UIBackgroundConfiguration.swift:90,JobsByPods/JobsBaseUI@Pods/Support/UIKit/UIBackgroundConfiguration/UIBackgroundConfiguration+Extra/UIBackgroundConfiguration+Extra.m:12; JobsByPods/JobsByOCPods@Pods/Core/UIKit/UIBackgroundConfiguration/UIBackgroundConfiguration+Extra/UIBackgroundConfiguration+Extra.m:12
UIBackgroundConfiguration,backgroundcolortransformer,aligned,byBackgroundColorTransformer,byBackgroundColorTransformer,byBackgroundColorTransformer,JobsByPods/JobsOCDSL@Pods/Core/UIKit/UIBackgroundConfiguration+DSLs/UIBackgroundConfiguration+DSL/UIBackgroundConfiguration+DSL.h:34; JobsByPods/JobsOCDSL@Pods/Core/UIKit/UIBackgroundConfiguration+DSLs/UIBackgroundConfiguration+DSL/UIBackgroundConfiguration+DSL.m:30,JobsByPods/JobsSwiftDSL@Pods/UIKit/iOS.SDK/UIButtonConfiguration/UIBackgroundConfiguration.swift:98,JobsByPods/JobsBaseUI@Pods/Support/UIKit/UIBackgroundConfiguration/UIBackgroundConfiguration+Extra/UIBackgroundConfiguration+Extra.m:114; JobsByPods/JobsByOCPods@Pods/Core/UIKit/UIBackgroundConfiguration/UIBackgroundConfiguration+Extra/UIBackgroundConfiguration+Extra.m:114
UIBackgroundConfiguration,backgroundinsets,aligned,byBackgroundInsets,byBackgroundInsets,byBackgroundInsets,JobsByPods/JobsOCDSL@Pods/Core/UIKit/UIBackgroundConfiguration+DSLs/UIBackgroundConfiguration+DSL/UIBackgroundConfiguration+DSL.h:38; JobsByPods/JobsOCDSL@Pods/Core/UIKit/UIBackgroundConfiguration+DSLs/UIBackgroundConfiguration+DSL/UIBackgroundConfiguration+DSL.m:57,JobsByPods/JobsSwiftDSL@Pods/UIKit/iOS.SDK/UIButtonConfiguration/UIBackgroundConfiguration.swift:74,JobsByPods/JobsBaseUI@Pods/Support/UIKit/UIBackgroundConfiguration/UIBackgroundConfiguration+Extra/UIBackgroundConfiguration+Extra.m:31; JobsByPods/JobsByOCPods@Pods/Core/UIKit/UIBackgroundConfiguration/UIBackgroundConfiguration+Extra/UIBackgroundConfiguration+Extra.m:31
UIBackgroundConfiguration,by,swift_only,,by,,,JobsByPods/JobsSwiftDSL@Pods/UIKit/iOS.SDK/UIButtonConfiguration/UIBackgroundConfiguration.swift:181,
UIBackgroundConfiguration,clear,swift_only,,byClear,,,JobsByPods/JobsSwiftDSL@Pods/UIKit/iOS.SDK/UIButtonConfiguration/UIBackgroundConfiguration.swift:19,
UIBackgroundConfiguration,colornerradius,aligned,byCornerRadius,byCornerRadius,byCornerRadius,JobsByPods/JobsOCDSL@Pods/Core/UIKit/UIBackgroundConfiguration+DSLs/UIBackgroundConfiguration+DSL/UIBackgroundConfiguration+DSL.h:37; JobsByPods/JobsOCDSL@Pods/Core/UIKit/UIBackgroundConfiguration+DSLs/UIBackgroundConfiguration+DSL/UIBackgroundConfiguration+DSL.m:48,JobsByPods/JobsSwiftDSL@Pods/UIKit/iOS.SDK/UIButtonConfiguration/UIBackgroundConfiguration.swift:66,JobsByPods/JobsBaseUI@Pods/Support/UIKit/UIBackgroundConfiguration/UIBackgroundConfiguration+Extra/UIBackgroundConfiguration+Extra.m:22; JobsByPods/JobsByOCPods@Pods/Core/UIKit/UIBackgroundConfiguration/UIBackgroundConfiguration+Extra/UIBackgroundConfiguration+Extra.m:22
UIBackgroundConfiguration,customview,aligned,byCustomView,byCustomView,byCustomView,JobsByPods/JobsOCDSL@Pods/Core/UIKit/UIBackgroundConfiguration+DSLs/UIBackgroundConfiguration+DSL/UIBackgroundConfiguration+DSL.h:31; JobsByPods/JobsOCDSL@Pods/Core/UIKit/UIBackgroundConfiguration+DSLs/UIBackgroundConfiguration+DSL/UIBackgroundConfiguration+DSL.m:12,JobsByPods/JobsSwiftDSL@Pods/UIKit/iOS.SDK/UIButtonConfiguration/UIBackgroundConfiguration.swift:58,JobsByPods/JobsBaseUI@Pods/Support/UIKit/UIBackgroundConfiguration/UIBackgroundConfiguration+Extra/UIBackgroundConfiguration+Extra.m:40; JobsByPods/JobsByOCPods@Pods/Core/UIKit/UIBackgroundConfiguration/UIBackgroundConfiguration+Extra/UIBackgroundConfiguration+Extra.m:40
UIBackgroundConfiguration,edgesaddinglayoutmargins,oc_only,byEdgesAddingLayoutMargins,,,JobsByPods/JobsOCDSL@Pods/Core/UIKit/UIBackgroundConfiguration+DSLs/UIBackgroundConfiguration+DSL/UIBackgroundConfiguration+DSL.h:39; JobsByPods/JobsOCDSL@Pods/Core/UIKit/UIBackgroundConfiguration+DSLs/UIBackgroundConfiguration+DSL/UIBackgroundConfiguration+DSL.m:66,,
UIBackgroundConfiguration,edgesaddinglayoutmarginstobackgroundinsets,aligned,byEdgesAddingLayoutMarginsToBackgroundInsets,byEdgesAddingLayoutMarginsToBackgroundInsets,byEdgesAddingLayoutMarginsToBackgroundInsets,JobsByPods/JobsOCDSL@Pods/Core/UIKit/UIBackgroundConfiguration+DSLs/UIBackgroundConfiguration+DSL/UIBackgroundConfiguration+DSL.h:40; JobsByPods/JobsOCDSL@Pods/Core/UIKit/UIBackgroundConfiguration+DSLs/UIBackgroundConfiguration+DSL/UIBackgroundConfiguration+DSL.m:75,JobsByPods/JobsSwiftDSL@Pods/UIKit/iOS.SDK/UIButtonConfiguration/UIBackgroundConfiguration.swift:82,JobsByPods/JobsBaseUI@Pods/Support/UIKit/UIBackgroundConfiguration/UIBackgroundConfiguration+Extra/UIBackgroundConfiguration+Extra.m:96; JobsByPods/JobsByOCPods@Pods/Core/UIKit/UIBackgroundConfiguration/UIBackgroundConfiguration+Extra/UIBackgroundConfiguration+Extra.m:96
UIBackgroundConfiguration,image,aligned,byImage,byImage,byImage,JobsByPods/JobsOCDSL@Pods/Core/UIKit/UIBackgroundConfiguration+DSLs/UIBackgroundConfiguration+DSL/UIBackgroundConfiguration+DSL.h:47; JobsByPods/JobsOCDSL@Pods/Core/UIKit/UIBackgroundConfiguration+DSLs/UIBackgroundConfiguration+DSL/UIBackgroundConfiguration+DSL.m:115,JobsByPods/JobsSwiftDSL@Pods/UIKit/iOS.SDK/UIButtonConfiguration/UIBackgroundConfiguration.swift:115,JobsByPods/JobsBaseUI@Pods/Support/UIKit/UIBackgroundConfiguration/UIBackgroundConfiguration+Extra/UIBackgroundConfiguration+Extra.m:67; JobsByPods/JobsByOCPods@Pods/Core/UIKit/UIBackgroundConfiguration/UIBackgroundConfiguration+Extra/UIBackgroundConfiguration+Extra.m:67
UIBackgroundConfiguration,imagecontentmode,aligned,byImageContentMode,byImageContentMode,byImageContentMode,JobsByPods/JobsOCDSL@Pods/Core/UIKit/UIBackgroundConfiguration+DSLs/UIBackgroundConfiguration+DSL/UIBackgroundConfiguration+DSL.h:48; JobsByPods/JobsOCDSL@Pods/Core/UIKit/UIBackgroundConfiguration+DSLs/UIBackgroundConfiguration+DSL/UIBackgroundConfiguration+DSL.m:124,JobsByPods/JobsSwiftDSL@Pods/UIKit/iOS.SDK/UIButtonConfiguration/UIBackgroundConfiguration.swift:124,JobsByPods/JobsBaseUI@Pods/Support/UIKit/UIBackgroundConfiguration/UIBackgroundConfiguration+Extra/UIBackgroundConfiguration+Extra.m:77; JobsByPods/JobsByOCPods@Pods/Core/UIKit/UIBackgroundConfiguration/UIBackgroundConfiguration+Extra/UIBackgroundConfiguration+Extra.m:77
UIBackgroundConfiguration,listaccompaniedsidebarcell,swift_only,,byListAccompaniedSidebarCell,,,JobsByPods/JobsSwiftDSL@Pods/UIKit/iOS.SDK/UIButtonConfiguration/UIBackgroundConfiguration.swift:46,
UIBackgroundConfiguration,listcell,swift_only,,byListCell,,,JobsByPods/JobsSwiftDSL@Pods/UIKit/iOS.SDK/UIButtonConfiguration/UIBackgroundConfiguration.swift:26,
UIBackgroundConfiguration,listfooter,swift_only,,byListFooter,,,JobsByPods/JobsSwiftDSL@Pods/UIKit/iOS.SDK/UIButtonConfiguration/UIBackgroundConfiguration.swift:40,
UIBackgroundConfiguration,listheader,swift_only,,byListHeader,,,JobsByPods/JobsSwiftDSL@Pods/UIKit/iOS.SDK/UIButtonConfiguration/UIBackgroundConfiguration.swift:33,
UIBackgroundConfiguration,shadowopacity,support_only,,,byShadowOpacity,,,JobsByPods/JobsBaseUI@Pods/Support/UIKit/UIBackgroundConfiguration/UIBackgroundConfiguration+Extra/UIBackgroundConfiguration+Extra.m:133; JobsByPods/JobsByOCPods@Pods/Core/UIKit/UIBackgroundConfiguration/UIBackgroundConfiguration+Extra/UIBackgroundConfiguration+Extra.m:133
UIBackgroundConfiguration,shadowproperties,swift_only,,byShadowProperties,,,JobsByPods/JobsSwiftDSL@Pods/UIKit/iOS.SDK/UIButtonConfiguration/UIBackgroundConfiguration.swift:165,
UIBackgroundConfiguration,strokecolor,aligned,byStrokeColor,byStrokeColor,byStrokeColor,JobsByPods/JobsOCDSL@Pods/Core/UIKit/UIBackgroundConfiguration+DSLs/UIBackgroundConfiguration+DSL/UIBackgroundConfiguration+DSL.h:42; JobsByPods/JobsOCDSL@Pods/Core/UIKit/UIBackgroundConfiguration+DSLs/UIBackgroundConfiguration+DSL/UIBackgroundConfiguration+DSL.m:79,JobsByPods/JobsSwiftDSL@Pods/UIKit/iOS.SDK/UIButtonConfiguration/UIBackgroundConfiguration.swift:132,JobsByPods/JobsBaseUI@Pods/Support/UIKit/UIBackgroundConfiguration/UIBackgroundConfiguration+Extra/UIBackgroundConfiguration+Extra.m:49; JobsByPods/JobsByOCPods@Pods/Core/UIKit/UIBackgroundConfiguration/UIBackgroundConfiguration+Extra/UIBackgroundConfiguration+Extra.m:49
UIBackgroundConfiguration,strokecolortransformer,aligned,byStrokeColorTransformer,byStrokeColorTransformer,byStrokeColorTransformer,JobsByPods/JobsOCDSL@Pods/Core/UIKit/UIBackgroundConfiguration+DSLs/UIBackgroundConfiguration+DSL/UIBackgroundConfiguration+DSL.h:43; JobsByPods/JobsOCDSL@Pods/Core/UIKit/UIBackgroundConfiguration+DSLs/UIBackgroundConfiguration+DSL/UIBackgroundConfiguration+DSL.m:88,JobsByPods/JobsSwiftDSL@Pods/UIKit/iOS.SDK/UIButtonConfiguration/UIBackgroundConfiguration.swift:140,JobsByPods/JobsBaseUI@Pods/Support/UIKit/UIBackgroundConfiguration/UIBackgroundConfiguration+Extra/UIBackgroundConfiguration+Extra.m:123; JobsByPods/JobsByOCPods@Pods/Core/UIKit/UIBackgroundConfiguration/UIBackgroundConfiguration+Extra/UIBackgroundConfiguration+Extra.m:123
UIBackgroundConfiguration,strokeoutset,aligned,byStrokeOutset,byStrokeOutset,byStrokeOutset,JobsByPods/JobsOCDSL@Pods/Core/UIKit/UIBackgroundConfiguration+DSLs/UIBackgroundConfiguration+DSL/UIBackgroundConfiguration+DSL.h:45; JobsByPods/JobsOCDSL@Pods/Core/UIKit/UIBackgroundConfiguration+DSLs/UIBackgroundConfiguration+DSL/UIBackgroundConfiguration+DSL.m:106,JobsByPods/JobsSwiftDSL@Pods/UIKit/iOS.SDK/UIButtonConfiguration/UIBackgroundConfiguration.swift:156,JobsByPods/JobsBaseUI@Pods/Support/UIKit/UIBackgroundConfiguration/UIBackgroundConfiguration+Extra/UIBackgroundConfiguration+Extra.m:105; JobsByPods/JobsByOCPods@Pods/Core/UIKit/UIBackgroundConfiguration/UIBackgroundConfiguration+Extra/UIBackgroundConfiguration+Extra.m:105
UIBackgroundConfiguration,strokewidth,aligned,byStrokeWidth,byStrokeWidth,byStrokeWidth,JobsByPods/JobsOCDSL@Pods/Core/UIKit/UIBackgroundConfiguration+DSLs/UIBackgroundConfiguration+DSL/UIBackgroundConfiguration+DSL.h:44; JobsByPods/JobsOCDSL@Pods/Core/UIKit/UIBackgroundConfiguration+DSLs/UIBackgroundConfiguration+DSL/UIBackgroundConfiguration+DSL.m:97,JobsByPods/JobsSwiftDSL@Pods/UIKit/iOS.SDK/UIButtonConfiguration/UIBackgroundConfiguration.swift:148,JobsByPods/JobsBaseUI@Pods/Support/UIKit/UIBackgroundConfiguration/UIBackgroundConfiguration+Extra/UIBackgroundConfiguration+Extra.m:58; JobsByPods/JobsByOCPods@Pods/Core/UIKit/UIBackgroundConfiguration/UIBackgroundConfiguration+Extra/UIBackgroundConfiguration+Extra.m:58
UIBackgroundConfiguration,updated,swift_only,,byUpdated,,,JobsByPods/JobsSwiftDSL@Pods/UIKit/iOS.SDK/UIButtonConfiguration/UIBackgroundConfiguration.swift:52,
UIBackgroundConfiguration,visualeffect,aligned,byVisualEffect,byVisualEffect,byVisualEffect,JobsByPods/JobsOCDSL@Pods/Core/UIKit/UIBackgroundConfiguration+DSLs/UIBackgroundConfiguration+DSL/UIBackgroundConfiguration+DSL.h:35; JobsByPods/JobsOCDSL@Pods/Core/UIKit/UIBackgroundConfiguration+DSLs/UIBackgroundConfiguration+DSL/UIBackgroundConfiguration+DSL.m:39,JobsByPods/JobsSwiftDSL@Pods/UIKit/iOS.SDK/UIButtonConfiguration/UIBackgroundConfiguration.swift:106,JobsByPods/JobsBaseUI@Pods/Support/UIKit/UIBackgroundConfiguration/UIBackgroundConfiguration+Extra/UIBackgroundConfiguration+Extra.m:87; JobsByPods/JobsByOCPods@Pods/Core/UIKit/UIBackgroundConfiguration/UIBackgroundConfiguration+Extra/UIBackgroundConfiguration+Extra.m:87
UIBarAppearance,backgroundcolor,swift_only,,byBackgroundColor,,,JobsByPods/JobsByUIKit@Pods/iOS.SDK/Others@SDK/UIBarAppearance.swift:46,
UIBarAppearance,backgroundeffect,swift_only,,byBackgroundEffect,,,JobsByPods/JobsByUIKit@Pods/iOS.SDK/Others@SDK/UIBarAppearance.swift:40,
UIBarAppearance,backgroundimage,swift_only,,byBackgroundImage,,,JobsByPods/JobsByUIKit@Pods/iOS.SDK/Others@SDK/UIBarAppearance.swift:52,
UIBarAppearance,backgroundimagecontentmode,swift_only,,byBackgroundImageContentMode,,,JobsByPods/JobsByUIKit@Pods/iOS.SDK/Others@SDK/UIBarAppearance.swift:67,
UIBarAppearance,defaultbackground,swift_only,,byDefaultBackground,,,JobsByPods/JobsByUIKit@Pods/iOS.SDK/Others@SDK/UIBarAppearance.swift:19,
UIBarAppearance,opaquebackground,swift_only,,byOpaqueBackground,,,JobsByPods/JobsByUIKit@Pods/iOS.SDK/Others@SDK/UIBarAppearance.swift:25,
UIBarAppearance,shadowcolor,swift_only,,byShadowColor,,,JobsByPods/JobsByUIKit@Pods/iOS.SDK/Others@SDK/UIBarAppearance.swift:74,
UIBarAppearance,shadowimage,swift_only,,byShadowImage,,,JobsByPods/JobsByUIKit@Pods/iOS.SDK/Others@SDK/UIBarAppearance.swift:80,
UIBarAppearance,transparentbackground,swift_only,,byTransparentBackground,,,JobsByPods/JobsByUIKit@Pods/iOS.SDK/Others@SDK/UIBarAppearance.swift:33,
UIBarButtonItem,action,oc_only,byAction,,,JobsByPods/JobsOCDSL@Pods/Core/UIKit/UIBarButtonItem+DSLs/UIBarButtonItem+DSL/UIBarButtonItem+DSL.h:33; JobsByPods/JobsOCDSL@Pods/Core/UIKit/UIBarButtonItem+DSLs/UIBarButtonItem+DSL/UIBarButtonItem+DSL.m:48,,
UIBarButtonItem,changesselectionasprimaryaction,aligned,byChangesSelectionAsPrimaryAction,byChangesSelectionAsPrimaryAction,,JobsByPods/JobsOCDSL@Pods/Core/UIKit/UIBarButtonItem+DSLs/UIBarButtonItem+DSL/UIBarButtonItem+DSL.h:41; JobsByPods/JobsOCDSL@Pods/Core/UIKit/UIBarButtonItem+DSLs/UIBarButtonItem+DSL/UIBarButtonItem+DSL.m:96,JobsByPods/JobsByUIKit@Pods/iOS.SDK/UIBarButtonItem/UIBarButtonItem.swift:119,
UIBarButtonItem,customview,oc_only,byCustomView,,,JobsByPods/JobsOCDSL@Pods/Core/UIKit/UIBarButtonItem+DSLs/UIBarButtonItem+DSL/UIBarButtonItem+DSL.h:32; JobsByPods/JobsOCDSL@Pods/Core/UIKit/UIBarButtonItem+DSLs/UIBarButtonItem+DSL/UIBarButtonItem+DSL.m:39,,
UIBarButtonItem,hidden,aligned,byHidden,byHidden,,JobsByPods/JobsOCDSL@Pods/Core/UIKit/UIBarButtonItem+DSLs/UIBarButtonItem+DSL/UIBarButtonItem+DSL.h:46; JobsByPods/JobsOCDSL@Pods/Core/UIKit/UIBarButtonItem+DSLs/UIBarButtonItem+DSL/UIBarButtonItem+DSL.m:125,JobsByPods/JobsByUIKit@Pods/iOS.SDK/UIBarButtonItem/UIBarButtonItem.swift:114,
UIBarButtonItem,hidessharedbackground,oc_only,byHidesSharedBackground,,,JobsByPods/JobsOCDSL@Pods/Core/UIKit/UIBarButtonItem+DSLs/UIBarButtonItem+DSL/UIBarButtonItem+DSL.h:53; JobsByPods/JobsOCDSL@Pods/Core/UIKit/UIBarButtonItem+DSLs/UIBarButtonItem+DSL/UIBarButtonItem+DSL.m:156,,
UIBarButtonItem,identifier,oc_only,byIdentifier,,,JobsByPods/JobsOCDSL@Pods/Core/UIKit/UIBarButtonItem+DSLs/UIBarButtonItem+DSL/UIBarButtonItem+DSL.h:55; JobsByPods/JobsOCDSL@Pods/Core/UIKit/UIBarButtonItem+DSLs/UIBarButtonItem+DSL/UIBarButtonItem+DSL.m:174,,
UIBarButtonItem,make,swift_only,,make,,,JobsByPods/JobsByUIKit@Pods/iOS.SDK/UIBarButtonItem/UIBarButtonItem.swift:67,
UIBarButtonItem,menu,aligned,byMenu,byMenu,,JobsByPods/JobsOCDSL@Pods/Core/UIKit/UIBarButtonItem+DSLs/UIBarButtonItem+DSL/UIBarButtonItem+DSL.h:38; JobsByPods/JobsOCDSL@Pods/Core/UIKit/UIBarButtonItem+DSLs/UIBarButtonItem+DSL/UIBarButtonItem+DSL.m:85,JobsByPods/JobsByUIKit@Pods/iOS.SDK/UIBarButtonItem/UIBarButtonItem.swift:130,
UIBarButtonItem,menurepresentation,oc_only,byMenuRepresentation,,,JobsByPods/JobsOCDSL@Pods/Core/UIKit/UIBarButtonItem+DSLs/UIBarButtonItem+DSL/UIBarButtonItem+DSL.h:47; JobsByPods/JobsOCDSL@Pods/Core/UIKit/UIBarButtonItem+DSLs/UIBarButtonItem+DSL/UIBarButtonItem+DSL.m:134,,
UIBarButtonItem,ontap,swift_only,,onTap,,,JobsByPods/JobsByUIKit@Pods/iOS.SDK/UIBarButtonItem/UIBarButtonItem.swift:25,
UIBarButtonItem,possibletitles,oc_only,byPossibleTitles,,,JobsByPods/JobsOCDSL@Pods/Core/UIKit/UIBarButtonItem+DSLs/UIBarButtonItem+DSL/UIBarButtonItem+DSL.h:31; JobsByPods/JobsOCDSL@Pods/Core/UIKit/UIBarButtonItem+DSLs/UIBarButtonItem+DSL/UIBarButtonItem+DSL.m:30,,
UIBarButtonItem,preferredmenuelementorder,oc_only,byPreferredMenuElementOrder,,,JobsByPods/JobsOCDSL@Pods/Core/UIKit/UIBarButtonItem+DSLs/UIBarButtonItem+DSL/UIBarButtonItem+DSL.h:45; JobsByPods/JobsOCDSL@Pods/Core/UIKit/UIBarButtonItem+DSLs/UIBarButtonItem+DSL/UIBarButtonItem+DSL.m:116,,
UIBarButtonItem,preferredmenuorder,swift_only,,byPreferredMenuOrder,,,JobsByPods/JobsByUIKit@Pods/iOS.SDK/UIBarButtonItem/UIBarButtonItem.swift:136,
UIBarButtonItem,primaryaction,oc_only,byPrimaryAction,,,JobsByPods/JobsOCDSL@Pods/Core/UIKit/UIBarButtonItem+DSLs/UIBarButtonItem+DSL/UIBarButtonItem+DSL.h:37; JobsByPods/JobsOCDSL@Pods/Core/UIKit/UIBarButtonItem+DSLs/UIBarButtonItem+DSL/UIBarButtonItem+DSL.m:76,,
UIBarButtonItem,raccommand,support_only,,,byRacCommand,,,JobsByPods/JobsByOCPods@Pods/Core/UIKit/UIBarButtonItem/UIBarButtonItem+Extra/UIBarButtonItem+Extra.h:36; JobsByPods/JobsByOCPods@Pods/Core/UIKit/UIBarButtonItem/UIBarButtonItem+Extra/UIBarButtonItem+Extra.m:18
UIBarButtonItem,selected,aligned,bySelected,bySelected,,JobsByPods/JobsOCDSL@Pods/Core/UIKit/UIBarButtonItem+DSLs/UIBarButtonItem+DSL/UIBarButtonItem+DSL.h:42; JobsByPods/JobsOCDSL@Pods/Core/UIKit/UIBarButtonItem+DSLs/UIBarButtonItem+DSL/UIBarButtonItem+DSL.m:105,JobsByPods/JobsByUIKit@Pods/iOS.SDK/UIBarButtonItem/UIBarButtonItem.swift:124,
UIBarButtonItem,sharesbackground,oc_only,bySharesBackground,,,JobsByPods/JobsOCDSL@Pods/Core/UIKit/UIBarButtonItem+DSLs/UIBarButtonItem+DSL/UIBarButtonItem+DSL.h:54; JobsByPods/JobsOCDSL@Pods/Core/UIKit/UIBarButtonItem+DSLs/UIBarButtonItem+DSL/UIBarButtonItem+DSL.m:165,,
UIBarButtonItem,style,aligned,byStyle,byStyle,,JobsByPods/JobsOCDSL@Pods/Core/UIKit/UIBarButtonItem+DSLs/UIBarButtonItem+DSL/UIBarButtonItem+DSL.h:29; JobsByPods/JobsOCDSL@Pods/Core/UIKit/UIBarButtonItem+DSLs/UIBarButtonItem+DSL/UIBarButtonItem+DSL.m:12,JobsByPods/JobsByUIKit@Pods/iOS.SDK/UIBarButtonItem/UIBarButtonItem.swift:96,
UIBarButtonItem,symbolanimationenabled,oc_only,bySymbolAnimationEnabled,,,JobsByPods/JobsOCDSL@Pods/Core/UIKit/UIBarButtonItem+DSLs/UIBarButtonItem+DSL/UIBarButtonItem+DSL.h:50; JobsByPods/JobsOCDSL@Pods/Core/UIKit/UIBarButtonItem+DSLs/UIBarButtonItem+DSL/UIBarButtonItem+DSL.m:145,,
UIBarButtonItem,target,oc_only,byTarget,,,JobsByPods/JobsOCDSL@Pods/Core/UIKit/UIBarButtonItem+DSLs/UIBarButtonItem+DSL/UIBarButtonItem+DSL.h:34; JobsByPods/JobsOCDSL@Pods/Core/UIKit/UIBarButtonItem+DSLs/UIBarButtonItem+DSL/UIBarButtonItem+DSL.m:57,,
UIBarButtonItem,tintcolor,aligned,byTintColor,byTintColor,,JobsByPods/JobsOCDSL@Pods/Core/UIKit/UIBarButtonItem+DSLs/UIBarButtonItem+DSL/UIBarButtonItem+DSL.h:35; JobsByPods/JobsOCDSL@Pods/Core/UIKit/UIBarButtonItem+DSLs/UIBarButtonItem+DSL/UIBarButtonItem+DSL.m:66,JobsByPods/JobsByUIKit@Pods/iOS.SDK/UIBarButtonItem/UIBarButtonItem.swift:108,
UIBarButtonItem,titleoffset,swift_only,,byTitleOffset,,,JobsByPods/JobsByUIKit@Pods/iOS.SDK/UIBarButtonItem/UIBarButtonItem.swift:142,
UIBarButtonItem,width,aligned,byWidth,byWidth,,JobsByPods/JobsOCDSL@Pods/Core/UIKit/UIBarButtonItem+DSLs/UIBarButtonItem+DSL/UIBarButtonItem+DSL.h:30; JobsByPods/JobsOCDSL@Pods/Core/UIKit/UIBarButtonItem+DSLs/UIBarButtonItem+DSL/UIBarButtonItem+DSL.m:21,JobsByPods/JobsByUIKit@Pods/iOS.SDK/UIBarButtonItem/UIBarButtonItem.swift:102,
UIBarButtonItemAppearance,font,swift_only,,byFont,,,JobsByPods/JobsByUIKit@Pods/iOS.SDK/UIBarButtonItem/UIBarButtonItemAppearance.swift:34,
UIBarButtonItemAppearance,titlecolor,swift_only,,byTitleColor,,,JobsByPods/JobsByUIKit@Pods/iOS.SDK/UIBarButtonItem/UIBarButtonItemAppearance.swift:18,
UIBarItem,enabled,swift_only,,byEnabled,,,JobsByPods/JobsByUIKit@Pods/iOS.SDK/Others@SDK/UIBarItem.swift:20,
UIBarItem,image,swift_only,,byImage,,,JobsByPods/JobsByUIKit@Pods/iOS.SDK/Others@SDK/UIBarItem.swift:32; JobsByPods/JobsByUIKit@Pods/iOS.SDK/Others@SDK/UIBarItem.swift:39,
UIBarItem,imageinsets,swift_only,,byImageInsets,,,JobsByPods/JobsByUIKit@Pods/iOS.SDK/Others@SDK/UIBarItem.swift:48,
UIBarItem,landscapeimagephone,swift_only,,byLandscapeImagePhone,,,JobsByPods/JobsByUIKit@Pods/iOS.SDK/Others@SDK/UIBarItem.swift:63,
UIBarItem,landscapeimagephoneinsets,swift_only,,byLandscapeImagePhoneInsets,,,JobsByPods/JobsByUIKit@Pods/iOS.SDK/Others@SDK/UIBarItem.swift:70,
UIBarItem,largecontentsizeimage,swift_only,,byLargeContentSizeImage,,,JobsByPods/JobsByUIKit@Pods/iOS.SDK/Others@SDK/UIBarItem.swift:79,
UIBarItem,largecontentsizeimageinsets,swift_only,,byLargeContentSizeImageInsets,,,JobsByPods/JobsByUIKit@Pods/iOS.SDK/Others@SDK/UIBarItem.swift:86,
UIBarItem,tag,swift_only,,byTag,,,JobsByPods/JobsByUIKit@Pods/iOS.SDK/Others@SDK/UIBarItem.swift:54,
UIBarItem,title,swift_only,,byTitle,,,JobsByPods/JobsByUIKit@Pods/iOS.SDK/Others@SDK/UIBarItem.swift:26,
UIBarItem,titlecolor,swift_only,,byTitleColor,,,JobsByPods/JobsByUIKit@Pods/iOS.SDK/Others@SDK/UIBarItem.swift:113,
UIBarItem,titlefont,swift_only,,byTitleFont,,,JobsByPods/JobsByUIKit@Pods/iOS.SDK/Others@SDK/UIBarItem.swift:104,
UIBezierPath,add,oc_only,add,,add,JobsByPods/JobsOCDSL@Pods/Core/UIKit/UIBezierPath+DSLs/UIBezierPath+DSL/UIBezierPath+DSL.h:47; JobsByPods/JobsOCDSL@Pods/Core/UIKit/UIBezierPath+DSLs/UIBezierPath+DSL/UIBezierPath+DSL.m:118,,JobsByPods/JobsBaseUI@Pods/Support/UIKit/UIBezierPath/UIBezierPath+Extra/UIBezierPath+Extra.h:46; JobsByPods/JobsBaseUI@Pods/Support/UIKit/UIBezierPath/UIBezierPath+Extra/UIBezierPath+Extra.m:59; JobsByPods/JobsByOCPods@Pods/Core/UIKit/UIBezierPath/UIBezierPath+Extra/UIBezierPath+Extra.h:46; JobsByPods/JobsByOCPods@Pods/Core/UIKit/UIBezierPath/UIBezierPath+Extra/UIBezierPath+Extra.m:59
UIBezierPath,addarcwithcenter,oc_only,byAddArcWithCenter,,,JobsByPods/JobsOCDSL@Pods/Core/UIKit/UIBezierPath+DSLs/UIBezierPath+DSL/UIBezierPath+DSL.h:36; JobsByPods/JobsOCDSL@Pods/Core/UIKit/UIBezierPath+DSLs/UIBezierPath+DSL/UIBezierPath+DSL.m:49,,
UIBezierPath,addclip,oc_only,byAddClip,,,JobsByPods/JobsOCDSL@Pods/Core/UIKit/UIBezierPath+DSLs/UIBezierPath+DSL/UIBezierPath+DSL.h:54; JobsByPods/JobsOCDSL@Pods/Core/UIKit/UIBezierPath+DSLs/UIBezierPath+DSL/UIBezierPath+DSL.m:138,,
UIBezierPath,addcurvetopoint,oc_only,byAddCurveToPoint,,,JobsByPods/JobsOCDSL@Pods/Core/UIKit/UIBezierPath+DSLs/UIBezierPath+DSL/UIBezierPath+DSL.h:37; JobsByPods/JobsOCDSL@Pods/Core/UIKit/UIBezierPath+DSLs/UIBezierPath+DSL/UIBezierPath+DSL.m:58,,
UIBezierPath,addlinetopoint,oc_only,byAddLineToPoint,,,JobsByPods/JobsOCDSL@Pods/Core/UIKit/UIBezierPath+DSLs/UIBezierPath+DSL/UIBezierPath+DSL.h:35; JobsByPods/JobsOCDSL@Pods/Core/UIKit/UIBezierPath+DSLs/UIBezierPath+DSL/UIBezierPath+DSL.m:40,,
UIBezierPath,addquadcurvetopoint,oc_only,byAddQuadCurveToPoint,,,JobsByPods/JobsOCDSL@Pods/Core/UIKit/UIBezierPath+DSLs/UIBezierPath+DSL/UIBezierPath+DSL.h:38; JobsByPods/JobsOCDSL@Pods/Core/UIKit/UIBezierPath+DSLs/UIBezierPath+DSL/UIBezierPath+DSL.m:67,,
UIBezierPath,appendpath,oc_only,byAppendPath,,,JobsByPods/JobsOCDSL@Pods/Core/UIKit/UIBezierPath+DSLs/UIBezierPath+DSL/UIBezierPath+DSL.h:41; JobsByPods/JobsOCDSL@Pods/Core/UIKit/UIBezierPath+DSLs/UIBezierPath+DSL/UIBezierPath+DSL.m:94,,
UIBezierPath,applytransform,oc_only,byApplyTransform,,,JobsByPods/JobsOCDSL@Pods/Core/UIKit/UIBezierPath+DSLs/UIBezierPath+DSL/UIBezierPath+DSL.h:42; JobsByPods/JobsOCDSL@Pods/Core/UIKit/UIBezierPath+DSLs/UIBezierPath+DSL/UIBezierPath+DSL.m:103,,
UIBezierPath,bezierpathwithcgpath,oc_only,byBezierPathWithCGPath,,,JobsByPods/JobsOCDSL@Pods/Core/UIKit/UIBezierPath+DSLs/UIBezierPath+DSL/UIBezierPath+DSL.h:32; JobsByPods/JobsOCDSL@Pods/Core/UIKit/UIBezierPath+DSLs/UIBezierPath+DSL/UIBezierPath+DSL.m:25,,
UIBezierPath,bezierpathwithovalinrect,oc_only,byBezierPathWithOvalInRect,,,JobsByPods/JobsOCDSL@Pods/Core/UIKit/UIBezierPath+DSLs/UIBezierPath+DSL/UIBezierPath+DSL.h:31; JobsByPods/JobsOCDSL@Pods/Core/UIKit/UIBezierPath+DSLs/UIBezierPath+DSL/UIBezierPath+DSL.m:19,,
UIBezierPath,bezierpathwithrect,oc_only,byBezierPathWithRect,,,JobsByPods/JobsOCDSL@Pods/Core/UIKit/UIBezierPath+DSLs/UIBezierPath+DSL/UIBezierPath+DSL.h:30; JobsByPods/JobsOCDSL@Pods/Core/UIKit/UIBezierPath+DSLs/UIBezierPath+DSL/UIBezierPath+DSL.m:13,,
UIBezierPath,cgpath,oc_only,byCGPath,,,JobsByPods/JobsOCDSL@Pods/Core/UIKit/UIBezierPath+DSLs/UIBezierPath+DSL/UIBezierPath+DSL.h:59; JobsByPods/JobsOCDSL@Pods/Core/UIKit/UIBezierPath+DSLs/UIBezierPath+DSL/UIBezierPath+DSL.m:165,,
UIBezierPath,closepath,oc_only,byClosePath,,,JobsByPods/JobsOCDSL@Pods/Core/UIKit/UIBezierPath+DSLs/UIBezierPath+DSL/UIBezierPath+DSL.h:39; JobsByPods/JobsOCDSL@Pods/Core/UIKit/UIBezierPath+DSLs/UIBezierPath+DSL/UIBezierPath+DSL.m:76,,
UIBezierPath,containspoint,oc_only,byContainsPoint,,,JobsByPods/JobsOCDSL@Pods/Core/UIKit/UIBezierPath+DSLs/UIBezierPath+DSL/UIBezierPath+DSL.h:69; JobsByPods/JobsOCDSL@Pods/Core/UIKit/UIBezierPath+DSLs/UIBezierPath+DSL/UIBezierPath+DSL.m:248,,
UIBezierPath,fill,oc_only,byFill,,,JobsByPods/JobsOCDSL@Pods/Core/UIKit/UIBezierPath+DSLs/UIBezierPath+DSL/UIBezierPath+DSL.h:55; JobsByPods/JobsOCDSL@Pods/Core/UIKit/UIBezierPath+DSLs/UIBezierPath+DSL/UIBezierPath+DSL.m:147,,
UIBezierPath,flatness,oc_only,byFlatness,,,JobsByPods/JobsOCDSL@Pods/Core/UIKit/UIBezierPath+DSLs/UIBezierPath+DSL/UIBezierPath+DSL.h:64; JobsByPods/JobsOCDSL@Pods/Core/UIKit/UIBezierPath+DSLs/UIBezierPath+DSL/UIBezierPath+DSL.m:210,,
UIBezierPath,linecapstyle,oc_only,byLineCapStyle,,,JobsByPods/JobsOCDSL@Pods/Core/UIKit/UIBezierPath+DSLs/UIBezierPath+DSL/UIBezierPath+DSL.h:61; JobsByPods/JobsOCDSL@Pods/Core/UIKit/UIBezierPath+DSLs/UIBezierPath+DSL/UIBezierPath+DSL.m:183,,
UIBezierPath,linedash,oc_only,byLineDash,,,JobsByPods/JobsOCDSL@Pods/Core/UIKit/UIBezierPath+DSLs/UIBezierPath+DSL/UIBezierPath+DSL.h:66; JobsByPods/JobsOCDSL@Pods/Core/UIKit/UIBezierPath+DSLs/UIBezierPath+DSL/UIBezierPath+DSL.m:228,,
UIBezierPath,linejoinstyle,oc_only,byLineJoinStyle,,,JobsByPods/JobsOCDSL@Pods/Core/UIKit/UIBezierPath+DSLs/UIBezierPath+DSL/UIBezierPath+DSL.h:62; JobsByPods/JobsOCDSL@Pods/Core/UIKit/UIBezierPath+DSLs/UIBezierPath+DSL/UIBezierPath+DSL.m:192,,
UIBezierPath,linewidth,oc_only,byLineWidth,,,JobsByPods/JobsOCDSL@Pods/Core/UIKit/UIBezierPath+DSLs/UIBezierPath+DSL/UIBezierPath+DSL.h:60; JobsByPods/JobsOCDSL@Pods/Core/UIKit/UIBezierPath+DSLs/UIBezierPath+DSL/UIBezierPath+DSL.m:174,,
UIBezierPath,miterlimit,oc_only,byMiterLimit,,,JobsByPods/JobsOCDSL@Pods/Core/UIKit/UIBezierPath+DSLs/UIBezierPath+DSL/UIBezierPath+DSL.h:63; JobsByPods/JobsOCDSL@Pods/Core/UIKit/UIBezierPath+DSLs/UIBezierPath+DSL/UIBezierPath+DSL.m:201,,
UIBezierPath,movetopoint,oc_only,byMoveToPoint,,,JobsByPods/JobsOCDSL@Pods/Core/UIKit/UIBezierPath+DSLs/UIBezierPath+DSL/UIBezierPath+DSL.h:34; JobsByPods/JobsOCDSL@Pods/Core/UIKit/UIBezierPath+DSLs/UIBezierPath+DSL/UIBezierPath+DSL.m:31,,
UIBezierPath,removeallpoints,oc_only,byRemoveAllPoints,,,JobsByPods/JobsOCDSL@Pods/Core/UIKit/UIBezierPath+DSLs/UIBezierPath+DSL/UIBezierPath+DSL.h:40; JobsByPods/JobsOCDSL@Pods/Core/UIKit/UIBezierPath+DSLs/UIBezierPath+DSL/UIBezierPath+DSL.m:85,,
UIBezierPath,stroke,oc_only,byStroke,,,JobsByPods/JobsOCDSL@Pods/Core/UIKit/UIBezierPath+DSLs/UIBezierPath+DSL/UIBezierPath+DSL.h:56; JobsByPods/JobsOCDSL@Pods/Core/UIKit/UIBezierPath+DSLs/UIBezierPath+DSL/UIBezierPath+DSL.m:156,,
UIBezierPath,usesevenoddfillrule,oc_only,byUsesEvenOddFillRule,,,JobsByPods/JobsOCDSL@Pods/Core/UIKit/UIBezierPath+DSLs/UIBezierPath+DSL/UIBezierPath+DSL.h:65; JobsByPods/JobsOCDSL@Pods/Core/UIKit/UIBezierPath+DSLs/UIBezierPath+DSL/UIBezierPath+DSL.m:219,,
UIButton,activityindicatorcolortransformer,swift_only,,byActivityIndicatorColorTransformer,,,JobsByPods/JobsSwiftDSL@Pods/UIKit/iOS.SDK/UIButtonConfiguration/UIButtonConfiguration.swift:207,
UIButton,adjustsimagewhendisabled,oc_only,byAdjustsImageWhenDisabled,,,JobsByPods/JobsOCDSL@Pods/Core/UIKit/UIButton+DSLs/UIButton+DSL/UIButton+DSL.h:90; JobsByPods/JobsOCDSL@Pods/Core/UIKit/UIButton+DSLs/UIButton+DSL/UIButton+DSL.m:312,,
UIButton,adjustsimagewhenhighlighted,aligned,byAdjustsImageWhenHighlighted,byAdjustsImageWhenHighlighted,,JobsByPods/JobsOCDSL@Pods/Core/UIKit/UIButton+DSLs/UIButton+DSL/UIButton+DSL.h:88; JobsByPods/JobsOCDSL@Pods/Core/UIKit/UIButton+DSLs/UIButton+DSL/UIButton+DSL.m:303,JobsByPods/JobsSwiftDSL@Pods/UIKit/iOS.SDK/UIButton/UIButton+DSL.swift:219; JobsByPods/JobsSwiftDSL@Pods/UIKit/iOS.SDK/UIButton/UIButton+DSL.swift:42,
UIButton,adoptconfigurationifavailable,swift_only,,byAdoptConfigurationIfAvailable,,,JobsByPods/JobsByUIKit@Pods/iOS.SDK/UIButton/UIButton+UIButtonConfiguration.swift:29,
UIButton,animationsubtitleconfig,swift_only,,byAnimationSubTitleConfig,,,JobsByPods/JobsByUIKit@Pods/iOS.SDK/UIButton/UIButton+动效数字标题.swift:75,
UIButton,animationtitleconfig,swift_only,,byAnimationTitleConfig,,,JobsByPods/JobsByUIKit@Pods/iOS.SDK/UIButton/UIButton+动效数字标题.swift:63,
UIButton,attributedsubtitle,swift_only,,"byAttributedSubTitle, byAttributedSubtitle",,,JobsByPods/JobsSwiftDSL@Pods/UIKit/iOS.SDK/UIButton/UIButton+Subtitle.swift:239; JobsByPods/JobsSwiftDSL@Pods/UIKit/iOS.SDK/UIButtonConfiguration/UIButtonConfiguration.swift:255,
UIButton,attributedtitle,aligned,byAttributedTitle,byAttributedTitle,,JobsByPods/JobsOCDSL@Pods/Core/UIKit/UIButton+DSLs/UIButton+DSL/UIButton+DSL.h:64; JobsByPods/JobsOCDSL@Pods/Core/UIKit/UIButton+DSLs/UIButton+DSL/UIButton+DSL.m:177,JobsByPods/JobsSwiftDSL@Pods/UIKit/iOS.SDK/UIButton/UIButton+DSL.swift:712; JobsByPods/JobsSwiftDSL@Pods/UIKit/iOS.SDK/UIButtonConfiguration/UIButtonConfiguration.swift:223,
UIButton,automaticallyupdateforselection,swift_only,,byAutomaticallyUpdateForSelection,,,JobsByPods/JobsSwiftDSL@Pods/UIKit/iOS.SDK/UIButtonConfiguration/UIButtonConfiguration.swift:311,
UIButton,automaticallyupdatesconfiguration,aligned,byAutomaticallyUpdatesConfiguration,byAutomaticallyUpdatesConfiguration,,JobsByPods/JobsOCDSL@Pods/Core/UIKit/UIButton+DSLs/UIButton+DSL/UIButton+DSL.h:38; JobsByPods/JobsOCDSL@Pods/Core/UIKit/UIButton+DSLs/UIButton+DSL/UIButton+DSL.m:52,JobsByPods/JobsSwiftDSL@Pods/UIKit/iOS.SDK/UIButton/UIButton+DSL.swift:166; JobsByPods/JobsSwiftDSL@Pods/UIKit/iOS.SDK/UIButton/UIButton+DSL.swift:346,
UIButton,autoupdateforselection,swift_only,,byAutoUpdateForSelection,,,JobsByPods/JobsSwiftDSL@Pods/UIKit/iOS.SDK/UIButtonConfiguration/UIButtonConfiguration.swift:319,
UIButton,background,swift_only,,byBackground,,,JobsByPods/JobsSwiftDSL@Pods/UIKit/iOS.SDK/UIButtonConfiguration/UIButtonConfiguration.swift:76,
UIButton,backgroundimage,aligned,byBackgroundImage,byBgImage,,JobsByPods/JobsOCDSL@Pods/Core/UIKit/UIButton+DSLs/UIButton+DSL/UIButton+DSL.h:60; JobsByPods/JobsOCDSL@Pods/Core/UIKit/UIButton+DSLs/UIButton+DSL/UIButton+DSL.m:158,JobsByPods/JobsSwiftDSL@Pods/UIKit/iOS.SDK/UIButton/UIButton+DSL.swift:826,
UIButton,backgroundimagecontentmode,swift_only,,byBackgroundImageContentMode,,,JobsByPods/JobsSwiftDSL@Pods/UIKit/iOS.SDK/UIButton/UIButton+DSL.swift:840,
UIButton,backgroundpatch,swift_only,,byBackgroundPatch,,,JobsByPods/JobsSwiftDSL@Pods/UIKit/iOS.SDK/UIButtonConfiguration/UIButtonConfiguration.swift:109,
UIButton,basebackgroundcolor,swift_only,,"byBaseBackgroundColor, byBaseBackgroundCor",,,JobsByPods/JobsSwiftDSL@Pods/UIKit/iOS.SDK/UIButtonConfiguration/UIButtonConfiguration.swift:127; JobsByPods/JobsSwiftDSL@Pods/UIKit/iOS.SDK/UIButtonConfiguration/UIButtonConfiguration.swift:141,
UIButton,baseforegroundcolor,swift_only,,"byBaseForegroundColor, byBaseForegroundCor",,,JobsByPods/JobsSwiftDSL@Pods/UIKit/iOS.SDK/UIButtonConfiguration/UIButtonConfiguration.swift:119; JobsByPods/JobsSwiftDSL@Pods/UIKit/iOS.SDK/UIButtonConfiguration/UIButtonConfiguration.swift:135,
UIButton,border,swift_only,,byBorder,,,JobsByPods/JobsSwiftDSL@Pods/UIKit/iOS.SDK/UIButton/UIButton+DSL.swift:432,
UIButton,bordered,swift_only,,byBordered,,,JobsByPods/JobsSwiftDSL@Pods/UIKit/iOS.SDK/UIButtonConfiguration/UIButtonConfiguration.swift:51,
UIButton,borderedprominent,swift_only,,byBorderedProminent,,,JobsByPods/JobsSwiftDSL@Pods/UIKit/iOS.SDK/UIButtonConfiguration/UIButtonConfiguration.swift:63,
UIButton,borderedtinted,swift_only,,byBorderedTinted,,,JobsByPods/JobsSwiftDSL@Pods/UIKit/iOS.SDK/UIButtonConfiguration/UIButtonConfiguration.swift:57,
UIButton,borderless,swift_only,,byBorderless,,,JobsByPods/JobsSwiftDSL@Pods/UIKit/iOS.SDK/UIButtonConfiguration/UIButtonConfiguration.swift:45,
UIButton,buttonsize,swift_only,,byButtonSize,,,JobsByPods/JobsSwiftDSL@Pods/UIKit/iOS.SDK/UIButtonConfiguration/UIButtonConfiguration.swift:92,
UIButton,by,swift_only,,by,,,JobsByPods/JobsSwiftDSL@Pods/UIKit/iOS.SDK/UIButtonConfiguration/UIButtonConfiguration.swift:362,
UIButton,byimagewithcolor,support_only,,,by_imageWithColor,,,JobsByPods/JobsByOCPods@Pods/Core/UIKit/UIButton/UIButton+FillColor/UIButton+FillColor.m:30
UIButton,bysetbackgroundcolor,support_only,,,by_setBackgroundColor,,,JobsByPods/JobsByOCPods@Pods/Core/UIKit/UIButton/UIButton+FillColor/UIButton+FillColor.h:20; JobsByPods/JobsByOCPods@Pods/Core/UIKit/UIButton/UIButton+FillColor/UIButton+FillColor.m:25
UIButton,changesselectionasprimaryaction,aligned,byChangesSelectionAsPrimaryAction,byChangesSelectionAsPrimaryAction,,JobsByPods/JobsOCDSL@Pods/Core/UIKit/UIButton+DSLs/UIButton+DSL/UIButton+DSL.h:50; JobsByPods/JobsOCDSL@Pods/Core/UIKit/UIButton+DSLs/UIButton+DSL/UIButton+DSL.m:112,JobsByPods/JobsSwiftDSL@Pods/UIKit/iOS.SDK/UIButton/UIButton+DSL.swift:159; JobsByPods/JobsSwiftDSL@Pods/UIKit/iOS.SDK/UIButton/UIButton+DSL.swift:339,
UIButton,clearconfigurationbackground,swift_only,,byClearConfigurationBackground,,,JobsByPods/JobsSwiftDSL@Pods/UIKit/iOS.SDK/UIButton/UIButton+DSL.swift:416,
UIButton,clickwhentimercycle,support_only,,,byClickWhenTimerCycle,,,JobsByPods/JobsByOCPods@Pods/Core/UIKit/UIButton/UIButton+Timer/UIButton+Timer.h:122; JobsByPods/JobsByOCPods@Pods/Core/UIKit/UIButton/UIButton+Timer/UIButton+Timer.m:341
UIButton,colornerstyle,swift_only,,byCornerStyle,,,JobsByPods/JobsSwiftDSL@Pods/UIKit/iOS.SDK/UIButtonConfiguration/UIButtonConfiguration.swift:84,
UIButton,configuration,aligned,byConfiguration,byConfiguration,,JobsByPods/JobsOCDSL@Pods/Core/UIKit/UIButton+DSLs/UIButton+DSL/UIButton+DSL.h:30; JobsByPods/JobsOCDSL@Pods/Core/UIKit/UIButton+DSLs/UIButton+DSL/UIButton+DSL.m:12,JobsByPods/JobsSwiftDSL@Pods/UIKit/iOS.SDK/UIButton/UIButton+DSL.swift:207; JobsByPods/JobsSwiftDSL@Pods/UIKit/iOS.SDK/UIButton/UIButton+DSL.swift:30; JobsByPods/JobsSwiftDSL@Pods/UIKit/iOS.SDK/UIButton/UIButton+DSL.swift:621,
UIButton,configurationupdatehandler,aligned,byConfigurationUpdateHandler,byConfigurationUpdateHandler,,JobsByPods/JobsOCDSL@Pods/Core/UIKit/UIButton+DSLs/UIButton+DSL/UIButton+DSL.h:36; JobsByPods/JobsOCDSL@Pods/Core/UIKit/UIButton+DSLs/UIButton+DSL/UIButton+DSL.m:42,JobsByPods/JobsSwiftDSL@Pods/UIKit/iOS.SDK/UIButton/UIButton+DSL.swift:173; JobsByPods/JobsSwiftDSL@Pods/UIKit/iOS.SDK/UIButton/UIButton+DSL.swift:353,
UIButton,contentedgeinsets,aligned,byContentEdgeInsets,byContentEdgeInsets,,JobsByPods/JobsOCDSL@Pods/Core/UIKit/UIButton+DSLs/UIButton+DSL/UIButton+DSL.h:80; JobsByPods/JobsOCDSL@Pods/Core/UIKit/UIButton+DSLs/UIButton+DSL/UIButton+DSL.m:267,JobsByPods/JobsSwiftDSL@Pods/UIKit/iOS.SDK/UIButton/UIButton+DSL.swift:265; JobsByPods/JobsSwiftDSL@Pods/UIKit/iOS.SDK/UIButton/UIButton+DSL.swift:87,
UIButton,contentinsets,swift_only,,byContentInsets,,,JobsByPods/JobsSwiftDSL@Pods/UIKit/iOS.SDK/UIButton/UIButton+DSL.swift:249; JobsByPods/JobsSwiftDSL@Pods/UIKit/iOS.SDK/UIButton/UIButton+DSL.swift:72; JobsByPods/JobsSwiftDSL@Pods/UIKit/iOS.SDK/UIButtonConfiguration/UIButtonConfiguration.swift:295,
UIButton,disableconfiguration,swift_only,,byDisableConfiguration,,,JobsByPods/JobsByUIKit@Pods/iOS.SDK/UIButton/UIButton+UIButtonConfiguration.swift:20,
UIButton,emptylayout,swift_only,,byEmptyLayout,,,JobsByPods/JobsByUIKit@Pods/iOS.SDK/UIButton/UIButton+空态图.swift:36,
UIButton,endanim,swift_only,,byEndAnim,,,JobsByPods/JobsByUIKit@Pods/iOS.SDK/UIButton/UIButton+动效数字标题.swift:124,
UIButton,filled,swift_only,,byFilled,,,JobsByPods/JobsSwiftDSL@Pods/UIKit/iOS.SDK/UIButtonConfiguration/UIButtonConfiguration.swift:39,
UIButton,forceplainkeepingcontent,swift_only,,byForcePlainKeepingContent,,,JobsByPods/JobsSwiftDSL@Pods/UIKit/iOS.SDK/UIButtonConfiguration/UIButtonConfiguration.swift:370,
UIButton,gray,swift_only,,byGray,,,JobsByPods/JobsSwiftDSL@Pods/UIKit/iOS.SDK/UIButtonConfiguration/UIButtonConfiguration.swift:33,
UIButton,image,aligned,byImage,byImage,,JobsByPods/JobsOCDSL@Pods/Core/UIKit/UIButton+DSLs/UIButton+DSL/UIButton+DSL.h:58; JobsByPods/JobsOCDSL@Pods/Core/UIKit/UIButton+DSLs/UIButton+DSL/UIButton+DSL.m:149,JobsByPods/JobsSwiftDSL@Pods/UIKit/iOS.SDK/UIButton/UIButton+DSL.swift:816; JobsByPods/JobsSwiftDSL@Pods/UIKit/iOS.SDK/UIButtonConfiguration/UIButtonConfiguration.swift:147,
UIButton,imagecolortransformer,swift_only,,byImageColorTransformer,,,JobsByPods/JobsSwiftDSL@Pods/UIKit/iOS.SDK/UIButtonConfiguration/UIButtonConfiguration.swift:155,
UIButton,imageedgeinsets,aligned,byImageEdgeInsets,byImageEdgeInsets,,JobsByPods/JobsOCDSL@Pods/Core/UIKit/UIButton+DSLs/UIButton+DSL/UIButton+DSL.h:84; JobsByPods/JobsOCDSL@Pods/Core/UIKit/UIButton+DSLs/UIButton+DSL/UIButton+DSL.m:285,JobsByPods/JobsSwiftDSL@Pods/UIKit/iOS.SDK/UIButton/UIButton+DSL.swift:104; JobsByPods/JobsSwiftDSL@Pods/UIKit/iOS.SDK/UIButton/UIButton+DSL.swift:282,
UIButton,imagepadding,swift_only,,byImagePadding,,,JobsByPods/JobsSwiftDSL@Pods/UIKit/iOS.SDK/UIButtonConfiguration/UIButtonConfiguration.swift:185,
UIButton,imageplacement,swift_only,,byImagePlacement,,,JobsByPods/JobsSwiftDSL@Pods/UIKit/iOS.SDK/UIButton/UIButton+DSL.swift:470; JobsByPods/JobsSwiftDSL@Pods/UIKit/iOS.SDK/UIButton/UIButton+DSL.swift:615; JobsByPods/JobsSwiftDSL@Pods/UIKit/iOS.SDK/UIButtonConfiguration/UIButtonConfiguration.swift:177,
UIButton,imageview,oc_only,byImageView,,,JobsByPods/JobsOCDSL@Pods/Core/UIKit/UIButton+DSLs/UIButton+DSL/UIButton+DSL.h:72; JobsByPods/JobsOCDSL@Pods/Core/UIKit/UIButton+DSLs/UIButton+DSL/UIButton+DSL.m:221,,
UIButton,imageviewbackgroundcolor,swift_only,,byImageViewBackgroundColor,,,JobsByPods/JobsSwiftDSL@Pods/UIKit/iOS.SDK/UIButton/UIButton+DSL.swift:185; JobsByPods/JobsSwiftDSL@Pods/UIKit/iOS.SDK/UIButton/UIButton+DSL.swift:365,
UIButton,imageviewcolornerradius,swift_only,,byImageViewCornerRadius,,,JobsByPods/JobsSwiftDSL@Pods/UIKit/iOS.SDK/UIButton/UIButton+DSL.swift:191; JobsByPods/JobsSwiftDSL@Pods/UIKit/iOS.SDK/UIButton/UIButton+DSL.swift:371,
UIButton,imageviewcontentmode,swift_only,,byImageViewContentMode,,,JobsByPods/JobsSwiftDSL@Pods/UIKit/iOS.SDK/UIButton/UIButton+DSL.swift:179; JobsByPods/JobsSwiftDSL@Pods/UIKit/iOS.SDK/UIButton/UIButton+DSL.swift:359,
UIButton,imageviewmaskstobounds,swift_only,,byImageViewMasksToBounds,,,JobsByPods/JobsSwiftDSL@Pods/UIKit/iOS.SDK/UIButton/UIButton+DSL.swift:197; JobsByPods/JobsSwiftDSL@Pods/UIKit/iOS.SDK/UIButton/UIButton+DSL.swift:377,
UIButton,indicator,swift_only,,byIndicator,,,JobsByPods/JobsSwiftDSL@Pods/UIKit/iOS.SDK/UIButtonConfiguration/UIButtonConfiguration.swift:326,
UIButton,indicatorcolortransformer,swift_only,,byIndicatorColorTransformer,,,JobsByPods/JobsSwiftDSL@Pods/UIKit/iOS.SDK/UIButtonConfiguration/UIButtonConfiguration.swift:335,
UIButton,linebreakmode,aligned,byLineBreakMode,byLineBreakMode,,JobsByPods/JobsOCDSL@Pods/Core/UIKit/UIButton+DSLs/UIButton+DSL/UIButton+DSL.h:76; JobsByPods/JobsOCDSL@Pods/Core/UIKit/UIButton+DSLs/UIButton+DSL/UIButton+DSL.m:242,JobsByPods/JobsSwiftDSL@Pods/UIKit/iOS.SDK/UIButton/UIButton+DSL.swift:237; JobsByPods/JobsSwiftDSL@Pods/UIKit/iOS.SDK/UIButton/UIButton+DSL.swift:60,
UIButton,lockbackgroundcolor,swift_only,,byLockBackgroundColor,,,JobsByPods/JobsByUIKit@Pods/iOS.SDK/UIButton/UIButton+锁定TintColor.swift:73,
UIButton,lockbordercolor,swift_only,,byLockBorderColor,,,JobsByPods/JobsByUIKit@Pods/iOS.SDK/UIButton/UIButton+锁定TintColor.swift:93,
UIButton,lockimagerenderingoriginal,swift_only,,byLockImageRenderingOriginal,,,JobsByPods/JobsByUIKit@Pods/iOS.SDK/UIButton/UIButton+锁定TintColor.swift:39,
UIButton,locktintcolor,swift_only,,byLockTintColor,,,JobsByPods/JobsByUIKit@Pods/iOS.SDK/UIButton/UIButton+锁定TintColor.swift:57,
UIButton,locktitlecolor,swift_only,,byLockTitleColor,,,JobsByPods/JobsByUIKit@Pods/iOS.SDK/UIButton/UIButton+锁定TintColor.swift:18,
UIButton,macidiomstyle,swift_only,,byMacIdiomStyle,,,JobsByPods/JobsSwiftDSL@Pods/UIKit/iOS.SDK/UIButtonConfiguration/UIButtonConfiguration.swift:100,
UIButton,makebtnsubtitlebyshowingtype,support_only,,,makeBtnSubTitleByShowingType,,,JobsByPods/JobsBaseUI@Pods/Support/UIKit/UIButton/UIButton+Extra/UIButton+Extra.h:45; JobsByPods/JobsByOCPods@Pods/Core/UIKit/UIButton/UIButton+Extra/UIButton+Extra.h:43
UIButton,makebtntitlebyshowingtype,support_only,,,makeBtnTitleByShowingType,,,JobsByPods/JobsBaseUI@Pods/Support/UIKit/UIButton/UIButton+Extra/UIButton+Extra.h:44; JobsByPods/JobsBaseUI@Pods/Support/UIKit/UIButton/UIButton+Extra/UIButton+Extra.m:12; JobsByPods/JobsByOCPods@Pods/Core/UIKit/UIButton/UIButton+Extra/UIButton+Extra.h:42; JobsByPods/JobsByOCPods@Pods/Core/UIKit/UIButton/UIButton+Extra/UIButton+Extra.m:12
UIButton,makenewlineshows,support_only,,,makeNewLineShows,,,JobsByPods/JobsBaseUI@Pods/Support/UIKit/UIButton/UIButton+UI/UIButton+UI.h:211; JobsByPods/JobsBaseUI@Pods/Support/UIKit/UIButton/UIButton+UI/UIButton+UI.m:319; JobsByPods/JobsByOCPods@Pods/Core/UIKit/UIButton/UIButton+UI/UIButton+UI.h:200; JobsByPods/JobsByOCPods@Pods/Core/UIKit/UIButton/UIButton+UI/UIButton+UI.m:325
UIButton,maskstobounds,swift_only,,byMasksToBounds,,,JobsByPods/JobsSwiftDSL@Pods/UIKit/iOS.SDK/UIButton/UIButton+DSL.swift:439,
UIButton,menu,aligned,byMenu,byMenu,,JobsByPods/JobsOCDSL@Pods/Core/UIKit/UIButton+DSLs/UIButton+DSL/UIButton+DSL.h:46; JobsByPods/JobsOCDSL@Pods/Core/UIKit/UIButton+DSLs/UIButton+DSL/UIButton+DSL.m:92,JobsByPods/JobsSwiftDSL@Pods/UIKit/iOS.SDK/UIButton/UIButton+DSL.swift:131; JobsByPods/JobsSwiftDSL@Pods/UIKit/iOS.SDK/UIButton/UIButton+DSL.swift:311,
UIButton,normalbgcolor,swift_only,,byNormalBgColor,,,JobsByPods/JobsSwiftDSL@Pods/UIKit/iOS.SDK/UIButton/UIButton+DSL.swift:427,
UIButton,numberoflines,swift_only,,byNumberOfLines,,,JobsByPods/JobsSwiftDSL@Pods/UIKit/iOS.SDK/UIButton/UIButton+DSL.swift:231; JobsByPods/JobsSwiftDSL@Pods/UIKit/iOS.SDK/UIButton/UIButton+DSL.swift:54,
UIButton,onclickappendby,support_only,,,onClickAppendBy,,,JobsByPods/JobsBaseUI@Pods/Support/UIKit/UIButton/UIButton+SimplyMake/UIButton+SimplyMake.h:122; JobsByPods/JobsBaseUI@Pods/Support/UIKit/UIButton/UIButton+SimplyMake/UIButton+SimplyMake.m:458; JobsByPods/JobsByOCPods@Pods/Core/UIKit/UIButton/UIButton+SimplyMake/UIButton+SimplyMake.h:122; JobsByPods/JobsByOCPods@Pods/Core/UIKit/UIButton/UIButton+SimplyMake/UIButton+SimplyMake.m:458
UIButton,onclickby,support_only,,,onClickBy,,,JobsByPods/JobsBaseUI@Pods/Support/UIKit/UIButton/UIButton+SimplyMake/UIButton+SimplyMake.h:120; JobsByPods/JobsBaseUI@Pods/Support/UIKit/UIButton/UIButton+SimplyMake/UIButton+SimplyMake.m:449; JobsByPods/JobsByOCPods@Pods/Core/UIKit/UIButton/UIButton+SimplyMake/UIButton+SimplyMake.h:120; JobsByPods/JobsByOCPods@Pods/Core/UIKit/UIButton/UIButton+SimplyMake/UIButton+SimplyMake.m:449
UIButton,onfinish,support_only,,,"byOnFinish, onFinish",,,JobsByPods/JobsByOCPods@Pods/Core/UIKit/UIButton/UIButton+Timer/UIButton+Timer.m:249; JobsByPods/JobsByOCPods@Pods/Core/UIKit/UIButton/UIButton+Timer/UIButton+Timer.m:258
UIButton,onjobscountdownfinish,swift_only,,onJobsCountdownFinish,,,JobsByPods/JobsByUIKit@Pods/iOS.SDK/UIButton/UIButton+倒计时.swift:384,
UIButton,onjobscountdowntick,swift_only,,onJobsCountdownTick,,,JobsByPods/JobsByUIKit@Pods/iOS.SDK/UIButton/UIButton+倒计时.swift:374,
UIButton,onlongpressgestureappendby,support_only,,,onLongPressGestureAppendBy,,,JobsByPods/JobsBaseUI@Pods/Support/UIKit/UIButton/UIButton+SimplyMake/UIButton+SimplyMake.h:126; JobsByPods/JobsBaseUI@Pods/Support/UIKit/UIButton/UIButton+SimplyMake/UIButton+SimplyMake.m:484; JobsByPods/JobsByOCPods@Pods/Core/UIKit/UIButton/UIButton+SimplyMake/UIButton+SimplyMake.h:126; JobsByPods/JobsByOCPods@Pods/Core/UIKit/UIButton/UIButton+SimplyMake/UIButton+SimplyMake.m:484
UIButton,onlongpressgestureby,support_only,,,onLongPressGestureBy,,,JobsByPods/JobsBaseUI@Pods/Support/UIKit/UIButton/UIButton+SimplyMake/UIButton+SimplyMake.h:124; JobsByPods/JobsBaseUI@Pods/Support/UIKit/UIButton/UIButton+SimplyMake/UIButton+SimplyMake.m:475; JobsByPods/JobsByOCPods@Pods/Core/UIKit/UIButton/UIButton+SimplyMake/UIButton+SimplyMake.h:124; JobsByPods/JobsByOCPods@Pods/Core/UIKit/UIButton/UIButton+SimplyMake/UIButton+SimplyMake.m:475
UIButton,ontap,swift_only,,onTap,,,JobsByPods/JobsByUIKit@Pods/iOS.SDK/UIButton/UIButton+点按事件.swift:191,
UIButton,ontapappend,swift_only,,onTapAppend,,,JobsByPods/JobsByUIKit@Pods/iOS.SDK/UIButton/UIButton+点按事件.swift:203,
UIButton,ontick,support_only,,,"byOnTick, onTick",,,JobsByPods/JobsByOCPods@Pods/Core/UIKit/UIButton/UIButton+Timer/UIButton+Timer.m:230; JobsByPods/JobsByOCPods@Pods/Core/UIKit/UIButton/UIButton+Timer/UIButton+Timer.m:239
UIButton,ontimerstatechange,swift_only,,onTimerStateChange,,,JobsByPods/JobsByUIKit@Pods/iOS.SDK/UIButton/UIButton+倒计时.swift:63,
UIButton,plain,swift_only,,byPlain,,,JobsByPods/JobsSwiftDSL@Pods/UIKit/iOS.SDK/UIButtonConfiguration/UIButtonConfiguration.swift:21,
UIButton,pointerinteractionenabled,aligned,byPointerInteractionEnabled,byPointerInteractionEnabled,,JobsByPods/JobsOCDSL@Pods/Core/UIKit/UIButton+DSLs/UIButton+DSL/UIButton+DSL.h:42; JobsByPods/JobsOCDSL@Pods/Core/UIKit/UIButton+DSLs/UIButton+DSL/UIButton+DSL.m:72,JobsByPods/JobsSwiftDSL@Pods/UIKit/iOS.SDK/UIButton/UIButton+DSL.swift:138; JobsByPods/JobsSwiftDSL@Pods/UIKit/iOS.SDK/UIButton/UIButton+DSL.swift:318,
UIButton,pointerstyleprovider,oc_only,byPointerStyleProvider,,,JobsByPods/JobsOCDSL@Pods/Core/UIKit/UIButton+DSLs/UIButton+DSL/UIButton+DSL.h:44; JobsByPods/JobsOCDSL@Pods/Core/UIKit/UIButton+DSLs/UIButton+DSL/UIButton+DSL.m:82,,
UIButton,preferredmenuelementorder,aligned,byPreferredMenuElementOrder,byPreferredMenuElementOrder,,JobsByPods/JobsOCDSL@Pods/Core/UIKit/UIButton+DSLs/UIButton+DSL/UIButton+DSL.h:48; JobsByPods/JobsOCDSL@Pods/Core/UIKit/UIButton+DSLs/UIButton+DSL/UIButton+DSL.m:102,JobsByPods/JobsSwiftDSL@Pods/UIKit/iOS.SDK/UIButton/UIButton+DSL.swift:152; JobsByPods/JobsSwiftDSL@Pods/UIKit/iOS.SDK/UIButton/UIButton+DSL.swift:332,
UIButton,preferredsymbolconfig,swift_only,,byPreferredSymbolConfig,,,JobsByPods/JobsSwiftDSL@Pods/UIKit/iOS.SDK/UIButtonConfiguration/UIButtonConfiguration.swift:171,
UIButton,preferredsymbolconfiguration,oc_only,byPreferredSymbolConfiguration,,,JobsByPods/JobsOCDSL@Pods/Core/UIKit/UIButton+DSLs/UIButton+DSL/UIButton+DSL.h:62; JobsByPods/JobsOCDSL@Pods/Core/UIKit/UIButton+DSLs/UIButton+DSL/UIButton+DSL.m:167,,
UIButton,preferredsymbolconfigurationforimage,swift_only,,byPreferredSymbolConfigurationForImage,,,JobsByPods/JobsSwiftDSL@Pods/UIKit/iOS.SDK/UIButtonConfiguration/UIButtonConfiguration.swift:163,
UIButton,removetapsound,swift_only,,byRemoveTapSound,,,JobsByPods/JobsByUIKit@Pods/iOS.SDK/UIButton/UIButton+声音.swift:85,
UIButton,reversestitleshadowwhenhighlighted,oc_only,byReversesTitleShadowWhenHighlighted,,,JobsByPods/JobsOCDSL@Pods/Core/UIKit/UIButton+DSLs/UIButton+DSL/UIButton+DSL.h:86; JobsByPods/JobsOCDSL@Pods/Core/UIKit/UIButton+DSLs/UIButton+DSL/UIButton+DSL.m:294,,
UIButton,role,aligned,byRole,byRole,,JobsByPods/JobsOCDSL@Pods/Core/UIKit/UIButton+DSLs/UIButton+DSL/UIButton+DSL.h:40; JobsByPods/JobsOCDSL@Pods/Core/UIKit/UIButton+DSLs/UIButton+DSL/UIButton+DSL.m:62,JobsByPods/JobsSwiftDSL@Pods/UIKit/iOS.SDK/UIButton/UIButton+DSL.swift:145; JobsByPods/JobsSwiftDSL@Pods/UIKit/iOS.SDK/UIButton/UIButton+DSL.swift:325,
UIButton,setdefaultcontentinsets,swift_only,,bySetDefaultContentInsets,,,JobsByPods/JobsSwiftDSL@Pods/UIKit/iOS.SDK/UIButtonConfiguration/UIButtonConfiguration.swift:303,
UIButton,setneedsupdateconfiguration,aligned,bySetNeedsUpdateConfiguration,bySetNeedsUpdateConfiguration,,JobsByPods/JobsOCDSL@Pods/Core/UIKit/UIButton+DSLs/UIButton+DSL/UIButton+DSL.h:32; JobsByPods/JobsOCDSL@Pods/Core/UIKit/UIButton+DSLs/UIButton+DSL/UIButton+DSL.m:22,JobsByPods/JobsSwiftDSL@Pods/UIKit/iOS.SDK/UIButton/UIButton+DSL.swift:400,
UIButton,showsactivity,swift_only,,byShowsActivity,,,JobsByPods/JobsSwiftDSL@Pods/UIKit/iOS.SDK/UIButtonConfiguration/UIButtonConfiguration.swift:201,
UIButton,showsactivityindicator,swift_only,,byShowsActivityIndicator,,,JobsByPods/JobsSwiftDSL@Pods/UIKit/iOS.SDK/UIButtonConfiguration/UIButtonConfiguration.swift:193,
UIButton,showstouchwhenhighlighted,aligned,byShowsTouchWhenHighlighted,byShowsTouchWhenHighlighted,,JobsByPods/JobsOCDSL@Pods/Core/UIKit/UIButton+DSLs/UIButton+DSL/UIButton+DSL.h:92; JobsByPods/JobsOCDSL@Pods/Core/UIKit/UIButton+DSLs/UIButton+DSL/UIButton+DSL.m:321,JobsByPods/JobsSwiftDSL@Pods/UIKit/iOS.SDK/UIButton/UIButton+DSL.swift:225; JobsByPods/JobsSwiftDSL@Pods/UIKit/iOS.SDK/UIButton/UIButton+DSL.swift:48,
UIButton,startanim,swift_only,,byStartAnim,,,JobsByPods/JobsByUIKit@Pods/iOS.SDK/UIButton/UIButton+动效数字标题.swift:100; JobsByPods/JobsByUIKit@Pods/iOS.SDK/UIButton/UIButton+动效数字标题.swift:112; JobsByPods/JobsByUIKit@Pods/iOS.SDK/UIButton/UIButton+动效数字标题.swift:88,
UIButton,startrevolutionby,support_only,,,startRevolutionBy,,,JobsByPods/JobsByOCPods@Pods/Core/UIKit/UIButton/UIButton+Animation/UIButton+Animation.h:43; JobsByPods/JobsByOCPods@Pods/Core/UIKit/UIButton/UIButton+Animation/UIButton+Animation.m:29
UIButton,starttime,support_only,,,"byStartTime, startTime",,,JobsByPods/JobsByOCPods@Pods/Core/UIKit/UIButton/UIButton+Timer/UIButton+Timer.h:121; JobsByPods/JobsByOCPods@Pods/Core/UIKit/UIButton/UIButton+Timer/UIButton+Timer.m:202; JobsByPods/JobsByOCPods@Pods/Core/UIKit/UIButton/UIButton+Timer/UIButton+Timer.m:332
UIButton,starttimer,support_only,,,startTimer,,,JobsByPods/JobsByOCPods@Pods/Core/UIKit/UIButton/UIButton+Timer/UIButton+Timer.h:108; JobsByPods/JobsByOCPods@Pods/Core/UIKit/UIButton/UIButton+Timer/UIButton+Timer.m:127
UIButton,starttimerby,support_only,,,startTimerBy,,,JobsByPods/JobsByOCPods@Pods/Core/UIKit/UIButton/UIButton+Timer/UIButton+Timer.h:110; JobsByPods/JobsByOCPods@Pods/Core/UIKit/UIButton/UIButton+Timer/UIButton+Timer.m:136
UIButton,stopanim,swift_only,,byStopAnim,,,JobsByPods/JobsByUIKit@Pods/iOS.SDK/UIButton/UIButton+动效数字标题.swift:136,
UIButton,stopjobscountdown,swift_only,,stopJobsCountdown,,,JobsByPods/JobsByUIKit@Pods/iOS.SDK/UIButton/UIButton+倒计时.swift:361,
UIButton,stopjobstimer,swift_only,,stopJobsTimer,,,JobsByPods/JobsByUIKit@Pods/iOS.SDK/UIButton/UIButton+倒计时.swift:351,
UIButton,stoprevolutionby,support_only,,,stopRevolutionBy,,,JobsByPods/JobsByOCPods@Pods/Core/UIKit/UIButton/UIButton+Animation/UIButton+Animation.h:41; JobsByPods/JobsByOCPods@Pods/Core/UIKit/UIButton/UIButton+Animation/UIButton+Animation.m:21
UIButton,stoptimer,swift_only,,stopTimer,,,JobsByPods/JobsByUIKit@Pods/iOS.SDK/UIButton/UIButton+倒计时.swift:311,
UIButton,subtitle,swift_only,,"bySubTitle, bySubtitle",,,JobsByPods/JobsSwiftDSL@Pods/UIKit/iOS.SDK/UIButton/UIButton+Subtitle.swift:212; JobsByPods/JobsSwiftDSL@Pods/UIKit/iOS.SDK/UIButtonConfiguration/UIButtonConfiguration.swift:247,
UIButton,subtitlecolor,swift_only,,bySubTitleColor,,,JobsByPods/JobsSwiftDSL@Pods/UIKit/iOS.SDK/UIButton/UIButton+Subtitle.swift:231,
UIButton,subtitlefont,swift_only,,bySubTitleFont,,,JobsByPods/JobsSwiftDSL@Pods/UIKit/iOS.SDK/UIButton/UIButton+Subtitle.swift:223,
UIButton,subtitlelab,swift_only,,bySubTitleLab,,,JobsByPods/JobsByUIKit@Pods/iOS.SDK/UIButton/UIButton+获取UI.swift:28,
UIButton,subtitlelabel,oc_only,bySubtitleLabel,,,JobsByPods/JobsOCDSL@Pods/Core/UIKit/UIButton+DSLs/UIButton+DSL/UIButton+DSL.h:70; JobsByPods/JobsOCDSL@Pods/Core/UIKit/UIButton+DSLs/UIButton+DSL/UIButton+DSL.m:204,,
UIButton,subtitletextattributestransformer,swift_only,,bySubtitleTextAttributesTransformer,,,JobsByPods/JobsSwiftDSL@Pods/UIKit/iOS.SDK/UIButtonConfiguration/UIButtonConfiguration.swift:263,
UIButton,symbolcontenttransition,swift_only,,bySymbolContentTransition,,,JobsByPods/JobsSwiftDSL@Pods/UIKit/iOS.SDK/UIButtonConfiguration/UIButtonConfiguration.swift:345,
UIButton,tapsound,swift_only,,byTapSound,,,JobsByPods/JobsByUIKit@Pods/iOS.SDK/UIButton/UIButton+声音.swift:45,
UIButton,timeinterval,support_only,,,byTimeInterval,,,JobsByPods/JobsByOCPods@Pods/Core/UIKit/UIButton/UIButton+Timer/UIButton+Timer.h:120; JobsByPods/JobsByOCPods@Pods/Core/UIKit/UIButton/UIButton+Timer/UIButton+Timer.m:323
UIButton,timerstyle,support_only,,,byTimerStyle,,,JobsByPods/JobsByOCPods@Pods/Core/UIKit/UIButton/UIButton+Timer/UIButton+Timer.h:119; JobsByPods/JobsByOCPods@Pods/Core/UIKit/UIButton/UIButton+Timer/UIButton+Timer.m:314
UIButton,timertype,support_only,,,byTimerType,,,JobsByPods/JobsByOCPods@Pods/Core/UIKit/UIButton/UIButton+Timer/UIButton+Timer.h:118; JobsByPods/JobsByOCPods@Pods/Core/UIKit/UIButton/UIButton+Timer/UIButton+Timer.m:305
UIButton,tintcolor,swift_only,,byTintColor,,,JobsByPods/JobsSwiftDSL@Pods/UIKit/iOS.SDK/UIButton/UIButton+DSL.swift:213; JobsByPods/JobsSwiftDSL@Pods/UIKit/iOS.SDK/UIButton/UIButton+DSL.swift:36,
UIButton,tinted,swift_only,,byTinted,,,JobsByPods/JobsSwiftDSL@Pods/UIKit/iOS.SDK/UIButtonConfiguration/UIButtonConfiguration.swift:27,
UIButton,title,aligned,byTitle,byTitle,,JobsByPods/JobsOCDSL@Pods/Core/UIKit/UIButton+DSLs/UIButton+DSL/UIButton+DSL.h:52; JobsByPods/JobsOCDSL@Pods/Core/UIKit/UIButton+DSLs/UIButton+DSL/UIButton+DSL.m:122,JobsByPods/JobsSwiftDSL@Pods/UIKit/iOS.SDK/UIButton/UIButton+DSL.swift:692; JobsByPods/JobsSwiftDSL@Pods/UIKit/iOS.SDK/UIButtonConfiguration/UIButtonConfiguration.swift:215,
UIButton,titlealignment,aligned,byTitleAlignment,byTitleAlignment,,JobsByPods/JobsOCDSL@Pods/Core/UIKit/UIButton+DSLs/UIButton+DSL/UIButton+DSL.h:74; JobsByPods/JobsOCDSL@Pods/Core/UIKit/UIButton+DSLs/UIButton+DSL/UIButton+DSL.m:230,JobsByPods/JobsSwiftDSL@Pods/UIKit/iOS.SDK/UIButton/UIButton+DSL.swift:243; JobsByPods/JobsSwiftDSL@Pods/UIKit/iOS.SDK/UIButton/UIButton+DSL.swift:66; JobsByPods/JobsSwiftDSL@Pods/UIKit/iOS.SDK/UIButtonConfiguration/UIButtonConfiguration.swift:287,
UIButton,titlecolor,aligned,byTitleCor,byTitleColor,,JobsByPods/JobsOCDSL@Pods/Core/UIKit/UIButton+DSLs/UIButton+DSL/UIButton+DSL.h:54; JobsByPods/JobsOCDSL@Pods/Core/UIKit/UIButton+DSLs/UIButton+DSL/UIButton+DSL.m:131,JobsByPods/JobsSwiftDSL@Pods/UIKit/iOS.SDK/UIButton/UIButton+DSL.swift:764,
UIButton,titleedgeinsets,aligned,byTitleEdgeInsets,byTitleEdgeInsets,,JobsByPods/JobsOCDSL@Pods/Core/UIKit/UIButton+DSLs/UIButton+DSL/UIButton+DSL.h:82; JobsByPods/JobsOCDSL@Pods/Core/UIKit/UIButton+DSLs/UIButton+DSL/UIButton+DSL.m:276,JobsByPods/JobsSwiftDSL@Pods/UIKit/iOS.SDK/UIButton/UIButton+DSL.swift:114; JobsByPods/JobsSwiftDSL@Pods/UIKit/iOS.SDK/UIButton/UIButton+DSL.swift:293,
UIButton,titlefont,aligned,byTitleFont,byTitleFont,,JobsByPods/JobsOCDSL@Pods/Core/UIKit/UIButton+DSLs/UIButton+DSL/UIButton+DSL.h:66; JobsByPods/JobsOCDSL@Pods/Core/UIKit/UIButton+DSLs/UIButton+DSL/UIButton+DSL.m:186,JobsByPods/JobsSwiftDSL@Pods/UIKit/iOS.SDK/UIButton/UIButton+DSL.swift:718,
UIButton,titlelab,swift_only,,byTitleLab,,,JobsByPods/JobsByUIKit@Pods/iOS.SDK/UIButton/UIButton+获取UI.swift:20,
UIButton,titlelabel,oc_only,byTitleLabel,,,JobsByPods/JobsOCDSL@Pods/Core/UIKit/UIButton+DSLs/UIButton+DSL/UIButton+DSL.h:68; JobsByPods/JobsOCDSL@Pods/Core/UIKit/UIButton+DSLs/UIButton+DSL/UIButton+DSL.m:195,,
UIButton,titlepadding,swift_only,,byTitlePadding,,,JobsByPods/JobsSwiftDSL@Pods/UIKit/iOS.SDK/UIButton/UIButton+DSL.swift:798; JobsByPods/JobsSwiftDSL@Pods/UIKit/iOS.SDK/UIButtonConfiguration/UIButtonConfiguration.swift:279,
UIButton,titleshadowcolor,aligned,byTitleShadowCor,byTitleShadowColor,,JobsByPods/JobsOCDSL@Pods/Core/UIKit/UIButton+DSLs/UIButton+DSL/UIButton+DSL.h:56; JobsByPods/JobsOCDSL@Pods/Core/UIKit/UIButton+DSLs/UIButton+DSL/UIButton+DSL.m:140,JobsByPods/JobsSwiftDSL@Pods/UIKit/iOS.SDK/UIButton/UIButton+DSL.swift:810,
UIButton,titleshadowoffset,oc_only,byTitleShadowOffset,,,JobsByPods/JobsOCDSL@Pods/Core/UIKit/UIButton+DSLs/UIButton+DSL/UIButton+DSL.h:78; JobsByPods/JobsOCDSL@Pods/Core/UIKit/UIButton+DSLs/UIButton+DSL/UIButton+DSL.m:258,,
UIButton,titletextattributestransformer,swift_only,,byTitleTextAttributesTransformer,,,JobsByPods/JobsSwiftDSL@Pods/UIKit/iOS.SDK/UIButtonConfiguration/UIButtonConfiguration.swift:231,
UIButton,tons,swift_only,,byToNS,,,JobsByPods/JobsSwiftDSL@Pods/UIKit/iOS.SDK/UIButton/UIButton+DSL.swift:406,
UIButton,toswift,swift_only,,byToSwift,,,JobsByPods/JobsSwiftDSL@Pods/UIKit/iOS.SDK/UIButton/UIButton+DSL.swift:411,
UIButton,updateconfig,swift_only,,byUpdateConfig,,,JobsByPods/JobsSwiftDSL@Pods/UIKit/iOS.SDK/UIButton/UIButton+DSL.swift:847,
UIButton,updateconfiguration,oc_only,byUpdateConfiguration,,,JobsByPods/JobsOCDSL@Pods/Core/UIKit/UIButton+DSLs/UIButton+DSL/UIButton+DSL.h:34; JobsByPods/JobsOCDSL@Pods/Core/UIKit/UIButton+DSLs/UIButton+DSL/UIButton+DSL.m:32,,
UIButton,updated,swift_only,,byUpdated,,,JobsByPods/JobsSwiftDSL@Pods/UIKit/iOS.SDK/UIButtonConfiguration/UIButtonConfiguration.swift:70,
UIButtonConfiguration,activityindicatorcolortransformer,oc_only,byActivityIndicatorColorTransformer,,byActivityIndicatorColorTransformer,JobsByPods/JobsOCDSL@Pods/Core/UIKit/UIButtonConfiguration+DSLs/UIButtonConfiguration+DSL/UIButtonConfiguration+DSL.h:43; JobsByPods/JobsOCDSL@Pods/Core/UIKit/UIButtonConfiguration+DSLs/UIButtonConfiguration+DSL/UIButtonConfiguration+DSL.m:117,,JobsByPods/JobsBaseUI@Pods/Support/UIKit/UIButtonConfiguration/UIButtonConfiguration+Extra/UIButtonConfiguration+Extra.m:169; JobsByPods/JobsByOCPods@Pods/Core/UIKit/UIButtonConfiguration/UIButtonConfiguration+Extra/UIButtonConfiguration+Extra.m:169
UIButtonConfiguration,attributedsubtitle,oc_only,byAttributedSubtitle,,byAttributedSubtitle,JobsByPods/JobsOCDSL@Pods/Core/UIKit/UIButtonConfiguration+DSLs/UIButtonConfiguration+DSL/UIButtonConfiguration+DSL.h:51; JobsByPods/JobsOCDSL@Pods/Core/UIKit/UIButtonConfiguration+DSLs/UIButtonConfiguration+DSL/UIButtonConfiguration+DSL.m:180,,JobsByPods/JobsBaseUI@Pods/Support/UIKit/UIButtonConfiguration/UIButtonConfiguration+Extra/UIButtonConfiguration+Extra.m:223; JobsByPods/JobsByOCPods@Pods/Core/UIKit/UIButtonConfiguration/UIButtonConfiguration+Extra/UIButtonConfiguration+Extra.m:223
UIButtonConfiguration,attributedtitle,oc_only,byAttributedTitle,,byAttributedTitle,JobsByPods/JobsOCDSL@Pods/Core/UIKit/UIButtonConfiguration+DSLs/UIButtonConfiguration+DSL/UIButtonConfiguration+DSL.h:50; JobsByPods/JobsOCDSL@Pods/Core/UIKit/UIButtonConfiguration+DSLs/UIButtonConfiguration+DSL/UIButtonConfiguration+DSL.m:171,,JobsByPods/JobsBaseUI@Pods/Support/UIKit/UIButtonConfiguration/UIButtonConfiguration+Extra/UIButtonConfiguration+Extra.m:187; JobsByPods/JobsByOCPods@Pods/Core/UIKit/UIButtonConfiguration/UIButtonConfiguration+Extra/UIButtonConfiguration+Extra.m:187
UIButtonConfiguration,automaticallyupdateforselection,oc_only,byAutomaticallyUpdateForSelection,,byAutomaticallyUpdateForSelection,JobsByPods/JobsOCDSL@Pods/Core/UIKit/UIButtonConfiguration+DSLs/UIButtonConfiguration+DSL/UIButtonConfiguration+DSL.h:64; JobsByPods/JobsOCDSL@Pods/Core/UIKit/UIButtonConfiguration+DSLs/UIButtonConfiguration+DSL/UIButtonConfiguration+DSL.m:288,,JobsByPods/JobsBaseUI@Pods/Support/UIKit/UIButtonConfiguration/UIButtonConfiguration+Extra/UIButtonConfiguration+Extra.m:313; JobsByPods/JobsByOCPods@Pods/Core/UIKit/UIButtonConfiguration/UIButtonConfiguration+Extra/UIButtonConfiguration+Extra.m:313
UIButtonConfiguration,background,oc_only,byBackground,,byBackground,JobsByPods/JobsOCDSL@Pods/Core/UIKit/UIButtonConfiguration+DSLs/UIButtonConfiguration+DSL/UIButtonConfiguration+DSL.h:31; JobsByPods/JobsOCDSL@Pods/Core/UIKit/UIButtonConfiguration+DSLs/UIButtonConfiguration+DSL/UIButtonConfiguration+DSL.m:14,,JobsByPods/JobsBaseUI@Pods/Support/UIKit/UIButtonConfiguration/UIButtonConfiguration+Extra/UIButtonConfiguration+Extra.m:79; JobsByPods/JobsByOCPods@Pods/Core/UIKit/UIButtonConfiguration/UIButtonConfiguration+Extra/UIButtonConfiguration+Extra.m:79
UIButtonConfiguration,backgroundimage,oc_only,byBackgroundImage,,,JobsByPods/JobsOCDSL@Pods/Core/UIKit/UIButtonConfiguration+DSLs/UIButtonConfiguration+DSL/UIButtonConfiguration+DSL.h:32; JobsByPods/JobsOCDSL@Pods/Core/UIKit/UIButtonConfiguration+DSLs/UIButtonConfiguration+DSL/UIButtonConfiguration+DSL.m:23,,
UIButtonConfiguration,basebackgroundcolor,oc_only,byBaseBackgroundColor,,byBaseBackgroundColor,JobsByPods/JobsOCDSL@Pods/Core/UIKit/UIButtonConfiguration+DSLs/UIButtonConfiguration+DSL/UIButtonConfiguration+DSL.h:36; JobsByPods/JobsOCDSL@Pods/Core/UIKit/UIButtonConfiguration+DSLs/UIButtonConfiguration+DSL/UIButtonConfiguration+DSL.m:61,,JobsByPods/JobsBaseUI@Pods/Support/UIKit/UIButtonConfiguration/UIButtonConfiguration+Extra/UIButtonConfiguration+Extra.m:124; JobsByPods/JobsByOCPods@Pods/Core/UIKit/UIButtonConfiguration/UIButtonConfiguration+Extra/UIButtonConfiguration+Extra.m:124
UIButtonConfiguration,baseforegroundcolor,oc_only,byBaseForegroundColor,,byBaseForegroundColor,JobsByPods/JobsOCDSL@Pods/Core/UIKit/UIButtonConfiguration+DSLs/UIButtonConfiguration+DSL/UIButtonConfiguration+DSL.h:37; JobsByPods/JobsOCDSL@Pods/Core/UIKit/UIButtonConfiguration+DSLs/UIButtonConfiguration+DSL/UIButtonConfiguration+DSL.m:72,,JobsByPods/JobsBaseUI@Pods/Support/UIKit/UIButtonConfiguration/UIButtonConfiguration+Extra/UIButtonConfiguration+Extra.m:115; JobsByPods/JobsByOCPods@Pods/Core/UIKit/UIButtonConfiguration/UIButtonConfiguration+Extra/UIButtonConfiguration+Extra.m:115
UIButtonConfiguration,buttonconfiguration,support_only,,,byButtonConfiguration,,,JobsByPods/JobsBaseUI@Pods/Support/UIKit/UIButtonConfiguration/UIButtonConfiguration+Extra/UIButtonConfiguration+Extra.m:12; JobsByPods/JobsByOCPods@Pods/Core/UIKit/UIButtonConfiguration/UIButtonConfiguration+Extra/UIButtonConfiguration+Extra.m:12
UIButtonConfiguration,buttonsize,oc_only,byButtonSize,,byButtonSize,JobsByPods/JobsOCDSL@Pods/Core/UIKit/UIButtonConfiguration+DSLs/UIButtonConfiguration+DSL/UIButtonConfiguration+DSL.h:34; JobsByPods/JobsOCDSL@Pods/Core/UIKit/UIButtonConfiguration+DSLs/UIButtonConfiguration+DSL/UIButtonConfiguration+DSL.m:43,,JobsByPods/JobsBaseUI@Pods/Support/UIKit/UIButtonConfiguration/UIButtonConfiguration+Extra/UIButtonConfiguration+Extra.m:97; JobsByPods/JobsByOCPods@Pods/Core/UIKit/UIButtonConfiguration/UIButtonConfiguration+Extra/UIButtonConfiguration+Extra.m:97
UIButtonConfiguration,colornerstyle,oc_only,byCornerStyle,,byCornerStyle,JobsByPods/JobsOCDSL@Pods/Core/UIKit/UIButtonConfiguration+DSLs/UIButtonConfiguration+DSL/UIButtonConfiguration+DSL.h:33; JobsByPods/JobsOCDSL@Pods/Core/UIKit/UIButtonConfiguration+DSLs/UIButtonConfiguration+DSL/UIButtonConfiguration+DSL.m:34,,JobsByPods/JobsBaseUI@Pods/Support/UIKit/UIButtonConfiguration/UIButtonConfiguration+Extra/UIButtonConfiguration+Extra.m:88; JobsByPods/JobsByOCPods@Pods/Core/UIKit/UIButtonConfiguration/UIButtonConfiguration+Extra/UIButtonConfiguration+Extra.m:88
UIButtonConfiguration,contentinsets,oc_only,byContentInsets,,byContentInsets,JobsByPods/JobsOCDSL@Pods/Core/UIKit/UIButtonConfiguration+DSLs/UIButtonConfiguration+DSL/UIButtonConfiguration+DSL.h:59; JobsByPods/JobsOCDSL@Pods/Core/UIKit/UIButtonConfiguration+DSLs/UIButtonConfiguration+DSL/UIButtonConfiguration+DSL.m:243,,JobsByPods/JobsBaseUI@Pods/Support/UIKit/UIButtonConfiguration/UIButtonConfiguration+Extra/UIButtonConfiguration+Extra.m:268; JobsByPods/JobsByOCPods@Pods/Core/UIKit/UIButtonConfiguration/UIButtonConfiguration+Extra/UIButtonConfiguration+Extra.m:268
UIButtonConfiguration,image,oc_only,byImage,,byImage,JobsByPods/JobsOCDSL@Pods/Core/UIKit/UIButtonConfiguration+DSLs/UIButtonConfiguration+DSL/UIButtonConfiguration+DSL.h:39; JobsByPods/JobsOCDSL@Pods/Core/UIKit/UIButtonConfiguration+DSLs/UIButtonConfiguration+DSL/UIButtonConfiguration+DSL.m:81,,JobsByPods/JobsBaseUI@Pods/Support/UIKit/UIButtonConfiguration/UIButtonConfiguration+Extra/UIButtonConfiguration+Extra.m:133; JobsByPods/JobsByOCPods@Pods/Core/UIKit/UIButtonConfiguration/UIButtonConfiguration+Extra/UIButtonConfiguration+Extra.m:133
UIButtonConfiguration,imagecolortransformer,oc_only,byImageColorTransformer,,byImageColorTransformer,JobsByPods/JobsOCDSL@Pods/Core/UIKit/UIButtonConfiguration+DSLs/UIButtonConfiguration+DSL/UIButtonConfiguration+DSL.h:40; JobsByPods/JobsOCDSL@Pods/Core/UIKit/UIButtonConfiguration+DSLs/UIButtonConfiguration+DSL/UIButtonConfiguration+DSL.m:90,,JobsByPods/JobsBaseUI@Pods/Support/UIKit/UIButtonConfiguration/UIButtonConfiguration+Extra/UIButtonConfiguration+Extra.m:142; JobsByPods/JobsByOCPods@Pods/Core/UIKit/UIButtonConfiguration/UIButtonConfiguration+Extra/UIButtonConfiguration+Extra.m:142
UIButtonConfiguration,imagepadding,oc_only,byImagePadding,,byImagePadding,JobsByPods/JobsOCDSL@Pods/Core/UIKit/UIButtonConfiguration+DSLs/UIButtonConfiguration+DSL/UIButtonConfiguration+DSL.h:61; JobsByPods/JobsOCDSL@Pods/Core/UIKit/UIButtonConfiguration+DSLs/UIButtonConfiguration+DSL/UIButtonConfiguration+DSL.m:261,,JobsByPods/JobsBaseUI@Pods/Support/UIKit/UIButtonConfiguration/UIButtonConfiguration+Extra/UIButtonConfiguration+Extra.m:286; JobsByPods/JobsByOCPods@Pods/Core/UIKit/UIButtonConfiguration/UIButtonConfiguration+Extra/UIButtonConfiguration+Extra.m:286
UIButtonConfiguration,imageplacement,oc_only,byImagePlacement,,byImagePlacement,JobsByPods/JobsOCDSL@Pods/Core/UIKit/UIButtonConfiguration+DSLs/UIButtonConfiguration+DSL/UIButtonConfiguration+DSL.h:60; JobsByPods/JobsOCDSL@Pods/Core/UIKit/UIButtonConfiguration+DSLs/UIButtonConfiguration+DSL/UIButtonConfiguration+DSL.m:252,,JobsByPods/JobsBaseUI@Pods/Support/UIKit/UIButtonConfiguration/UIButtonConfiguration+Extra/UIButtonConfiguration+Extra.m:277; JobsByPods/JobsByOCPods@Pods/Core/UIKit/UIButtonConfiguration/UIButtonConfiguration+Extra/UIButtonConfiguration+Extra.m:277
UIButtonConfiguration,indicator,oc_only,byIndicator,,byIndicator,JobsByPods/JobsOCDSL@Pods/Core/UIKit/UIButtonConfiguration+DSLs/UIButtonConfiguration+DSL/UIButtonConfiguration+DSL.h:44; JobsByPods/JobsOCDSL@Pods/Core/UIKit/UIButtonConfiguration+DSLs/UIButtonConfiguration+DSL/UIButtonConfiguration+DSL.m:126,,JobsByPods/JobsBaseUI@Pods/Support/UIKit/UIButtonConfiguration/UIButtonConfiguration+Extra/UIButtonConfiguration+Extra.m:250; JobsByPods/JobsByOCPods@Pods/Core/UIKit/UIButtonConfiguration/UIButtonConfiguration+Extra/UIButtonConfiguration+Extra.m:250
UIButtonConfiguration,indicatorcolortransformer,oc_only,byIndicatorColorTransformer,,byIndicatorColorTransformer,JobsByPods/JobsOCDSL@Pods/Core/UIKit/UIButtonConfiguration+DSLs/UIButtonConfiguration+DSL/UIButtonConfiguration+DSL.h:45; JobsByPods/JobsOCDSL@Pods/Core/UIKit/UIButtonConfiguration+DSLs/UIButtonConfiguration+DSL/UIButtonConfiguration+DSL.m:135,,JobsByPods/JobsBaseUI@Pods/Support/UIKit/UIButtonConfiguration/UIButtonConfiguration+Extra/UIButtonConfiguration+Extra.m:259; JobsByPods/JobsByOCPods@Pods/Core/UIKit/UIButtonConfiguration/UIButtonConfiguration+Extra/UIButtonConfiguration+Extra.m:259
UIButtonConfiguration,macidiomstyle,oc_only,byMacIdiomStyle,,byMacIdiomStyle,JobsByPods/JobsOCDSL@Pods/Core/UIKit/UIButtonConfiguration+DSLs/UIButtonConfiguration+DSL/UIButtonConfiguration+DSL.h:35; JobsByPods/JobsOCDSL@Pods/Core/UIKit/UIButtonConfiguration+DSLs/UIButtonConfiguration+DSL/UIButtonConfiguration+DSL.m:52,,JobsByPods/JobsBaseUI@Pods/Support/UIKit/UIButtonConfiguration/UIButtonConfiguration+Extra/UIButtonConfiguration+Extra.m:106; JobsByPods/JobsByOCPods@Pods/Core/UIKit/UIButtonConfiguration/UIButtonConfiguration+Extra/UIButtonConfiguration+Extra.m:106
UIButtonConfiguration,preferredsymbolconfigurationforimage,oc_only,byPreferredSymbolConfigurationForImage,,byPreferredSymbolConfigurationForImage,JobsByPods/JobsOCDSL@Pods/Core/UIKit/UIButtonConfiguration+DSLs/UIButtonConfiguration+DSL/UIButtonConfiguration+DSL.h:41; JobsByPods/JobsOCDSL@Pods/Core/UIKit/UIButtonConfiguration+DSLs/UIButtonConfiguration+DSL/UIButtonConfiguration+DSL.m:99,,JobsByPods/JobsBaseUI@Pods/Support/UIKit/UIButtonConfiguration/UIButtonConfiguration+Extra/UIButtonConfiguration+Extra.m:151; JobsByPods/JobsByOCPods@Pods/Core/UIKit/UIButtonConfiguration/UIButtonConfiguration+Extra/UIButtonConfiguration+Extra.m:151
UIButtonConfiguration,setdefaultcontentinsets,oc_only,bySetDefaultContentInsets,,,JobsByPods/JobsOCDSL@Pods/Core/UIKit/UIButtonConfiguration+DSLs/UIButtonConfiguration+DSL/UIButtonConfiguration+DSL.h:63; JobsByPods/JobsOCDSL@Pods/Core/UIKit/UIButtonConfiguration+DSLs/UIButtonConfiguration+DSL/UIButtonConfiguration+DSL.m:279,,
UIButtonConfiguration,showsactivityindicator,oc_only,byShowsActivityIndicator,,byShowsActivityIndicator,JobsByPods/JobsOCDSL@Pods/Core/UIKit/UIButtonConfiguration+DSLs/UIButtonConfiguration+DSL/UIButtonConfiguration+DSL.h:42; JobsByPods/JobsOCDSL@Pods/Core/UIKit/UIButtonConfiguration+DSLs/UIButtonConfiguration+DSL/UIButtonConfiguration+DSL.m:108,,JobsByPods/JobsBaseUI@Pods/Support/UIKit/UIButtonConfiguration/UIButtonConfiguration+Extra/UIButtonConfiguration+Extra.m:160; JobsByPods/JobsByOCPods@Pods/Core/UIKit/UIButtonConfiguration/UIButtonConfiguration+Extra/UIButtonConfiguration+Extra.m:160
UIButtonConfiguration,subtitle,oc_only,"bySubTitle, bySubtitle",,bySubtitle,JobsByPods/JobsOCDSL@Pods/Core/UIKit/UIButtonConfiguration+DSLs/UIButtonConfiguration+DSL/UIButtonConfiguration+DSL.h:48; JobsByPods/JobsOCDSL@Pods/Core/UIKit/UIButtonConfiguration+DSLs/UIButtonConfiguration+DSL/UIButtonConfiguration+DSL.h:49; JobsByPods/JobsOCDSL@Pods/Core/UIKit/UIButtonConfiguration+DSLs/UIButtonConfiguration+DSL/UIButtonConfiguration+DSL.m:153; JobsByPods/JobsOCDSL@Pods/Core/UIKit/UIButtonConfiguration+DSLs/UIButtonConfiguration+DSL/UIButtonConfiguration+DSL.m:162,,JobsByPods/JobsBaseUI@Pods/Support/UIKit/UIButtonConfiguration/UIButtonConfiguration+Extra/UIButtonConfiguration+Extra.m:214; JobsByPods/JobsByOCPods@Pods/Core/UIKit/UIButtonConfiguration/UIButtonConfiguration+Extra/UIButtonConfiguration+Extra.m:214
UIButtonConfiguration,subtitlelinebreakmode,oc_only,"bySubTitleLineBreakMode, bySubtitleLineBreakMode",,bySubtitleLineBreakMode,JobsByPods/JobsOCDSL@Pods/Core/UIKit/UIButtonConfiguration+DSLs/UIButtonConfiguration+DSL/UIButtonConfiguration+DSL.h:55; JobsByPods/JobsOCDSL@Pods/Core/UIKit/UIButtonConfiguration+DSLs/UIButtonConfiguration+DSL/UIButtonConfiguration+DSL.h:56; JobsByPods/JobsOCDSL@Pods/Core/UIKit/UIButtonConfiguration+DSLs/UIButtonConfiguration+DSL/UIButtonConfiguration+DSL.m:216; JobsByPods/JobsOCDSL@Pods/Core/UIKit/UIButtonConfiguration+DSLs/UIButtonConfiguration+DSL/UIButtonConfiguration+DSL.m:225,,JobsByPods/JobsBaseUI@Pods/Support/UIKit/UIButtonConfiguration/UIButtonConfiguration+Extra/UIButtonConfiguration+Extra.m:241; JobsByPods/JobsByOCPods@Pods/Core/UIKit/UIButtonConfiguration/UIButtonConfiguration+Extra/UIButtonConfiguration+Extra.m:241
UIButtonConfiguration,subtitletextattributestransformer,oc_only,bySubtitleTextAttributesTransformer,,bySubtitleTextAttributesTransformer,JobsByPods/JobsOCDSL@Pods/Core/UIKit/UIButtonConfiguration+DSLs/UIButtonConfiguration+DSL/UIButtonConfiguration+DSL.h:53; JobsByPods/JobsOCDSL@Pods/Core/UIKit/UIButtonConfiguration+DSLs/UIButtonConfiguration+DSL/UIButtonConfiguration+DSL.m:198,,JobsByPods/JobsBaseUI@Pods/Support/UIKit/UIButtonConfiguration/UIButtonConfiguration+Extra/UIButtonConfiguration+Extra.m:232; JobsByPods/JobsByOCPods@Pods/Core/UIKit/UIButtonConfiguration/UIButtonConfiguration+Extra/UIButtonConfiguration+Extra.m:232
UIButtonConfiguration,title,oc_only,byTitle,,byTitle,JobsByPods/JobsOCDSL@Pods/Core/UIKit/UIButtonConfiguration+DSLs/UIButtonConfiguration+DSL/UIButtonConfiguration+DSL.h:47; JobsByPods/JobsOCDSL@Pods/Core/UIKit/UIButtonConfiguration+DSLs/UIButtonConfiguration+DSL/UIButtonConfiguration+DSL.m:144,,JobsByPods/JobsBaseUI@Pods/Support/UIKit/UIButtonConfiguration/UIButtonConfiguration+Extra/UIButtonConfiguration+Extra.m:178; JobsByPods/JobsByOCPods@Pods/Core/UIKit/UIButtonConfiguration/UIButtonConfiguration+Extra/UIButtonConfiguration+Extra.m:178
UIButtonConfiguration,titlealignment,oc_only,byTitleAlignment,,byTitleAlignment,JobsByPods/JobsOCDSL@Pods/Core/UIKit/UIButtonConfiguration+DSLs/UIButtonConfiguration+DSL/UIButtonConfiguration+DSL.h:57; JobsByPods/JobsOCDSL@Pods/Core/UIKit/UIButtonConfiguration+DSLs/UIButtonConfiguration+DSL/UIButtonConfiguration+DSL.m:234,,JobsByPods/JobsBaseUI@Pods/Support/UIKit/UIButtonConfiguration/UIButtonConfiguration+Extra/UIButtonConfiguration+Extra.m:304; JobsByPods/JobsByOCPods@Pods/Core/UIKit/UIButtonConfiguration/UIButtonConfiguration+Extra/UIButtonConfiguration+Extra.m:304
UIButtonConfiguration,titlelinebreakmode,oc_only,byTitleLineBreakMode,,byTitleLineBreakMode,JobsByPods/JobsOCDSL@Pods/Core/UIKit/UIButtonConfiguration+DSLs/UIButtonConfiguration+DSL/UIButtonConfiguration+DSL.h:54; JobsByPods/JobsOCDSL@Pods/Core/UIKit/UIButtonConfiguration+DSLs/UIButtonConfiguration+DSL/UIButtonConfiguration+DSL.m:207,,JobsByPods/JobsBaseUI@Pods/Support/UIKit/UIButtonConfiguration/UIButtonConfiguration+Extra/UIButtonConfiguration+Extra.m:205; JobsByPods/JobsByOCPods@Pods/Core/UIKit/UIButtonConfiguration/UIButtonConfiguration+Extra/UIButtonConfiguration+Extra.m:205
UIButtonConfiguration,titlepadding,oc_only,byTitlePadding,,byTitlePadding,JobsByPods/JobsOCDSL@Pods/Core/UIKit/UIButtonConfiguration+DSLs/UIButtonConfiguration+DSL/UIButtonConfiguration+DSL.h:62; JobsByPods/JobsOCDSL@Pods/Core/UIKit/UIButtonConfiguration+DSLs/UIButtonConfiguration+DSL/UIButtonConfiguration+DSL.m:270,,JobsByPods/JobsBaseUI@Pods/Support/UIKit/UIButtonConfiguration/UIButtonConfiguration+Extra/UIButtonConfiguration+Extra.m:295; JobsByPods/JobsByOCPods@Pods/Core/UIKit/UIButtonConfiguration/UIButtonConfiguration+Extra/UIButtonConfiguration+Extra.m:295
UIButtonConfiguration,titletextattributestransformer,oc_only,byTitleTextAttributesTransformer,,byTitleTextAttributesTransformer,JobsByPods/JobsOCDSL@Pods/Core/UIKit/UIButtonConfiguration+DSLs/UIButtonConfiguration+DSL/UIButtonConfiguration+DSL.h:52; JobsByPods/JobsOCDSL@Pods/Core/UIKit/UIButtonConfiguration+DSLs/UIButtonConfiguration+DSL/UIButtonConfiguration+DSL.m:189,,JobsByPods/JobsBaseUI@Pods/Support/UIKit/UIButtonConfiguration/UIButtonConfiguration+Extra/UIButtonConfiguration+Extra.m:196; JobsByPods/JobsByOCPods@Pods/Core/UIKit/UIButtonConfiguration/UIButtonConfiguration+Extra/UIButtonConfiguration+Extra.m:196
UICollectionView,allowsfocus,aligned,byAllowsFocus,byAllowsFocus,,JobsByPods/JobsOCDSL@Pods/Core/UIKit/UICollectionView+DSLs/UICollectionView+DSL/UICollectionView+DSL.m:405,JobsByPods/JobsSwiftDSL@Pods/UIKit/iOS.SDK/UICollectionView/UICollectionView+DSL.swift:224; JobsByPods/JobsSwiftDSL@Pods/UIKit/iOS.SDK/UICollectionView/UICollectionView+DSL.swift:92,
UICollectionView,allowsfocusduringediting,aligned,byAllowsFocusDuringEditing,byAllowsFocusDuringEditing,,JobsByPods/JobsOCDSL@Pods/Core/UIKit/UICollectionView+DSLs/UICollectionView+DSL/UICollectionView+DSL.m:415,JobsByPods/JobsSwiftDSL@Pods/UIKit/iOS.SDK/UICollectionView/UICollectionView+DSL.swift:230; JobsByPods/JobsSwiftDSL@Pods/UIKit/iOS.SDK/UICollectionView/UICollectionView+DSL.swift:99,
UICollectionView,allowsmultipleselection,aligned,byAllowsMultipleSelection,byAllowsMultipleSelection,,JobsByPods/JobsOCDSL@Pods/Core/UIKit/UICollectionView+DSLs/UICollectionView+DSL/UICollectionView+DSL.m:346,JobsByPods/JobsSwiftDSL@Pods/UIKit/iOS.SDK/UICollectionView/UICollectionView+DSL.swift:168; JobsByPods/JobsSwiftDSL@Pods/UIKit/iOS.SDK/UICollectionView/UICollectionView+DSL.swift:26,
UICollectionView,allowsmultipleselectionduringediting,aligned,byAllowsMultipleSelectionDuringEditing,byAllowsMultipleSelectionDuringEditing,,JobsByPods/JobsOCDSL@Pods/Core/UIKit/UICollectionView+DSLs/UICollectionView+DSL/UICollectionView+DSL.m:375,JobsByPods/JobsSwiftDSL@Pods/UIKit/iOS.SDK/UICollectionView/UICollectionView+DSL.swift:206; JobsByPods/JobsSwiftDSL@Pods/UIKit/iOS.SDK/UICollectionView/UICollectionView+DSL.swift:71,
UICollectionView,allowsselection,aligned,byAllowsSelection,byAllowsSelection,,JobsByPods/JobsOCDSL@Pods/Core/UIKit/UICollectionView+DSLs/UICollectionView+DSL/UICollectionView+DSL.m:337,JobsByPods/JobsSwiftDSL@Pods/UIKit/iOS.SDK/UICollectionView/UICollectionView+DSL.swift:162; JobsByPods/JobsSwiftDSL@Pods/UIKit/iOS.SDK/UICollectionView/UICollectionView+DSL.swift:20,
UICollectionView,allowsselectionduringediting,aligned,byAllowsSelectionDuringEditing,byAllowsSelectionDuringEditing,,JobsByPods/JobsOCDSL@Pods/Core/UIKit/UICollectionView+DSLs/UICollectionView+DSL/UICollectionView+DSL.m:365,JobsByPods/JobsSwiftDSL@Pods/UIKit/iOS.SDK/UICollectionView/UICollectionView+DSL.swift:200; JobsByPods/JobsSwiftDSL@Pods/UIKit/iOS.SDK/UICollectionView/UICollectionView+DSL.swift:64,
UICollectionView,backgroundview,aligned,byBackgroundView,byBackgroundView,,JobsByPods/JobsOCDSL@Pods/Core/UIKit/UICollectionView+DSLs/UICollectionView+DSL/UICollectionView+DSL.m:328,JobsByPods/JobsSwiftDSL@Pods/UIKit/iOS.SDK/UICollectionView/UICollectionView+DSL.swift:153; JobsByPods/JobsSwiftDSL@Pods/UIKit/iOS.SDK/UICollectionView/UICollectionView+DSL.swift:277,
UICollectionView,begininteractivemovement,swift_only,,byBeginInteractiveMovement,,,JobsByPods/JobsSwiftDSL@Pods/UIKit/iOS.SDK/UICollectionView/UICollectionView+DSL.swift:434,
UICollectionView,cancelinteractivemovement,swift_only,,byCancelInteractiveMovement,,,JobsByPods/JobsSwiftDSL@Pods/UIKit/iOS.SDK/UICollectionView/UICollectionView+DSL.swift:454,
UICollectionView,cancelinteractivetransition,swift_only,,byCancelInteractiveTransition,,,JobsByPods/JobsSwiftDSL@Pods/UIKit/iOS.SDK/UICollectionView/UICollectionView+DSL.swift:427,
UICollectionView,collectionviewflowlayout,oc_only,byCollectionViewFlowLayout,,,JobsByPods/JobsOCDSL@Pods/Core/UIKit/UICollectionView+DSLs/UICollectionView+DSL/UICollectionView+DSL.h:37; JobsByPods/JobsOCDSL@Pods/Core/UIKit/UICollectionView+DSLs/UICollectionView+DSL/UICollectionView+DSL.m:169,,
UICollectionView,collectionviewlayout,aligned,byCollectionViewLayout,byCollectionViewLayout,,JobsByPods/JobsOCDSL@Pods/Core/UIKit/UICollectionView+DSLs/UICollectionView+DSL/UICollectionView+DSL.h:36; JobsByPods/JobsOCDSL@Pods/Core/UIKit/UICollectionView+DSLs/UICollectionView+DSL/UICollectionView+DSL.m:160,JobsByPods/JobsSwiftDSL@Pods/UIKit/iOS.SDK/UICollectionView/UICollectionView+DSL.swift:183; JobsByPods/JobsSwiftDSL@Pods/UIKit/iOS.SDK/UICollectionView/UICollectionView+DSL.swift:44,
UICollectionView,contextmenuinteraction,swift_only,,byContextMenuInteraction,,,JobsByPods/JobsSwiftDSL@Pods/UIKit/iOS.SDK/UICollectionView/UICollectionView+DSL.swift:324,
UICollectionView,datasource,aligned,byDataSource,byDataSource,byDataSource,JobsByPods/JobsOCDSL@Pods/Core/UIKit/UICollectionView+DSLs/UICollectionView+DSL/UICollectionView+DSL.m:192,JobsByPods/JobsSwiftDSL@Pods/UIKit/iOS.SDK/UICollectionView/UICollectionView+DSL.swift:178; JobsByPods/JobsSwiftDSL@Pods/UIKit/iOS.SDK/UICollectionView/UICollectionView+DSL.swift:38,JobsByPods/JobsByOCPods@Pods/Core/UIKit/UICollectionView/UICollectionView+Func/UICollectionView+Func.m:77
UICollectionView,delegate,aligned,byDelegate,byDelegate,byDelegate,JobsByPods/JobsOCDSL@Pods/Core/UIKit/UICollectionView+DSLs/UICollectionView+DSL/UICollectionView+DSL.m:178,JobsByPods/JobsSwiftDSL@Pods/UIKit/iOS.SDK/UICollectionView/UICollectionView+DSL.swift:173; JobsByPods/JobsSwiftDSL@Pods/UIKit/iOS.SDK/UICollectionView/UICollectionView+DSL.swift:32,JobsByPods/JobsByOCPods@Pods/Core/UIKit/UICollectionView/UICollectionView+Func/UICollectionView+Func.m:68
UICollectionView,deleteitems,swift_only,,byDeleteItems,,,JobsByPods/JobsSwiftDSL@Pods/UIKit/iOS.SDK/UICollectionView/UICollectionView+DSL.swift:386,
UICollectionView,deletesections,swift_only,,byDeleteSections,,,JobsByPods/JobsSwiftDSL@Pods/UIKit/iOS.SDK/UICollectionView/UICollectionView+DSL.swift:362,
UICollectionView,deselectitem,swift_only,,byDeselectItem,,,JobsByPods/JobsSwiftDSL@Pods/UIKit/iOS.SDK/UICollectionView/UICollectionView+DSL.swift:294,
UICollectionView,dragdelegate,aligned,byDragDelegate,byDragDelegate,byDragDelegate,JobsByPods/JobsOCDSL@Pods/Core/UIKit/UICollectionView+DSLs/UICollectionView+DSL/UICollectionView+DSL.m:278,JobsByPods/JobsSwiftDSL@Pods/UIKit/iOS.SDK/UICollectionView/UICollectionView+DSL.swift:120; JobsByPods/JobsSwiftDSL@Pods/UIKit/iOS.SDK/UICollectionView/UICollectionView+DSL.swift:248,JobsByPods/JobsByOCPods@Pods/Core/UIKit/UICollectionView/UICollectionView+Func/UICollectionView+Func.m:86
UICollectionView,draginteractionenabled,aligned,byDragInteractionEnabled,byDragInteractionEnabled,,JobsByPods/JobsOCDSL@Pods/Core/UIKit/UICollectionView+DSLs/UICollectionView+DSL/UICollectionView+DSL.m:298,JobsByPods/JobsSwiftDSL@Pods/UIKit/iOS.SDK/UICollectionView/UICollectionView+DSL.swift:134; JobsByPods/JobsSwiftDSL@Pods/UIKit/iOS.SDK/UICollectionView/UICollectionView+DSL.swift:260,
UICollectionView,dropdelegate,aligned,byDropDelegate,byDropDelegate,byDropDelegate,JobsByPods/JobsOCDSL@Pods/Core/UIKit/UICollectionView+DSLs/UICollectionView+DSL/UICollectionView+DSL.m:288,JobsByPods/JobsSwiftDSL@Pods/UIKit/iOS.SDK/UICollectionView/UICollectionView+DSL.swift:127; JobsByPods/JobsSwiftDSL@Pods/UIKit/iOS.SDK/UICollectionView/UICollectionView+DSL.swift:254,JobsByPods/JobsByOCPods@Pods/Core/UIKit/UICollectionView/UICollectionView+Func/UICollectionView+Func.m:95
UICollectionView,editing,aligned,byEditing,byEditing,,JobsByPods/JobsOCDSL@Pods/Core/UIKit/UICollectionView+DSLs/UICollectionView+DSL/UICollectionView+DSL.m:355,JobsByPods/JobsSwiftDSL@Pods/UIKit/iOS.SDK/UICollectionView/UICollectionView+DSL.swift:194; JobsByPods/JobsSwiftDSL@Pods/UIKit/iOS.SDK/UICollectionView/UICollectionView+DSL.swift:57,
UICollectionView,endinteractivemovement,swift_only,,byEndInteractiveMovement,,,JobsByPods/JobsSwiftDSL@Pods/UIKit/iOS.SDK/UICollectionView/UICollectionView+DSL.swift:447,
UICollectionView,finishinteractivetransition,swift_only,,byFinishInteractiveTransition,,,JobsByPods/JobsSwiftDSL@Pods/UIKit/iOS.SDK/UICollectionView/UICollectionView+DSL.swift:420,
UICollectionView,hideskeletonandreload,swift_only,,byHideSkeletonAndReload,,,JobsByPods/JobsByUIKit@Pods/iOS.SDK/UIView/UIView+SkeletonView.swift:103,
UICollectionView,insertitems,swift_only,,byInsertItems,,,JobsByPods/JobsSwiftDSL@Pods/UIKit/iOS.SDK/UICollectionView/UICollectionView+DSL.swift:380,
UICollectionView,insertsections,swift_only,,byInsertSections,,,JobsByPods/JobsSwiftDSL@Pods/UIKit/iOS.SDK/UICollectionView/UICollectionView+DSL.swift:356,
UICollectionView,mjrefreshfooter,support_only,,,byMJRefreshFooter,,,JobsByPods/JobsByOCPods@Pods/Core/UIKit/UICollectionView/UICollectionView+Func/UICollectionView+Func.m:38
UICollectionView,mjrefreshheader,support_only,,,byMJRefreshHeader,,,JobsByPods/JobsByOCPods@Pods/Core/UIKit/UICollectionView/UICollectionView+Func/UICollectionView+Func.m:28
UICollectionView,moveitem,swift_only,,byMoveItem,,,JobsByPods/JobsSwiftDSL@Pods/UIKit/iOS.SDK/UICollectionView/UICollectionView+DSL.swift:392,
UICollectionView,movesection,swift_only,,byMoveSection,,,JobsByPods/JobsSwiftDSL@Pods/UIKit/iOS.SDK/UICollectionView/UICollectionView+DSL.swift:368,
UICollectionView,numberofitemsinsection,oc_only,byNumberOfItemsInSection,,,JobsByPods/JobsOCDSL@Pods/Core/UIKit/UICollectionView+DSLs/UICollectionView+DSL/UICollectionView+DSL.h:40; JobsByPods/JobsOCDSL@Pods/Core/UIKit/UICollectionView+DSLs/UICollectionView+DSL/UICollectionView+DSL.m:228,,
UICollectionView,numberofsections,oc_only,byNumberOfSections,,,JobsByPods/JobsOCDSL@Pods/Core/UIKit/UICollectionView+DSLs/UICollectionView+DSL/UICollectionView+DSL.h:39; JobsByPods/JobsOCDSL@Pods/Core/UIKit/UICollectionView+DSLs/UICollectionView+DSL/UICollectionView+DSL.m:218,,
UICollectionView,performbatchupdates,swift_only,,byPerformBatchUpdates,,,JobsByPods/JobsSwiftDSL@Pods/UIKit/iOS.SDK/UICollectionView/UICollectionView+DSL.swift:349,
UICollectionView,prefetchdatasource,aligned,byPrefetchDataSource,byPrefetchDataSource,byPrefetchDataSource,JobsByPods/JobsOCDSL@Pods/Core/UIKit/UICollectionView+DSLs/UICollectionView+DSL/UICollectionView+DSL.m:258,JobsByPods/JobsSwiftDSL@Pods/UIKit/iOS.SDK/UICollectionView/UICollectionView+DSL.swift:106; JobsByPods/JobsSwiftDSL@Pods/UIKit/iOS.SDK/UICollectionView/UICollectionView+DSL.swift:236,JobsByPods/JobsByOCPods@Pods/Core/UIKit/UICollectionView/UICollectionView+Func/UICollectionView+Func.m:104
UICollectionView,prefetchingenabled,aligned,byPrefetchingEnabled,byPrefetchingEnabled,,JobsByPods/JobsOCDSL@Pods/Core/UIKit/UICollectionView+DSLs/UICollectionView+DSL/UICollectionView+DSL.m:268,JobsByPods/JobsSwiftDSL@Pods/UIKit/iOS.SDK/UICollectionView/UICollectionView+DSL.swift:113; JobsByPods/JobsSwiftDSL@Pods/UIKit/iOS.SDK/UICollectionView/UICollectionView+DSL.swift:242,
UICollectionView,reconfigureitems,swift_only,,byReconfigureItems,,,JobsByPods/JobsSwiftDSL@Pods/UIKit/iOS.SDK/UICollectionView/UICollectionView+DSL.swift:405,
UICollectionView,register,swift_only,,byRegister,,,JobsByPods/JobsByUIKit@Pods/iOS.SDK/UICollectionView/UICollectionView+Register.swift:65; JobsByPods/JobsByUIKit@Pods/iOS.SDK/UICollectionView/UICollectionView+Register.swift:75,
UICollectionView,registerfooterview,swift_only,,byRegisterFooterView,,,JobsByPods/JobsByUIKit@Pods/iOS.SDK/UICollectionView/UICollectionView+Register.swift:135; JobsByPods/JobsByUIKit@Pods/iOS.SDK/UICollectionView/UICollectionView+Register.swift:146,
UICollectionView,registerheaderview,swift_only,,byRegisterHeaderView,,,JobsByPods/JobsByUIKit@Pods/iOS.SDK/UICollectionView/UICollectionView+Register.swift:113; JobsByPods/JobsByUIKit@Pods/iOS.SDK/UICollectionView/UICollectionView+Register.swift:124,
UICollectionView,reloaddata,swift_only,,byReloadData,,,JobsByPods/JobsSwiftDSL@Pods/UIKit/iOS.SDK/UICollectionView/UICollectionView+DSL.swift:343,
UICollectionView,reloaditems,swift_only,,byReloadItems,,,JobsByPods/JobsSwiftDSL@Pods/UIKit/iOS.SDK/UICollectionView/UICollectionView+DSL.swift:398,
UICollectionView,reloadsections,swift_only,,byReloadSections,,,JobsByPods/JobsSwiftDSL@Pods/UIKit/iOS.SDK/UICollectionView/UICollectionView+DSL.swift:374,
UICollectionView,rememberslastfocusedindexpath,aligned,byRemembersLastFocusedIndexPath,byRemembersLastFocusedIndexPath,,JobsByPods/JobsOCDSL@Pods/Core/UIKit/UICollectionView+DSLs/UICollectionView+DSL/UICollectionView+DSL.m:385,JobsByPods/JobsSwiftDSL@Pods/UIKit/iOS.SDK/UICollectionView/UICollectionView+DSL.swift:212; JobsByPods/JobsSwiftDSL@Pods/UIKit/iOS.SDK/UICollectionView/UICollectionView+DSL.swift:78,
UICollectionView,reorderingcadence,aligned,byReorderingCadence,byReorderingCadence,,JobsByPods/JobsOCDSL@Pods/Core/UIKit/UICollectionView+DSLs/UICollectionView+DSL/UICollectionView+DSL.m:308,JobsByPods/JobsSwiftDSL@Pods/UIKit/iOS.SDK/UICollectionView/UICollectionView+DSL.swift:141; JobsByPods/JobsSwiftDSL@Pods/UIKit/iOS.SDK/UICollectionView/UICollectionView+DSL.swift:266,
UICollectionView,scrolldirection,swift_only,,byScrollDirection,,,JobsByPods/JobsSwiftDSL@Pods/UIKit/iOS.SDK/UICollectionView/UICollectionView+DSL.swift:188; JobsByPods/JobsSwiftDSL@Pods/UIKit/iOS.SDK/UICollectionView/UICollectionView+DSL.swift:50,
UICollectionView,selectionfollowsfocus,aligned,bySelectionFollowsFocus,bySelectionFollowsFocus,,JobsByPods/JobsOCDSL@Pods/Core/UIKit/UICollectionView+DSLs/UICollectionView+DSL/UICollectionView+DSL.m:395,JobsByPods/JobsSwiftDSL@Pods/UIKit/iOS.SDK/UICollectionView/UICollectionView+DSL.swift:218; JobsByPods/JobsSwiftDSL@Pods/UIKit/iOS.SDK/UICollectionView/UICollectionView+DSL.swift:85,
UICollectionView,selfsizinginvalidation,aligned,bySelfSizingInvalidation,bySelfSizingInvalidation,,JobsByPods/JobsOCDSL@Pods/Core/UIKit/UICollectionView+DSLs/UICollectionView+DSL/UICollectionView+DSL.m:318,JobsByPods/JobsSwiftDSL@Pods/UIKit/iOS.SDK/UICollectionView/UICollectionView+DSL.swift:148; JobsByPods/JobsSwiftDSL@Pods/UIKit/iOS.SDK/UICollectionView/UICollectionView+DSL.swift:272,
UICollectionView,setlayout,swift_only,,bySetLayout,,,JobsByPods/JobsSwiftDSL@Pods/UIKit/iOS.SDK/UICollectionView/UICollectionView+DSL.swift:303,
UICollectionView,show,support_only,,,byShow,,,JobsByPods/JobsByOCPods@Pods/Core/UIKit/UICollectionView/UICollectionView+Func/UICollectionView+Func.m:58
UICollectionView,target,aligned,byTarget,byTarget,,JobsByPods/JobsOCDSL@Pods/Core/UIKit/UICollectionView+DSLs/UICollectionView+DSL/UICollectionView+DSL.h:38; JobsByPods/JobsOCDSL@Pods/Core/UIKit/UICollectionView+DSLs/UICollectionView+DSL/UICollectionView+DSL.m:206,JobsByPods/JobsByUIKit@Pods/iOS.SDK/UICollectionView/UICollectionView.swift:20,
UICollectionView,updateinteractivemovementtargetposition,swift_only,,byUpdateInteractiveMovementTargetPosition,,,JobsByPods/JobsSwiftDSL@Pods/UIKit/iOS.SDK/UICollectionView/UICollectionView+DSL.swift:440,
UICollectionViewCell,automaticallyupdatesbackgroundconfiguration,swift_only,,byAutomaticallyUpdatesBackgroundConfiguration,,,JobsByPods/JobsByUIKit@Pods/iOS.SDK/UICollectionViewCell/UICollectionViewCell.swift:31; JobsByPods/JobsByUIKit@Pods/iOS.SDK/UICollectionViewCell/UICollectionViewCell.swift:60,
UICollectionViewCell,automaticallyupdatescontentconfiguration,swift_only,,byAutomaticallyUpdatesContentConfiguration,,,JobsByPods/JobsByUIKit@Pods/iOS.SDK/UICollectionViewCell/UICollectionViewCell.swift:24; JobsByPods/JobsByUIKit@Pods/iOS.SDK/UICollectionViewCell/UICollectionViewCell.swift:54,
UICollectionViewCell,backgroundview,swift_only,,byBackgroundView,,,JobsByPods/JobsByUIKit@Pods/iOS.SDK/UICollectionViewCell/UICollectionViewCell.swift:38; JobsByPods/JobsByUIKit@Pods/iOS.SDK/UICollectionViewCell/UICollectionViewCell.swift:65,
UICollectionViewCell,contentconfiguration,swift_only,,byContentConfiguration,,,JobsByPods/JobsByUIKit@Pods/iOS.SDK/UICollectionViewCell/UICollectionViewCell.swift:109,
UICollectionViewCell,contentview,support_only,,,byContentView,,,JobsByPods/JobsByOCPods@Pods/Core/UIKit/UICollectionViewCell/UICollectionViewCell+UICollectionViewCellProtocol/UICollectionViewCell+UICollectionViewCellProtocol.h:55; JobsByPods/JobsByOCPods@Pods/Core/UIKit/UICollectionViewCell/UICollectionViewCell+UICollectionViewCellProtocol/UICollectionViewCell+UICollectionViewCellProtocol.m:49
UICollectionViewCell,contentviewbgcolor,support_only,,,byContentViewBgCor,,,JobsByPods/JobsByOCPods@Pods/Core/UIKit/UICollectionViewCell/UICollectionViewCell+UICollectionViewCellProtocol/UICollectionViewCell+UICollectionViewCellProtocol.h:56; JobsByPods/JobsByOCPods@Pods/Core/UIKit/UICollectionViewCell/UICollectionViewCell+UICollectionViewCellProtocol/UICollectionViewCell+UICollectionViewCellProtocol.m:58
UICollectionViewCell,delegate,support_only,,,byDelegate,,,JobsByPods/JobsByOCPods@Pods/Core/UIKit/UICollectionViewCell/UICollectionViewCell+UICollectionViewCellProtocol/UICollectionViewCell+UICollectionViewCellProtocol.h:57
UICollectionViewCell,highlighted,swift_plus_oc_support,,byHighlighted,byHighlighted,,JobsByPods/JobsByUIKit@Pods/iOS.SDK/UICollectionViewCell/UICollectionViewCell.swift:94,JobsByPods/JobsByOCPods@Pods/Core/UIKit/UICollectionViewCell/UICollectionViewCell+BaseViewProtocol/UICollectionViewCell+BaseViewProtocol.h:30; JobsByPods/JobsByOCPods@Pods/Core/UIKit/UICollectionViewCell/UICollectionViewCell+BaseViewProtocol/UICollectionViewCell+BaseViewProtocol.m:30
UICollectionViewCell,indexpath,support_only,,,byIndexPath,,,JobsByPods/JobsByOCPods@Pods/Core/UIKit/UICollectionViewCell/UICollectionViewCell+UICollectionViewCellProtocol/UICollectionViewCell+UICollectionViewCellProtocol.h:54; JobsByPods/JobsByOCPods@Pods/Core/UIKit/UICollectionViewCell/UICollectionViewCell+UICollectionViewCellProtocol/UICollectionViewCell+UICollectionViewCellProtocol.m:40
UICollectionViewCell,makebottomlinewithindexpath,support_only,,,makeBottomLineWithIndexPath,,,JobsByPods/JobsByOCPods@Pods/Core/UIKit/UICollectionViewCell/UICollectionViewCell+UICollectionViewCellProtocol/UICollectionViewCell+UICollectionViewCellProtocol.m:145
UICollectionViewCell,maketoplinewithindexpath,support_only,,,makeTopLineWithIndexPath,,,JobsByPods/JobsByOCPods@Pods/Core/UIKit/UICollectionViewCell/UICollectionViewCell+UICollectionViewCellProtocol/UICollectionViewCell+UICollectionViewCellProtocol.m:175
UICollectionViewCell,notifydragstatedidchange,swift_only,,byNotifyDragStateDidChange,,,JobsByPods/JobsByUIKit@Pods/iOS.SDK/UICollectionViewCell/UICollectionViewCell.swift:135,
UICollectionViewCell,selected,swift_plus_oc_support,,bySelected,bySelected,,JobsByPods/JobsByUIKit@Pods/iOS.SDK/UICollectionViewCell/UICollectionViewCell.swift:80,JobsByPods/JobsByOCPods@Pods/Core/UIKit/UICollectionViewCell/UICollectionViewCell+BaseViewProtocol/UICollectionViewCell+BaseViewProtocol.h:29; JobsByPods/JobsByOCPods@Pods/Core/UIKit/UICollectionViewCell/UICollectionViewCell+BaseViewProtocol/UICollectionViewCell+BaseViewProtocol.m:21
UICollectionViewCell,selectedbackgroundview,swift_only,,bySelectedBackgroundView,,,JobsByPods/JobsByUIKit@Pods/iOS.SDK/UICollectionViewCell/UICollectionViewCell.swift:44; JobsByPods/JobsByUIKit@Pods/iOS.SDK/UICollectionViewCell/UICollectionViewCell.swift:70,
UICollectionViewCell,setneedsupdateconfiguration,swift_only,,bySetNeedsUpdateConfiguration,,,JobsByPods/JobsByUIKit@Pods/iOS.SDK/UICollectionViewCell/UICollectionViewCell.swift:172,
UICollectionViewCell,stopshake,support_only,,,stopShake,,,JobsByPods/JobsBaseUI@Pods/Support/UIKit/UICollectionViewCell/UICollectionViewCell+ShakeAnimation/UICollectionViewCell+ShakeAnimation.h:27; JobsByPods/JobsBaseUI@Pods/Support/UIKit/UICollectionViewCell/UICollectionViewCell+ShakeAnimation/UICollectionViewCell+ShakeAnimation.m:27; JobsByPods/JobsByOCPods@Pods/Core/UIKit/UICollectionViewCell/UICollectionViewCell+ShakeAnimation/UICollectionViewCell+ShakeAnimation.h:19; JobsByPods/JobsByOCPods@Pods/Core/UIKit/UICollectionViewCell/UICollectionViewCell+ShakeAnimation/UICollectionViewCell+ShakeAnimation.m:27
UICollectionViewFlowLayout,automaticestimateditemsize,swift_only,,byAutomaticEstimatedItemSize,,,JobsByPods/JobsByUIKit@Pods/iOS.SDK/Others@SDK/UICollectionViewFlowLayout.swift:71,
UICollectionViewFlowLayout,collectionviewflowlayout,oc_only,byCollectionViewFlowLayout,,,JobsByPods/JobsOCDSL@Pods/Core/UIKit/UICollectionViewFlowLayout+DSLs/UICollectionViewFlowLayout+DSL/UICollectionViewFlowLayout+DSL.h:30; JobsByPods/JobsOCDSL@Pods/Core/UIKit/UICollectionViewFlowLayout+DSLs/UICollectionViewFlowLayout+DSL/UICollectionViewFlowLayout+DSL.m:13,,
UICollectionViewFlowLayout,estimateditemsize,aligned,byEstimatedItemSize,byEstimatedItemSize,,JobsByPods/JobsOCDSL@Pods/Core/UIKit/UICollectionViewFlowLayout+DSLs/UICollectionViewFlowLayout+DSL/UICollectionViewFlowLayout+DSL.h:36; JobsByPods/JobsOCDSL@Pods/Core/UIKit/UICollectionViewFlowLayout+DSLs/UICollectionViewFlowLayout+DSL/UICollectionViewFlowLayout+DSL.m:47,JobsByPods/JobsByUIKit@Pods/iOS.SDK/Others@SDK/UICollectionViewFlowLayout.swift:64,
UICollectionViewFlowLayout,footerreferencesize,aligned,byFooterReferenceSize,byFooterReferenceSize,,JobsByPods/JobsOCDSL@Pods/Core/UIKit/UICollectionViewFlowLayout+DSLs/UICollectionViewFlowLayout+DSL/UICollectionViewFlowLayout+DSL.h:39; JobsByPods/JobsOCDSL@Pods/Core/UIKit/UICollectionViewFlowLayout+DSLs/UICollectionViewFlowLayout+DSL/UICollectionViewFlowLayout+DSL.m:74,JobsByPods/JobsByUIKit@Pods/iOS.SDK/Others@SDK/UICollectionViewFlowLayout.swift:89,
UICollectionViewFlowLayout,footerspintovisiblebounds,swift_only,,byFootersPinToVisibleBounds,,,JobsByPods/JobsByUIKit@Pods/iOS.SDK/Others@SDK/UICollectionViewFlowLayout.swift:117,
UICollectionViewFlowLayout,headerreferencesize,aligned,byHeaderReferenceSize,byHeaderReferenceSize,,JobsByPods/JobsOCDSL@Pods/Core/UIKit/UICollectionViewFlowLayout+DSLs/UICollectionViewFlowLayout+DSL/UICollectionViewFlowLayout+DSL.h:38; JobsByPods/JobsOCDSL@Pods/Core/UIKit/UICollectionViewFlowLayout+DSLs/UICollectionViewFlowLayout+DSL/UICollectionViewFlowLayout+DSL.m:65,JobsByPods/JobsByUIKit@Pods/iOS.SDK/Others@SDK/UICollectionViewFlowLayout.swift:83,
UICollectionViewFlowLayout,headerspintovisiblebounds,swift_only,,byHeadersPinToVisibleBounds,,,JobsByPods/JobsByUIKit@Pods/iOS.SDK/Others@SDK/UICollectionViewFlowLayout.swift:110,
UICollectionViewFlowLayout,itemsize,aligned,byItemSize,byItemSize,,JobsByPods/JobsOCDSL@Pods/Core/UIKit/UICollectionViewFlowLayout+DSLs/UICollectionViewFlowLayout+DSL/UICollectionViewFlowLayout+DSL.h:35; JobsByPods/JobsOCDSL@Pods/Core/UIKit/UICollectionViewFlowLayout+DSLs/UICollectionViewFlowLayout+DSL/UICollectionViewFlowLayout+DSL.m:38,JobsByPods/JobsByUIKit@Pods/iOS.SDK/Others@SDK/UICollectionViewFlowLayout.swift:57,
UICollectionViewFlowLayout,listwithpinnedheader,swift_only,,byListWithPinnedHeader,,,JobsByPods/JobsByUIKit@Pods/iOS.SDK/Others@SDK/UICollectionViewFlowLayout.swift:154,
UICollectionViewFlowLayout,minimuminteritemspacing,aligned,byMinimumInteritemSpacing,byMinimumInteritemSpacing,,JobsByPods/JobsOCDSL@Pods/Core/UIKit/UICollectionViewFlowLayout+DSLs/UICollectionViewFlowLayout+DSL/UICollectionViewFlowLayout+DSL.h:34; JobsByPods/JobsOCDSL@Pods/Core/UIKit/UICollectionViewFlowLayout+DSLs/UICollectionViewFlowLayout+DSL/UICollectionViewFlowLayout+DSL.m:29,JobsByPods/JobsByUIKit@Pods/iOS.SDK/Others@SDK/UICollectionViewFlowLayout.swift:51,
UICollectionViewFlowLayout,minimumlinespacing,aligned,byMinimumLineSpacing,byMinimumLineSpacing,,JobsByPods/JobsOCDSL@Pods/Core/UIKit/UICollectionViewFlowLayout+DSLs/UICollectionViewFlowLayout+DSL/UICollectionViewFlowLayout+DSL.h:33; JobsByPods/JobsOCDSL@Pods/Core/UIKit/UICollectionViewFlowLayout+DSLs/UICollectionViewFlowLayout+DSL/UICollectionViewFlowLayout+DSL.m:20,JobsByPods/JobsByUIKit@Pods/iOS.SDK/Others@SDK/UICollectionViewFlowLayout.swift:32,
UICollectionViewFlowLayout,scrolldirection,aligned,byScrollDirection,byScrollDirection,,JobsByPods/JobsOCDSL@Pods/Core/UIKit/UICollectionViewFlowLayout+DSLs/UICollectionViewFlowLayout+DSL/UICollectionViewFlowLayout+DSL.h:37; JobsByPods/JobsOCDSL@Pods/Core/UIKit/UICollectionViewFlowLayout+DSLs/UICollectionViewFlowLayout+DSL/UICollectionViewFlowLayout+DSL.m:56,JobsByPods/JobsByUIKit@Pods/iOS.SDK/Others@SDK/UICollectionViewFlowLayout.swift:77,
UICollectionViewFlowLayout,sectionfooterspintovisiblebounds,oc_only,bySectionFootersPinToVisibleBounds,,,JobsByPods/JobsOCDSL@Pods/Core/UIKit/UICollectionViewFlowLayout+DSLs/UICollectionViewFlowLayout+DSL/UICollectionViewFlowLayout+DSL.h:42; JobsByPods/JobsOCDSL@Pods/Core/UIKit/UICollectionViewFlowLayout+DSLs/UICollectionViewFlowLayout+DSL/UICollectionViewFlowLayout+DSL.m:102,,
UICollectionViewFlowLayout,sectionheaderspintovisiblebounds,oc_only,bySectionHeadersPinToVisibleBounds,,,JobsByPods/JobsOCDSL@Pods/Core/UIKit/UICollectionViewFlowLayout+DSLs/UICollectionViewFlowLayout+DSL/UICollectionViewFlowLayout+DSL.h:41; JobsByPods/JobsOCDSL@Pods/Core/UIKit/UICollectionViewFlowLayout+DSLs/UICollectionViewFlowLayout+DSL/UICollectionViewFlowLayout+DSL.m:92,,
UICollectionViewFlowLayout,sectioninset,aligned,bySectionInset,bySectionInset,,JobsByPods/JobsOCDSL@Pods/Core/UIKit/UICollectionViewFlowLayout+DSLs/UICollectionViewFlowLayout+DSL/UICollectionViewFlowLayout+DSL.h:40; JobsByPods/JobsOCDSL@Pods/Core/UIKit/UICollectionViewFlowLayout+DSLs/UICollectionViewFlowLayout+DSL/UICollectionViewFlowLayout+DSL.m:83,JobsByPods/JobsByUIKit@Pods/iOS.SDK/Others@SDK/UICollectionViewFlowLayout.swift:95,
UICollectionViewFlowLayout,sectioninsetreference,aligned,bySectionInsetReference,bySectionInsetReference,,JobsByPods/JobsOCDSL@Pods/Core/UIKit/UICollectionViewFlowLayout+DSLs/UICollectionViewFlowLayout+DSL/UICollectionViewFlowLayout+DSL.h:43; JobsByPods/JobsOCDSL@Pods/Core/UIKit/UICollectionViewFlowLayout+DSLs/UICollectionViewFlowLayout+DSL/UICollectionViewFlowLayout+DSL.m:112,JobsByPods/JobsByUIKit@Pods/iOS.SDK/Others@SDK/UICollectionViewFlowLayout.swift:102,
UICollectionViewListCell,listconfig,swift_only,,byListConfig,,,JobsByPods/JobsByUIKit@Pods/iOS.SDK/UICollectionViewCell/UICollectionViewListCell.swift:20,
UIColor,image,swift_only,,byImage,,,JobsByPods/JobsSwiftDSL@Pods/UIKit/iOS.SDK/Others@SDK/UIColor.swift:360,
UIControl,addaction,aligned,byAddAction,byAddAction,,JobsByPods/JobsOCDSL@Pods/Core/UIKit/UIControl+DSLs/UIControl+DSL/UIControl+DSL.m:197,JobsByPods/JobsSwiftDSL@Pods/UIKit/iOS.SDK/UIControl/UIControl+DSL.swift:196,
UIControl,addtarget,oc_only,byAddTarget,,,JobsByPods/JobsOCDSL@Pods/Core/UIKit/UIControl+DSLs/UIControl+DSL/UIControl+DSL.m:148,,
UIControl,contentalignment,oc_only,byContentAlignment,,,JobsByPods/JobsOCDSL@Pods/Core/UIKit/UIControl+DSLs/UIControl+DSL/UIControl+DSL.m:116,,
UIControl,contenthorizontalalignment,aligned,byContentHorizontalAlignment,byContentHorizontalAlignment,,JobsByPods/JobsOCDSL@Pods/Core/UIKit/UIControl+DSLs/UIControl+DSL/UIControl+DSL.m:128,JobsByPods/JobsSwiftDSL@Pods/UIKit/iOS.SDK/UIControl/UIControl+DSL.swift:101; JobsByPods/JobsSwiftDSL@Pods/UIKit/iOS.SDK/UIControl/UIControl+DSL.swift:40,
UIControl,contentverticalalignment,aligned,byContentVerticalAlignment,byContentVerticalAlignment,,JobsByPods/JobsOCDSL@Pods/Core/UIKit/UIControl+DSLs/UIControl+DSL/UIControl+DSL.m:138,JobsByPods/JobsSwiftDSL@Pods/UIKit/iOS.SDK/UIControl/UIControl+DSL.swift:106; JobsByPods/JobsSwiftDSL@Pods/UIKit/iOS.SDK/UIControl/UIControl+DSL.swift:46,
UIControl,contextmenuenabled,aligned,byContextMenuEnabled,byContextMenuEnabled,,JobsByPods/JobsOCDSL@Pods/Core/UIKit/UIControl+DSLs/UIControl+DSL/UIControl+DSL.m:268,JobsByPods/JobsSwiftDSL@Pods/UIKit/iOS.SDK/UIControl/UIControl+DSL.swift:118; JobsByPods/JobsSwiftDSL@Pods/UIKit/iOS.SDK/UIControl/UIControl+DSL.swift:61,
UIControl,contextmenuinteractionenabled,oc_only,byContextMenuInteractionEnabled,,,JobsByPods/JobsOCDSL@Pods/Core/UIKit/UIControl+DSLs/UIControl+DSL/UIControl+DSL.m:279,,
UIControl,enabled,aligned,byEnabled,byEnabled,byEnabled,JobsByPods/JobsOCDSL@Pods/Core/UIKit/UIControl+DSLs/UIControl+DSL/UIControl+DSL.m:84,JobsByPods/JobsSwiftDSL@Pods/UIKit/iOS.SDK/UIControl/UIControl+DSL.swift:21; JobsByPods/JobsSwiftDSL@Pods/UIKit/iOS.SDK/UIControl/UIControl+DSL.swift:84,JobsByPods/JobsByOCPods@Pods/Core/UIKit/UIControl/UIControl+Extra/UIControl+Extra.h:59; JobsByPods/JobsByOCPods@Pods/Core/UIKit/UIControl/UIControl+Extra/UIControl+Extra.m:131
UIControl,highlighted,aligned,byHighlighted,byHighlighted,,JobsByPods/JobsOCDSL@Pods/Core/UIKit/UIControl+DSLs/UIControl+DSL/UIControl+DSL.m:104,JobsByPods/JobsSwiftDSL@Pods/UIKit/iOS.SDK/UIControl/UIControl+DSL.swift:33; JobsByPods/JobsSwiftDSL@Pods/UIKit/iOS.SDK/UIControl/UIControl+DSL.swift:96,
UIControl,onaction,oc_only,byOnAction,,,JobsByPods/JobsOCDSL@Pods/Core/UIKit/UIControl+DSLs/UIControl+DSL/UIControl+DSL.m:236,,
UIControl,oneffectivecontenthorizontalalignment,swift_only,,onEffectiveContentHorizontalAlignment,,,JobsByPods/JobsSwiftDSL@Pods/UIKit/iOS.SDK/UIControl/UIControl+DSL.swift:167,
UIControl,onjobschange,oc_only,onJobsChange,,,JobsByPods/JobsOCDSL@Pods/Core/UIKit/UIControl+DSLs/UIControl+DSL/UIControl+DSL.m:61,,
UIControl,onjobsevent,oc_only,onJobsEvent,,,JobsByPods/JobsOCDSL@Pods/Core/UIKit/UIControl+DSLs/UIControl+DSL/UIControl+DSL.m:71,,
UIControl,onjobstap,oc_only,onJobsTap,,,JobsByPods/JobsOCDSL@Pods/Core/UIKit/UIControl+DSLs/UIControl+DSL/UIControl+DSL.m:51,,
UIControl,performprimaryaction,aligned,byPerformPrimaryAction,byPerformPrimaryAction,,JobsByPods/JobsOCDSL@Pods/Core/UIKit/UIControl+DSLs/UIControl+DSL/UIControl+DSL.m:306,JobsByPods/JobsSwiftDSL@Pods/UIKit/iOS.SDK/UIControl/UIControl+DSL.swift:278,
UIControl,removeaction,aligned,byRemoveAction,byRemoveAction,,JobsByPods/JobsOCDSL@Pods/Core/UIKit/UIControl+DSLs/UIControl+DSL/UIControl+DSL.m:212,JobsByPods/JobsSwiftDSL@Pods/UIKit/iOS.SDK/UIControl/UIControl+DSL.swift:250; JobsByPods/JobsSwiftDSL@Pods/UIKit/iOS.SDK/UIControl/UIControl+DSL.swift:256,
UIControl,removeactionbyidentifier,oc_only,byRemoveActionByIdentifier,,,JobsByPods/JobsOCDSL@Pods/Core/UIKit/UIControl+DSLs/UIControl+DSL/UIControl+DSL.m:224,,
UIControl,removetarget,oc_only,byRemoveTarget,,,JobsByPods/JobsOCDSL@Pods/Core/UIKit/UIControl+DSLs/UIControl+DSL/UIControl+DSL.m:160,,
UIControl,selected,aligned,bySelected,bySelected,,JobsByPods/JobsOCDSL@Pods/Core/UIKit/UIControl+DSLs/UIControl+DSL/UIControl+DSL.m:94,JobsByPods/JobsSwiftDSL@Pods/UIKit/iOS.SDK/UIControl/UIControl+DSL.swift:27; JobsByPods/JobsSwiftDSL@Pods/UIKit/iOS.SDK/UIControl/UIControl+DSL.swift:90,
UIControl,sendaction,oc_only,bySendAction,,,JobsByPods/JobsOCDSL@Pods/Core/UIKit/UIControl+DSLs/UIControl+DSL/UIControl+DSL.m:182,,
UIControl,sendactions,aligned,bySendActions,bySendActions,,JobsByPods/JobsOCDSL@Pods/Core/UIKit/UIControl+DSLs/UIControl+DSL/UIControl+DSL.m:172,JobsByPods/JobsSwiftDSL@Pods/UIKit/iOS.SDK/UIControl/UIControl+DSL.swift:188,
UIControl,sendactionsforcontrolevents,oc_only,bySendActionsForControlEvents,,,JobsByPods/JobsOCDSL@Pods/Core/UIKit/UIControl+DSLs/UIControl+DSL/UIControl+DSL.m:193,,
UIControl,showsmenuasprimaryaction,aligned,byShowsMenuAsPrimaryAction,byShowsMenuAsPrimaryAction,,JobsByPods/JobsOCDSL@Pods/Core/UIKit/UIControl+DSLs/UIControl+DSL/UIControl+DSL.m:257,JobsByPods/JobsSwiftDSL@Pods/UIKit/iOS.SDK/UIControl/UIControl+DSL.swift:112; JobsByPods/JobsSwiftDSL@Pods/UIKit/iOS.SDK/UIControl/UIControl+DSL.swift:54,
UIControl,symbolanimationenabled,aligned,bySymbolAnimationEnabled,bySymbolAnimationEnabled,,JobsByPods/JobsOCDSL@Pods/Core/UIKit/UIControl+DSLs/UIControl+DSL/UIControl+DSL.m:294,JobsByPods/JobsSwiftDSL@Pods/UIKit/iOS.SDK/UIControl/UIControl+DSL.swift:130; JobsByPods/JobsSwiftDSL@Pods/UIKit/iOS.SDK/UIControl/UIControl+DSL.swift:75,
UIControl,tooltip,aligned,byToolTip,byToolTip,,JobsByPods/JobsOCDSL@Pods/Core/UIKit/UIControl+DSLs/UIControl+DSL/UIControl+DSL.m:283,JobsByPods/JobsSwiftDSL@Pods/UIKit/iOS.SDK/UIControl/UIControl+DSL.swift:124; JobsByPods/JobsSwiftDSL@Pods/UIKit/iOS.SDK/UIControl/UIControl+DSL.swift:68,
UIDatePicker,calendar,swift_only,,byCalendar,,,JobsByPods/JobsByUIKit@Pods/iOS.SDK/Others@SDK/UIDatePicker.swift:29,
UIDatePicker,countdownduration,swift_only,,byCountDownDuration,,,JobsByPods/JobsByUIKit@Pods/iOS.SDK/Others@SDK/UIDatePicker.swift:67,
UIDatePicker,dateby,swift_only,,byDateBy,,,JobsByPods/JobsByUIKit@Pods/iOS.SDK/Others@SDK/UIDatePicker.swift:49,
UIDatePicker,datebyanimated,swift_only,,byDateByAnimated,,,JobsByPods/JobsByUIKit@Pods/iOS.SDK/Others@SDK/UIDatePicker.swift:42,
UIDatePicker,datepickermode,swift_only,,byDatePickerMode,,,JobsByPods/JobsByUIKit@Pods/iOS.SDK/Others@SDK/UIDatePicker.swift:17,
UIDatePicker,locale,swift_only,,byLocale,,,JobsByPods/JobsByUIKit@Pods/iOS.SDK/Others@SDK/UIDatePicker.swift:23,
UIDatePicker,maximumdate,swift_only,,byMaximumDate,,,JobsByPods/JobsByUIKit@Pods/iOS.SDK/Others@SDK/UIDatePicker.swift:61,
UIDatePicker,minimumdate,swift_only,,byMinimumDate,,,JobsByPods/JobsByUIKit@Pods/iOS.SDK/Others@SDK/UIDatePicker.swift:55,
UIDatePicker,minuteinterval,swift_only,,byMinuteInterval,,,JobsByPods/JobsByUIKit@Pods/iOS.SDK/Others@SDK/UIDatePicker.swift:73,
UIDatePicker,preferreddatepickerstyle,swift_only,,byPreferredDatePickerStyle,,,JobsByPods/JobsByUIKit@Pods/iOS.SDK/Others@SDK/UIDatePicker.swift:82,
UIDatePicker,roundstominuteinterval,swift_only,,byRoundsToMinuteInterval,,,JobsByPods/JobsByUIKit@Pods/iOS.SDK/Others@SDK/UIDatePicker.swift:90,
UIDatePicker,timezone,swift_only,,byTimeZone,,,JobsByPods/JobsByUIKit@Pods/iOS.SDK/Others@SDK/UIDatePicker.swift:35,
UIDocumentPickerViewController,allowsmultipleselection,swift_only,,byAllowsMultipleSelection,,,JobsByPods/JobsSwiftDSL@Pods/UIKit/iOS.SDK/UIDocumentPickerViewController/UIDocumentPickerViewController+DSL.swift:108; JobsByPods/JobsSwiftDSL@Pods/UIKit/iOS.SDK/UIDocumentPickerViewController/UIDocumentPickerViewController+DSL.swift:81,
UIDocumentPickerViewController,delegate,swift_only,,byDelegate,,,JobsByPods/JobsSwiftDSL@Pods/UIKit/iOS.SDK/UIDocumentPickerViewController/UIDocumentPickerViewController+DSL.swift:102; JobsByPods/JobsSwiftDSL@Pods/UIKit/iOS.SDK/UIDocumentPickerViewController/UIDocumentPickerViewController+DSL.swift:75,
UIDocumentPickerViewController,directoryurl,swift_only,,byDirectoryURL,,,JobsByPods/JobsSwiftDSL@Pods/UIKit/iOS.SDK/UIDocumentPickerViewController/UIDocumentPickerViewController+DSL.swift:120; JobsByPods/JobsSwiftDSL@Pods/UIKit/iOS.SDK/UIDocumentPickerViewController/UIDocumentPickerViewController+DSL.swift:93,
UIDocumentPickerViewController,shouldshowfileextensions,swift_only,,byShouldShowFileExtensions,,,JobsByPods/JobsSwiftDSL@Pods/UIKit/iOS.SDK/UIDocumentPickerViewController/UIDocumentPickerViewController+DSL.swift:114; JobsByPods/JobsSwiftDSL@Pods/UIKit/iOS.SDK/UIDocumentPickerViewController/UIDocumentPickerViewController+DSL.swift:87,
UIEdgeInsets,bottom,swift_only,,byBottom,,,JobsByPods/JobsByUIKit@Pods/iOS.SDK/Others@SDK/UIEdgeInsets.swift:29,
UIEdgeInsets,left,swift_only,,byLeft,,,JobsByPods/JobsByUIKit@Pods/iOS.SDK/Others@SDK/UIEdgeInsets.swift:23,
UIEdgeInsets,right,swift_only,,byRight,,,JobsByPods/JobsByUIKit@Pods/iOS.SDK/Others@SDK/UIEdgeInsets.swift:35,
UIEdgeInsets,top,swift_only,,byTop,,,JobsByPods/JobsByUIKit@Pods/iOS.SDK/Others@SDK/UIEdgeInsets.swift:17,
UIFont,make,swift_only,,make,,,JobsByPods/JobsByUIKit@Pods/iOS.SDK/UIFont/UIFont+PingFangSC.swift:61; JobsByPods/JobsByUIKit@Pods/iOS.SDK/UIFont/UIFont+SFPro.swift:116; JobsByPods/JobsByUIKit@Pods/iOS.SDK/UIFont/UIFont+SFPro.swift:70,
UIGestureRecognizer,action,swift_only,,byAction,,,JobsByPods/JobsSwiftDSL@Pods/UIKit/iOS.SDK/UIGestureRecognizer/UIGestureRecognizer+Block.swift:54,
UIGestureRecognizer,addaction,oc_only,addAction,,addAction,JobsByPods/JobsOCDSL@Pods/Support/UIKit/UIGestureRecognizer/UIGestureRecognizer+Extra/UIGestureRecognizer+Extra.h:36; JobsByPods/JobsOCDSL@Pods/Support/UIKit/UIGestureRecognizer/UIGestureRecognizer+Extra/UIGestureRecognizer+Extra.m:47,,JobsByPods/JobsBaseUI@Pods/Support/UIKit/UIGestureRecognizer/UIGestureRecognizer+Extra/UIGestureRecognizer+Extra.h:46; JobsByPods/JobsBaseUI@Pods/Support/UIKit/UIGestureRecognizer/UIGestureRecognizer+Extra/UIGestureRecognizer+Extra.m:32; JobsByPods/JobsByOCPods@Pods/Core/UIKit/UIGestureRecognizer/UIGestureRecognizer+Extra/UIGestureRecognizer+Extra.h:46; JobsByPods/JobsByOCPods@Pods/Core/UIKit/UIGestureRecognizer/UIGestureRecognizer+Extra/UIGestureRecognizer+Extra.m:32
UIGestureRecognizer,allowedpresstypes,aligned,byAllowedPressTypes,byAllowedPressTypes,,JobsByPods/JobsOCDSL@Pods/Core/UIKit/UIGestureRecognizer+DSLs/UIGestureRecognizer+DSL/UIGestureRecognizer+DSL.h:30; JobsByPods/JobsOCDSL@Pods/Core/UIKit/UIGestureRecognizer+DSLs/UIGestureRecognizer+DSL/UIGestureRecognizer+DSL.m:68,JobsByPods/JobsSwiftDSL@Pods/UIKit/iOS.SDK/UIGestureRecognizer/UIGestureRecognizer+DSL.swift:72,
UIGestureRecognizer,allowedtouchtypes,aligned,byAllowedTouchTypes,byAllowedTouchTypes,,JobsByPods/JobsOCDSL@Pods/Core/UIKit/UIGestureRecognizer+DSLs/UIGestureRecognizer+DSL/UIGestureRecognizer+DSL.h:29; JobsByPods/JobsOCDSL@Pods/Core/UIKit/UIGestureRecognizer+DSLs/UIGestureRecognizer+DSL/UIGestureRecognizer+DSL.m:59,JobsByPods/JobsSwiftDSL@Pods/UIKit/iOS.SDK/UIGestureRecognizer/UIGestureRecognizer+DSL.swift:65,
UIGestureRecognizer,buttonmask,swift_only,,byButtonMask,,,JobsByPods/JobsSwiftDSL@Pods/UIKit/iOS.SDK/UIGestureRecognizer/UIGestureRecognizer+DSL.swift:101,
UIGestureRecognizer,cancelstouchesinview,aligned,byCancelsTouchesInView,byCancelsTouchesInView,,JobsByPods/JobsOCDSL@Pods/Core/UIKit/UIGestureRecognizer+DSLs/UIGestureRecognizer+DSL/UIGestureRecognizer+DSL.h:26; JobsByPods/JobsOCDSL@Pods/Core/UIKit/UIGestureRecognizer+DSLs/UIGestureRecognizer+DSL/UIGestureRecognizer+DSL.m:32,JobsByPods/JobsSwiftDSL@Pods/UIKit/iOS.SDK/UIGestureRecognizer/UIGestureRecognizer+DSL.swift:46,
UIGestureRecognizer,config,swift_only,,byConfig,,,JobsByPods/JobsSwiftDSL@Pods/UIKit/iOS.SDK/UIGestureRecognizer/UIGestureRecognizer+Block.swift:26; JobsByPods/JobsSwiftDSL@Pods/UIKit/iOS.SDK/UIGestureRecognizer/UIGestureRecognizer+Block.swift:44,
UIGestureRecognizer,delaystouchesbegan,aligned,byDelaysTouchesBegan,byDelaysTouchesBegan,,JobsByPods/JobsOCDSL@Pods/Core/UIKit/UIGestureRecognizer+DSLs/UIGestureRecognizer+DSL/UIGestureRecognizer+DSL.h:27; JobsByPods/JobsOCDSL@Pods/Core/UIKit/UIGestureRecognizer+DSLs/UIGestureRecognizer+DSL/UIGestureRecognizer+DSL.m:41,JobsByPods/JobsSwiftDSL@Pods/UIKit/iOS.SDK/UIGestureRecognizer/UIGestureRecognizer+DSL.swift:52,
UIGestureRecognizer,delaystouchesended,aligned,byDelaysTouchesEnded,byDelaysTouchesEnded,,JobsByPods/JobsOCDSL@Pods/Core/UIKit/UIGestureRecognizer+DSLs/UIGestureRecognizer+DSL/UIGestureRecognizer+DSL.h:28; JobsByPods/JobsOCDSL@Pods/Core/UIKit/UIGestureRecognizer+DSLs/UIGestureRecognizer+DSL/UIGestureRecognizer+DSL.m:50,JobsByPods/JobsSwiftDSL@Pods/UIKit/iOS.SDK/UIGestureRecognizer/UIGestureRecognizer+DSL.swift:58,
UIGestureRecognizer,delegate,aligned,byDelegate,byDelegate,,JobsByPods/JobsOCDSL@Pods/Core/UIKit/UIGestureRecognizer+DSLs/UIGestureRecognizer+DSL/UIGestureRecognizer+DSL.h:24; JobsByPods/JobsOCDSL@Pods/Core/UIKit/UIGestureRecognizer+DSLs/UIGestureRecognizer+DSL/UIGestureRecognizer+DSL.m:14,JobsByPods/JobsSwiftDSL@Pods/UIKit/iOS.SDK/UIGestureRecognizer/UIGestureRecognizer+DSL.swift:34,
UIGestureRecognizer,enabled,aligned,byEnabled,byEnabled,,JobsByPods/JobsOCDSL@Pods/Core/UIKit/UIGestureRecognizer+DSLs/UIGestureRecognizer+DSL/UIGestureRecognizer+DSL.h:25; JobsByPods/JobsOCDSL@Pods/Core/UIKit/UIGestureRecognizer+DSLs/UIGestureRecognizer+DSL/UIGestureRecognizer+DSL.m:23,JobsByPods/JobsSwiftDSL@Pods/UIKit/iOS.SDK/UIGestureRecognizer/UIGestureRecognizer+DSL.swift:40,
UIGestureRecognizer,gesturerecognizer,oc_only,byGestureRecognizer,,,JobsByPods/JobsOCDSL@Pods/Core/UIKit/UIGestureRecognizer+DSLs/UIGestureRecognizer+DSL/UIGestureRecognizer+DSL.h:23; JobsByPods/JobsOCDSL@Pods/Core/UIKit/UIGestureRecognizer+DSLs/UIGestureRecognizer+DSL/UIGestureRecognizer+DSL.m:8,,
UIGestureRecognizer,locationinview,oc_only,byLocationInView,,,JobsByPods/JobsOCDSL@Pods/Core/UIKit/UIGestureRecognizer+DSLs/UIGestureRecognizer+DSL/UIGestureRecognizer+DSL.h:34; JobsByPods/JobsOCDSL@Pods/Core/UIKit/UIGestureRecognizer+DSLs/UIGestureRecognizer+DSL/UIGestureRecognizer+DSL.m:104,,
UIGestureRecognizer,modifierflags,swift_only,,byModifierFlags,,,JobsByPods/JobsSwiftDSL@Pods/UIKit/iOS.SDK/UIGestureRecognizer/UIGestureRecognizer+DSL.swift:93,
UIGestureRecognizer,name,aligned,byName,byName,,JobsByPods/JobsOCDSL@Pods/Core/UIKit/UIGestureRecognizer+DSLs/UIGestureRecognizer+DSL/UIGestureRecognizer+DSL.h:32; JobsByPods/JobsOCDSL@Pods/Core/UIKit/UIGestureRecognizer+DSLs/UIGestureRecognizer+DSL/UIGestureRecognizer+DSL.m:86,JobsByPods/JobsSwiftDSL@Pods/UIKit/iOS.SDK/UIGestureRecognizer/UIGestureRecognizer+DSL.swift:86,
UIGestureRecognizer,requiregesturerecognizertofail,oc_only,byRequireGestureRecognizerToFail,,,JobsByPods/JobsOCDSL@Pods/Core/UIKit/UIGestureRecognizer+DSLs/UIGestureRecognizer+DSL/UIGestureRecognizer+DSL.h:33; JobsByPods/JobsOCDSL@Pods/Core/UIKit/UIGestureRecognizer+DSLs/UIGestureRecognizer+DSL/UIGestureRecognizer+DSL.m:95,,
UIGestureRecognizer,requiresexclusivetouchtype,aligned,byRequiresExclusiveTouchType,byRequiresExclusiveTouchType,,JobsByPods/JobsOCDSL@Pods/Core/UIKit/UIGestureRecognizer+DSLs/UIGestureRecognizer+DSL/UIGestureRecognizer+DSL.h:31; JobsByPods/JobsOCDSL@Pods/Core/UIKit/UIGestureRecognizer+DSLs/UIGestureRecognizer+DSL/UIGestureRecognizer+DSL.m:77,JobsByPods/JobsSwiftDSL@Pods/UIKit/iOS.SDK/UIGestureRecognizer/UIGestureRecognizer+DSL.swift:79,
UIGestureRecognizer,requiretofail,swift_only,,byRequireToFail,,,JobsByPods/JobsSwiftDSL@Pods/UIKit/iOS.SDK/UIGestureRecognizer/UIGestureRecognizer+DSL.swift:107,
UIGestureRecognizer,target,swift_only,,byTarget,,,JobsByPods/JobsSwiftDSL@Pods/UIKit/iOS.SDK/UIGestureRecognizer/UIGestureRecognizer+DSL.swift:26,
UIImage,addimage,support_only,,,addImage,,,JobsByPods/JobsByOCPods@Pods/Core/UIKit/UIImage/UIImage+Overlay/UIImage+Overlay.h:17; JobsByPods/JobsByOCPods@Pods/Core/UIKit/UIImage/UIImage+Overlay/UIImage+Overlay.m:12
UIImagePickerController,allowsediting,swift_only,,byAllowsEditing,,,JobsByPods/JobsSwiftDSL@Pods/UIKit/iOS.SDK/UIImagePickerController/UIImagePickerController+DSL.swift:36,
UIImagePickerController,cameracapturemode,swift_only,,byCameraCaptureMode,,,JobsByPods/JobsSwiftDSL@Pods/UIKit/iOS.SDK/UIImagePickerController/UIImagePickerController+DSL.swift:92,
UIImagePickerController,cameradevice,swift_only,,byCameraDevice,,,JobsByPods/JobsSwiftDSL@Pods/UIKit/iOS.SDK/UIImagePickerController/UIImagePickerController+DSL.swift:99,
UIImagePickerController,cameraflashmode,swift_only,,byCameraFlashMode,,,JobsByPods/JobsSwiftDSL@Pods/UIKit/iOS.SDK/UIImagePickerController/UIImagePickerController+DSL.swift:106,
UIImagePickerController,cameraoverlayview,swift_only,,byCameraOverlayView,,,JobsByPods/JobsSwiftDSL@Pods/UIKit/iOS.SDK/UIImagePickerController/UIImagePickerController+DSL.swift:78,
UIImagePickerController,cameraviewtransform,swift_only,,byCameraViewTransform,,,JobsByPods/JobsSwiftDSL@Pods/UIKit/iOS.SDK/UIImagePickerController/UIImagePickerController+DSL.swift:85,
UIImagePickerController,config,swift_only,,byConfig,,,JobsByPods/JobsSwiftDSL@Pods/UIKit/iOS.SDK/UIImagePickerController/UIImagePickerController+DSL.swift:112,
UIImagePickerController,delegate,swift_only,,byDelegate,,,JobsByPods/JobsSwiftDSL@Pods/UIKit/iOS.SDK/UIImagePickerController/UIImagePickerController+DSL.swift:18,
UIImagePickerController,imageexportpreset,swift_only,,byImageExportPreset,,,JobsByPods/JobsSwiftDSL@Pods/UIKit/iOS.SDK/UIImagePickerController/UIImagePickerController+DSL.swift:43,
UIImagePickerController,mediatypes,swift_only,,byMediaTypes,,,JobsByPods/JobsSwiftDSL@Pods/UIKit/iOS.SDK/UIImagePickerController/UIImagePickerController+DSL.swift:30,
UIImagePickerController,showscameracontrols,swift_only,,byShowsCameraControls,,,JobsByPods/JobsSwiftDSL@Pods/UIKit/iOS.SDK/UIImagePickerController/UIImagePickerController+DSL.swift:71,
UIImagePickerController,sourcetype,swift_only,,bySourceType,,,JobsByPods/JobsSwiftDSL@Pods/UIKit/iOS.SDK/UIImagePickerController/UIImagePickerController+DSL.swift:24,
UIImagePickerController,target,swift_only,,byTarget,,,JobsByPods/JobsByUIKit@Pods/iOS.SDK/UIImagePickerController/UIImagePickerController+Proxy.swift:22,
UIImagePickerController,videoexportpreset,swift_only,,byVideoExportPreset,,,JobsByPods/JobsSwiftDSL@Pods/UIKit/iOS.SDK/UIImagePickerController/UIImagePickerController+DSL.swift:64,
UIImagePickerController,videomaximumduration,swift_only,,byVideoMaximumDuration,,,JobsByPods/JobsSwiftDSL@Pods/UIKit/iOS.SDK/UIImagePickerController/UIImagePickerController+DSL.swift:50,
UIImagePickerController,videoquality,swift_only,,byVideoQuality,,,JobsByPods/JobsSwiftDSL@Pods/UIKit/iOS.SDK/UIImagePickerController/UIImagePickerController+DSL.swift:57,
UIImageView,animationduration,aligned,byAnimationDuration,byAnimationDuration,,JobsByPods/JobsOCDSL@Pods/Core/UIKit/UIImageView+DSLs/UIImageView+DSL/UIImageView+DSL.h:32; JobsByPods/JobsOCDSL@Pods/Core/UIKit/UIImageView+DSLs/UIImageView+DSL/UIImageView+DSL.m:39,JobsByPods/JobsSwiftDSL@Pods/UIKit/iOS.SDK/UIImageView/UIImageView+DSL.swift:128; JobsByPods/JobsSwiftDSL@Pods/UIKit/iOS.SDK/UIImageView/UIImageView+DSL.swift:49,
UIImageView,animationimages,aligned,byAnimationImages,byAnimationImages,,JobsByPods/JobsOCDSL@Pods/Core/UIKit/UIImageView+DSLs/UIImageView+DSL/UIImageView+DSL.h:31; JobsByPods/JobsOCDSL@Pods/Core/UIKit/UIImageView+DSLs/UIImageView+DSL/UIImageView+DSL.m:30,JobsByPods/JobsSwiftDSL@Pods/UIKit/iOS.SDK/UIImageView/UIImageView+DSL.swift:116; JobsByPods/JobsSwiftDSL@Pods/UIKit/iOS.SDK/UIImageView/UIImageView+DSL.swift:37,
UIImageView,animationrepeatcount,aligned,byAnimationRepeatCount,byAnimationRepeatCount,,JobsByPods/JobsOCDSL@Pods/Core/UIKit/UIImageView+DSLs/UIImageView+DSL/UIImageView+DSL.h:33; JobsByPods/JobsOCDSL@Pods/Core/UIKit/UIImageView+DSLs/UIImageView+DSL/UIImageView+DSL.m:48,JobsByPods/JobsSwiftDSL@Pods/UIKit/iOS.SDK/UIImageView/UIImageView+DSL.swift:136; JobsByPods/JobsSwiftDSL@Pods/UIKit/iOS.SDK/UIImageView/UIImageView+DSL.swift:55,
UIImageView,highlighted,swift_only,,byHighlighted,,,JobsByPods/JobsSwiftDSL@Pods/UIKit/iOS.SDK/UIImageView/UIImageView+DSL.swift:108; JobsByPods/JobsSwiftDSL@Pods/UIKit/iOS.SDK/UIImageView/UIImageView+DSL.swift:31,
UIImageView,highlightedanimationimages,swift_only,,byHighlightedAnimationImages,,,JobsByPods/JobsSwiftDSL@Pods/UIKit/iOS.SDK/UIImageView/UIImageView+DSL.swift:122; JobsByPods/JobsSwiftDSL@Pods/UIKit/iOS.SDK/UIImageView/UIImageView+DSL.swift:43,
UIImageView,highlightedimage,aligned,byHighlightedImage,byHighlightedImage,,JobsByPods/JobsOCDSL@Pods/Core/UIKit/UIImageView+DSLs/UIImageView+DSL/UIImageView+DSL.h:30; JobsByPods/JobsOCDSL@Pods/Core/UIKit/UIImageView+DSLs/UIImageView+DSL/UIImageView+DSL.m:21,JobsByPods/JobsSwiftDSL@Pods/UIKit/iOS.SDK/UIImageView/UIImageView+DSL.swift:102; JobsByPods/JobsSwiftDSL@Pods/UIKit/iOS.SDK/UIImageView/UIImageView+DSL.swift:24,
UIImageView,image,aligned,byImage,byImage,byImage,JobsByPods/JobsOCDSL@Pods/Core/UIKit/UIImageView+DSLs/UIImageView+DSL/UIImageView+DSL.h:29; JobsByPods/JobsOCDSL@Pods/Core/UIKit/UIImageView+DSLs/UIImageView+DSL/UIImageView+DSL.m:12,JobsByPods/JobsSwiftDSL@Pods/UIKit/iOS.SDK/UIImageView/UIImageView+DSL.swift:18; JobsByPods/JobsSwiftDSL@Pods/UIKit/iOS.SDK/UIImageView/UIImageView+DSL.swift:96,JobsByPods/JobsByOCPods@Pods/Core/UIKit/UIImageView/UIImageView+Extra/UIImageView+Extra.h:30; JobsByPods/JobsByOCPods@Pods/Core/UIKit/UIImageView/UIImageView+Extra/UIImageView+Extra.m:18
UIImageView,preferredimagedynamicrange,swift_only,,byPreferredImageDynamicRange,,,JobsByPods/JobsSwiftDSL@Pods/UIKit/iOS.SDK/UIImageView/UIImageView+DSL.swift:158; JobsByPods/JobsSwiftDSL@Pods/UIKit/iOS.SDK/UIImageView/UIImageView+DSL.swift:75,
UIImageView,startanimation,swift_only,,startAnimation,,,JobsByPods/JobsSwiftDSL@Pods/UIKit/iOS.SDK/UIImageView/UIImageView+DSL.swift:81,
UIImageView,stopanimation,swift_only,,stopAnimation,,,JobsByPods/JobsSwiftDSL@Pods/UIKit/iOS.SDK/UIImageView/UIImageView+DSL.swift:87,
UIImageView,symbolconfig,swift_only,,bySymbolConfig,,,JobsByPods/JobsSwiftDSL@Pods/UIKit/iOS.SDK/UIImageView/UIImageView+DSL.swift:151; JobsByPods/JobsSwiftDSL@Pods/UIKit/iOS.SDK/UIImageView/UIImageView+DSL.swift:68,
UIImageView,tintcolor,swift_only,,byTintColor,,,JobsByPods/JobsSwiftDSL@Pods/UIKit/iOS.SDK/UIImageView/UIImageView+DSL.swift:144; JobsByPods/JobsSwiftDSL@Pods/UIKit/iOS.SDK/UIImageView/UIImageView+DSL.swift:61,
UIImpactFeedbackGenerator,impactoccurred,oc_only,byImpactOccurred,,,JobsByPods/JobsOCDSL@Pods/Core/UIKit/UIImpactFeedbackGenerator+DSLs/UIImpactFeedbackGenerator+DSL/UIImpactFeedbackGenerator+DSL.h:29; JobsByPods/JobsOCDSL@Pods/Core/UIKit/UIImpactFeedbackGenerator+DSLs/UIImpactFeedbackGenerator+DSL/UIImpactFeedbackGenerator+DSL.m:12,,
UIImpactFeedbackGenerator,impactoccurredatlocation,oc_only,byImpactOccurredAtLocation,,,JobsByPods/JobsOCDSL@Pods/Core/UIKit/UIImpactFeedbackGenerator+DSLs/UIImpactFeedbackGenerator+DSL/UIImpactFeedbackGenerator+DSL.h:31; JobsByPods/JobsOCDSL@Pods/Core/UIKit/UIImpactFeedbackGenerator+DSLs/UIImpactFeedbackGenerator+DSL/UIImpactFeedbackGenerator+DSL.m:22,,
UIImpactFeedbackGenerator,impactoccurredwithintensity,oc_only,byImpactOccurredWithIntensity,,,JobsByPods/JobsOCDSL@Pods/Core/UIKit/UIImpactFeedbackGenerator+DSLs/UIImpactFeedbackGenerator+DSL/UIImpactFeedbackGenerator+DSL.h:34; JobsByPods/JobsOCDSL@Pods/Core/UIKit/UIImpactFeedbackGenerator+DSLs/UIImpactFeedbackGenerator+DSL/UIImpactFeedbackGenerator+DSL.m:33,,
UILabel,adjustsfontsizetofitwidth,aligned,byAdjustsFontSizeToFitWidth,byAdjustsFontSizeToFitWidth,,JobsByPods/JobsOCDSL@Pods/Core/UIKit/UILabel+DSLs/UILabel+DSL/UILabel+DSL.h:56; JobsByPods/JobsOCDSL@Pods/Core/UIKit/UILabel+DSLs/UILabel+DSL/UILabel+DSL.m:214,JobsByPods/JobsSwiftDSL@Pods/UIKit/iOS.SDK/UILabel/UILabel+DSL.swift:164; JobsByPods/JobsSwiftDSL@Pods/UIKit/iOS.SDK/UILabel/UILabel+DSL.swift:315,
UILabel,allowsdefaulttighteningfortruncation,aligned,byAllowsDefaultTighteningForTruncation,byAllowsDefaultTighteningForTruncation,,JobsByPods/JobsOCDSL@Pods/Core/UIKit/UILabel+DSLs/UILabel+DSL/UILabel+DSL.h:59; JobsByPods/JobsOCDSL@Pods/Core/UIKit/UILabel+DSLs/UILabel+DSL/UILabel+DSL.m:241,JobsByPods/JobsSwiftDSL@Pods/UIKit/iOS.SDK/UILabel/UILabel+DSL.swift:182; JobsByPods/JobsSwiftDSL@Pods/UIKit/iOS.SDK/UILabel/UILabel+DSL.swift:339,
UILabel,attributedstring,aligned,byAttributedString,byAttributedString,,JobsByPods/JobsOCDSL@Pods/Core/UIKit/UILabel+DSLs/UILabel+DSL/UILabel+DSL.h:42; JobsByPods/JobsOCDSL@Pods/Core/UIKit/UILabel+DSLs/UILabel+DSL/UILabel+DSL.m:84,JobsByPods/JobsSwiftDSL@Pods/UIKit/iOS.SDK/UILabel/UILabel+DSL.swift:287; JobsByPods/JobsSwiftDSL@Pods/UIKit/iOS.SDK/UILabel/UILabel+DSL.swift:86,
UILabel,backgroundcolor,swift_only,,byBgCor,,,JobsByPods/JobsSwiftDSL@Pods/UIKit/iOS.SDK/UILabel/UILabel+DSL.swift:281; JobsByPods/JobsSwiftDSL@Pods/UIKit/iOS.SDK/UILabel/UILabel+DSL.swift:80,
UILabel,baselineadjustment,aligned,byBaselineAdjustment,byBaselineAdjustment,,JobsByPods/JobsOCDSL@Pods/Core/UIKit/UILabel+DSLs/UILabel+DSL/UILabel+DSL.h:57; JobsByPods/JobsOCDSL@Pods/Core/UIKit/UILabel+DSLs/UILabel+DSL/UILabel+DSL.m:223,JobsByPods/JobsSwiftDSL@Pods/UIKit/iOS.SDK/UILabel/UILabel+DSL.swift:170; JobsByPods/JobsSwiftDSL@Pods/UIKit/iOS.SDK/UILabel/UILabel+DSL.swift:323,
UILabel,bgimage,aligned,bgImage,bgImage,,JobsByPods/JobsOCDSL@Pods/Core/UIKit/UILabel+DSLs/UILabel+DSL/UILabel+DSL.h:38; JobsByPods/JobsOCDSL@Pods/Core/UIKit/UILabel+DSLs/UILabel+DSL/UILabel+DSL.m:32,JobsByPods/JobsSwiftDSL@Pods/UIKit/iOS.SDK/UILabel/UILabel+DSL.swift:138,
UILabel,dynamicfont,swift_only,,byDynamicFont,,,JobsByPods/JobsSwiftDSL@Pods/UIKit/iOS.SDK/UILabel/UILabel+DSL.swift:55,
UILabel,dynamictextstyle,swift_only,,byDynamicTextStyle,,,JobsByPods/JobsByUIKit@Pods/iOS.SDK/UILabel/UILabel+Tools.swift:21,
UILabel,enabled,aligned,byEnabled,byEnabled,,JobsByPods/JobsOCDSL@Pods/Core/UIKit/UILabel+DSLs/UILabel+DSL/UILabel+DSL.h:55; JobsByPods/JobsOCDSL@Pods/Core/UIKit/UILabel+DSLs/UILabel+DSL/UILabel+DSL.m:205,JobsByPods/JobsSwiftDSL@Pods/UIKit/iOS.SDK/UILabel/UILabel+DSL.swift:158; JobsByPods/JobsSwiftDSL@Pods/UIKit/iOS.SDK/UILabel/UILabel+DSL.swift:307,
UILabel,font,aligned,byFont,byFont,,JobsByPods/JobsOCDSL@Pods/Core/UIKit/UILabel+DSLs/UILabel+DSL/UILabel+DSL.h:49; JobsByPods/JobsOCDSL@Pods/Core/UIKit/UILabel+DSLs/UILabel+DSL/UILabel+DSL.m:151,JobsByPods/JobsSwiftDSL@Pods/UIKit/iOS.SDK/UILabel/UILabel+DSL.swift:248; JobsByPods/JobsSwiftDSL@Pods/UIKit/iOS.SDK/UILabel/UILabel+DSL.swift:47,
UILabel,highlighted,aligned,byHighlighted,byIsHighlighted,,JobsByPods/JobsOCDSL@Pods/Core/UIKit/UILabel+DSLs/UILabel+DSL/UILabel+DSL.h:53; JobsByPods/JobsOCDSL@Pods/Core/UIKit/UILabel+DSLs/UILabel+DSL/UILabel+DSL.h:54; JobsByPods/JobsOCDSL@Pods/Core/UIKit/UILabel+DSLs/UILabel+DSL/UILabel+DSL.m:187; JobsByPods/JobsOCDSL@Pods/Core/UIKit/UILabel+DSLs/UILabel+DSL/UILabel+DSL.m:196,JobsByPods/JobsSwiftDSL@Pods/UIKit/iOS.SDK/UILabel/UILabel+DSL.swift:152; JobsByPods/JobsSwiftDSL@Pods/UIKit/iOS.SDK/UILabel/UILabel+DSL.swift:299,
UILabel,highlightedtextcolor,aligned,byHighlightedTextColor,byHighlightedTextColor,,JobsByPods/JobsOCDSL@Pods/Core/UIKit/UILabel+DSLs/UILabel+DSL/UILabel+DSL.h:53; JobsByPods/JobsOCDSL@Pods/Core/UIKit/UILabel+DSLs/UILabel+DSL/UILabel+DSL.m:187,JobsByPods/JobsSwiftDSL@Pods/UIKit/iOS.SDK/UILabel/UILabel+DSL.swift:146; JobsByPods/JobsSwiftDSL@Pods/UIKit/iOS.SDK/UILabel/UILabel+DSL.swift:293,
UILabel,jobsattributedtext,swift_only,,byJobsAttributedText,,,JobsByPods/JobsSwiftDSL@Pods/UIKit/iOS.SDK/UILabel/UILabel+DSL.swift:20; JobsByPods/JobsSwiftDSL@Pods/UIKit/iOS.SDK/UILabel/UILabel+DSL.swift:218,
UILabel,jobstext,swift_only,,byJobsText,,,JobsByPods/JobsSwiftDSL@Pods/UIKit/iOS.SDK/UILabel/UILabel+DSL.swift:226; JobsByPods/JobsSwiftDSL@Pods/UIKit/iOS.SDK/UILabel/UILabel+DSL.swift:27,
UILabel,labcontentinsets,swift_only,,byLabContentInsets,,,JobsByPods/JobsByUIKit@Pods/iOS.SDK/UILabel/UILabel+内边距.swift:32,
UILabel,labelautofontbywidth,oc_only,labelAutoFontByWidth,,,JobsByPods/JobsOCDSL@Pods/Core/UIKit/UILabel+DSLs/UILabel+DSL/UILabel+DSL.h:52; JobsByPods/JobsOCDSL@Pods/Core/UIKit/UILabel+DSLs/UILabel+DSL/UILabel+DSL.m:169,,
UILabel,labelblock,oc_only,byLabelBlock,,,JobsByPods/JobsOCDSL@Pods/Core/UIKit/UILabel+DSLs/UILabel+DSL/UILabel+DSL.h:47; JobsByPods/JobsOCDSL@Pods/Core/UIKit/UILabel+DSLs/UILabel+DSL/UILabel+DSL.m:133,,
UILabel,linebreakmode,aligned,byLineBreakMode,byLineBreakMode,,JobsByPods/JobsOCDSL@Pods/Core/UIKit/UILabel+DSLs/UILabel+DSL/UILabel+DSL.h:52; JobsByPods/JobsOCDSL@Pods/Core/UIKit/UILabel+DSLs/UILabel+DSL/UILabel+DSL.m:178,JobsByPods/JobsSwiftDSL@Pods/UIKit/iOS.SDK/UILabel/UILabel+DSL.swift:273; JobsByPods/JobsSwiftDSL@Pods/UIKit/iOS.SDK/UILabel/UILabel+DSL.swift:74,
UILabel,linebreakstrategy,aligned,byLineBreakStrategy,byLineBreakStrategy,,JobsByPods/JobsOCDSL@Pods/Core/UIKit/UILabel+DSLs/UILabel+DSL/UILabel+DSL.h:60; JobsByPods/JobsOCDSL@Pods/Core/UIKit/UILabel+DSLs/UILabel+DSL/UILabel+DSL.m:250,JobsByPods/JobsSwiftDSL@Pods/UIKit/iOS.SDK/UILabel/UILabel+DSL.swift:189; JobsByPods/JobsSwiftDSL@Pods/UIKit/iOS.SDK/UILabel/UILabel+DSL.swift:356,
UILabel,makeattributedstringbyselftext,oc_only,makeAttributedStringBySelfText,,,JobsByPods/JobsOCDSL@Pods/Core/UIKit/UILabel+DSLs/UILabel+DSL/UILabel+DSL.h:36; JobsByPods/JobsOCDSL@Pods/Core/UIKit/UILabel+DSLs/UILabel+DSL/UILabel+DSL.m:12,,
UILabel,makebtnsubtitlebyshowingtype,support_only,,,makeBtnSubTitleByShowingType,,,JobsByPods/JobsBaseUI@Pods/Support/UIKit/UIButton/UIButton+Extra/UIButton+Extra.m:52; JobsByPods/JobsByOCPods@Pods/Core/UIKit/UIButton/UIButton+Extra/UIButton+Extra.m:53
UILabel,makelabelbyshowingtype,aligned,makeLabelByShowingType,makeLabelByShowingType,,JobsByPods/JobsOCDSL@Pods/Core/UIKit/UILabel+DSLs/UILabel+DSL/UILabel+DSL.h:40; JobsByPods/JobsOCDSL@Pods/Core/UIKit/UILabel+DSLs/UILabel+DSL/UILabel+DSL.m:51,JobsByPods/JobsByUIKit@Pods/iOS.SDK/UILabel/UILabel+Tools.swift:89,
UILabel,makelabelgesture,support_only,,,makeLabelGesture,,,JobsByPods/JobsByOCPods@Pods/Core/UIKit/UILabel/UILabel+Gesture/UILabel+Gesture.h:65; JobsByPods/JobsByOCPods@Pods/Core/UIKit/UILabel/UILabel+Gesture/UILabel+Gesture.m:12
UILabel,minimumscalefactor,aligned,byMinimumScaleFactor,byMinimumScaleFactor,,JobsByPods/JobsOCDSL@Pods/Core/UIKit/UILabel+DSLs/UILabel+DSL/UILabel+DSL.h:58; JobsByPods/JobsOCDSL@Pods/Core/UIKit/UILabel+DSLs/UILabel+DSL/UILabel+DSL.m:232,JobsByPods/JobsSwiftDSL@Pods/UIKit/iOS.SDK/UILabel/UILabel+DSL.swift:176; JobsByPods/JobsSwiftDSL@Pods/UIKit/iOS.SDK/UILabel/UILabel+DSL.swift:331,
UILabel,nextattributedtext,aligned,byNextAttributedText,byNextAttributedText,,JobsByPods/JobsOCDSL@Pods/Core/UIKit/UILabel+DSLs/UILabel+DSL/UILabel+DSL.h:45; JobsByPods/JobsOCDSL@Pods/Core/UIKit/UILabel+DSLs/UILabel+DSL/UILabel+DSL.m:111,JobsByPods/JobsSwiftDSL@Pods/UIKit/iOS.SDK/UILabel/UILabel+DSL.swift:98,
UILabel,nextattributedtextwithvalue,oc_only,byNextAttributedTextWithvalue,,,JobsByPods/JobsOCDSL@Pods/Core/UIKit/UILabel+DSLs/UILabel+DSL/UILabel+DSL.h:46; JobsByPods/JobsOCDSL@Pods/Core/UIKit/UILabel+DSLs/UILabel+DSL/UILabel+DSL.m:122,,
UILabel,nexttext,aligned,byNextText,byNextText,,JobsByPods/JobsOCDSL@Pods/Core/UIKit/UILabel+DSLs/UILabel+DSL/UILabel+DSL.h:44; JobsByPods/JobsOCDSL@Pods/Core/UIKit/UILabel+DSLs/UILabel+DSL/UILabel+DSL.m:102,JobsByPods/JobsSwiftDSL@Pods/UIKit/iOS.SDK/UILabel/UILabel+DSL.swift:92,
UILabel,numberoflines,aligned,byNumberOfLines,byNumberOfLines,,JobsByPods/JobsOCDSL@Pods/Core/UIKit/UILabel+DSLs/UILabel+DSL/UILabel+DSL.h:39; JobsByPods/JobsOCDSL@Pods/Core/UIKit/UILabel+DSLs/UILabel+DSL/UILabel+DSL.m:42,JobsByPods/JobsSwiftDSL@Pods/UIKit/iOS.SDK/UILabel/UILabel+DSL.swift:265; JobsByPods/JobsSwiftDSL@Pods/UIKit/iOS.SDK/UILabel/UILabel+DSL.swift:68,
UILabel,preferredmaxlayoutwidth,aligned,byPreferredMaxLayoutWidth,byPreferredMaxLayoutWidth,,JobsByPods/JobsOCDSL@Pods/Core/UIKit/UILabel+DSLs/UILabel+DSL/UILabel+DSL.h:61; JobsByPods/JobsOCDSL@Pods/Core/UIKit/UILabel+DSLs/UILabel+DSL/UILabel+DSL.m:259,JobsByPods/JobsSwiftDSL@Pods/UIKit/iOS.SDK/UILabel/UILabel+DSL.swift:195; JobsByPods/JobsSwiftDSL@Pods/UIKit/iOS.SDK/UILabel/UILabel+DSL.swift:347,
UILabel,preferredvibrancy,aligned,byPreferredVibrancy,byPreferredVibrancy,,JobsByPods/JobsOCDSL@Pods/Core/UIKit/UILabel+DSLs/UILabel+DSL/UILabel+DSL.h:51; JobsByPods/JobsOCDSL@Pods/Core/UIKit/UILabel+DSLs/UILabel+DSL/UILabel+DSL.m:169,JobsByPods/JobsSwiftDSL@Pods/UIKit/iOS.SDK/UILabel/UILabel+DSL.swift:202; JobsByPods/JobsSwiftDSL@Pods/UIKit/iOS.SDK/UILabel/UILabel+DSL.swift:365,
UILabel,showsexpansiontextwhentruncated,aligned,byShowsExpansionTextWhenTruncated,byShowsExpansionTextWhenTruncated,,JobsByPods/JobsOCDSL@Pods/Core/UIKit/UILabel+DSLs/UILabel+DSL/UILabel+DSL.h:62; JobsByPods/JobsOCDSL@Pods/Core/UIKit/UILabel+DSLs/UILabel+DSL/UILabel+DSL.m:268,JobsByPods/JobsSwiftDSL@Pods/UIKit/iOS.SDK/UILabel/UILabel+DSL.swift:209; JobsByPods/JobsSwiftDSL@Pods/UIKit/iOS.SDK/UILabel/UILabel+DSL.swift:374,
UILabel,skeletonlastlinefillpercent,swift_only,,bySkeletonLastLineFillPercent,,,JobsByPods/JobsByUIKit@Pods/iOS.SDK/UIView/UIView+SkeletonView.swift:118,
UILabel,skeletonlinescolornerradius,swift_only,,bySkeletonLinesCornerRadius,,,JobsByPods/JobsByUIKit@Pods/iOS.SDK/UIView/UIView+SkeletonView.swift:112,
UILabel,startanimatedtextnumber,swift_only,,byStartAnimatedTextNumber,,,JobsByPods/JobsByUIKit@Pods/iOS.SDK/UILabel/UILabel+动效数字.swift:111,
UILabel,startractimerwithduration,support_only,,,startRACTimerWithDuration,,,JobsByPods/JobsByOCPods@Pods/Core/UIKit/UILabel/UILabel+Scroll/UILabel+Scroll.h:44; JobsByPods/JobsByOCPods@Pods/Core/UIKit/UILabel/UILabel+Scroll/UILabel+Scroll.m:13
UILabel,startscrollingifneededwithinterval,support_only,,,startScrollingIfNeededWithInterval,,,JobsByPods/JobsByOCPods@Pods/Core/UIKit/UILabel/UILabel+Scroll/UILabel+Scroll.h:50; JobsByPods/JobsByOCPods@Pods/Core/UIKit/UILabel/UILabel+Scroll/UILabel+Scroll.m:58
UILabel,stopanimatedtextnumber,swift_only,,byStopAnimatedTextNumber,,,JobsByPods/JobsByUIKit@Pods/iOS.SDK/UILabel/UILabel+动效数字.swift:173,
UILabel,stopscrolling,support_only,,,stopScrolling,,,JobsByPods/JobsByOCPods@Pods/Core/UIKit/UILabel/UILabel+Scroll/UILabel+Scroll.h:48; JobsByPods/JobsByOCPods@Pods/Core/UIKit/UILabel/UILabel+Scroll/UILabel+Scroll.m:42
UILabel,text,aligned,byText,byText,,JobsByPods/JobsOCDSL@Pods/Core/UIKit/UILabel+DSLs/UILabel+DSL/UILabel+DSL.h:43; JobsByPods/JobsOCDSL@Pods/Core/UIKit/UILabel+DSLs/UILabel+DSL/UILabel+DSL.m:93,JobsByPods/JobsSwiftDSL@Pods/UIKit/iOS.SDK/UILabel/UILabel+DSL.swift:234; JobsByPods/JobsSwiftDSL@Pods/UIKit/iOS.SDK/UILabel/UILabel+DSL.swift:34,
UILabel,textalignment,aligned,byTextAlignment,byTextAlignment,,JobsByPods/JobsOCDSL@Pods/Core/UIKit/UILabel+DSLs/UILabel+DSL/UILabel+DSL.h:50; JobsByPods/JobsOCDSL@Pods/Core/UIKit/UILabel+DSLs/UILabel+DSL/UILabel+DSL.m:160,JobsByPods/JobsSwiftDSL@Pods/UIKit/iOS.SDK/UILabel/UILabel+DSL.swift:257; JobsByPods/JobsSwiftDSL@Pods/UIKit/iOS.SDK/UILabel/UILabel+DSL.swift:62,
UILabel,textcolor,aligned,byTextCor,byTextColor,,JobsByPods/JobsOCDSL@Pods/Core/UIKit/UILabel+DSLs/UILabel+DSL/UILabel+DSL.h:48; JobsByPods/JobsOCDSL@Pods/Core/UIKit/UILabel+DSLs/UILabel+DSL/UILabel+DSL.m:142,JobsByPods/JobsSwiftDSL@Pods/UIKit/iOS.SDK/UILabel/UILabel+DSL.swift:240; JobsByPods/JobsSwiftDSL@Pods/UIKit/iOS.SDK/UILabel/UILabel+DSL.swift:40,
UIListContentConfiguration,alpha,swift_only,,byAlpha,,,JobsByPods/JobsByUIKit@Pods/iOS.SDK/Others@SDK/UIListContentConfiguration.swift:170,
UIListContentConfiguration,attributedtext,swift_only,,byAttributedText,,,JobsByPods/JobsByUIKit@Pods/iOS.SDK/Others@SDK/UIListContentConfiguration.swift:104,
UIListContentConfiguration,axespreservingsuperviewlayoutmargins,swift_only,,byAxesPreservingSuperviewLayoutMargins,,,JobsByPods/JobsByUIKit@Pods/iOS.SDK/Others@SDK/UIListContentConfiguration.swift:129,
UIListContentConfiguration,directionallayoutmargins,swift_only,,byDirectionalLayoutMargins,,,JobsByPods/JobsByUIKit@Pods/iOS.SDK/Others@SDK/UIListContentConfiguration.swift:134,
UIListContentConfiguration,image,swift_only,,byImage,,,JobsByPods/JobsByUIKit@Pods/iOS.SDK/Others@SDK/UIListContentConfiguration.swift:119; JobsByPods/JobsByUIKit@Pods/iOS.SDK/Others@SDK/UIListContentConfiguration.swift:124,
UIListContentConfiguration,imagecolornerradius,swift_only,,byImageCornerRadius,,,JobsByPods/JobsByUIKit@Pods/iOS.SDK/Others@SDK/UIListContentConfiguration.swift:297,
UIListContentConfiguration,imageignoresinvertcolors,swift_only,,byImageIgnoresInvertColors,,,JobsByPods/JobsByUIKit@Pods/iOS.SDK/Others@SDK/UIListContentConfiguration.swift:312,
UIListContentConfiguration,imagemaximumsize,swift_only,,byImageMaximumSize,,,JobsByPods/JobsByUIKit@Pods/iOS.SDK/Others@SDK/UIListContentConfiguration.swift:302,
UIListContentConfiguration,imagereservedlayoutsize,swift_only,,byImageReservedLayoutSize,,,JobsByPods/JobsByUIKit@Pods/iOS.SDK/Others@SDK/UIListContentConfiguration.swift:307,
UIListContentConfiguration,imagestrokecolor,swift_only,,byImageStrokeColor,,,JobsByPods/JobsByUIKit@Pods/iOS.SDK/Others@SDK/UIListContentConfiguration.swift:318,
UIListContentConfiguration,imagestrokecolortransformer,swift_only,,byImageStrokeColorTransformer,,,JobsByPods/JobsByUIKit@Pods/iOS.SDK/Others@SDK/UIListContentConfiguration.swift:324,
UIListContentConfiguration,imagestrokewidth,swift_only,,byImageStrokeWidth,,,JobsByPods/JobsByUIKit@Pods/iOS.SDK/Others@SDK/UIListContentConfiguration.swift:330,
UIListContentConfiguration,imagetotextpadding,swift_only,,byImageToTextPadding,,,JobsByPods/JobsByUIKit@Pods/iOS.SDK/Others@SDK/UIListContentConfiguration.swift:154,
UIListContentConfiguration,layoutmargins,swift_only,,byLayoutMargins,,,JobsByPods/JobsByUIKit@Pods/iOS.SDK/Others@SDK/UIListContentConfiguration.swift:139,
UIListContentConfiguration,makejobscontentview,swift_only,,makeJobsContentView,,,JobsByPods/JobsByUIKit@Pods/iOS.SDK/Others@SDK/UIListContentConfiguration.swift:342,
UIListContentConfiguration,preferredsymbolconfiguration,swift_only,,byPreferredSymbolConfiguration,,,JobsByPods/JobsByUIKit@Pods/iOS.SDK/Others@SDK/UIListContentConfiguration.swift:267,
UIListContentConfiguration,preferssidebysidetextandsecondarytext,swift_only,,byPrefersSideBySideTextAndSecondaryText,,,JobsByPods/JobsByUIKit@Pods/iOS.SDK/Others@SDK/UIListContentConfiguration.swift:149,
UIListContentConfiguration,primarysecondaryhorizontalpadding,swift_only,,byPrimarySecondaryHorizontalPadding,,,JobsByPods/JobsByUIKit@Pods/iOS.SDK/Others@SDK/UIListContentConfiguration.swift:159,
UIListContentConfiguration,primarysecondaryverticalpadding,swift_only,,byPrimarySecondaryVerticalPadding,,,JobsByPods/JobsByUIKit@Pods/iOS.SDK/Others@SDK/UIListContentConfiguration.swift:164,
UIListContentConfiguration,secondaryalignment,swift_only,,bySecondaryAlignment,,,JobsByPods/JobsByUIKit@Pods/iOS.SDK/Others@SDK/UIListContentConfiguration.swift:252,
UIListContentConfiguration,secondaryattributedtext,swift_only,,bySecondaryAttributedText,,,JobsByPods/JobsByUIKit@Pods/iOS.SDK/Others@SDK/UIListContentConfiguration.swift:114,
UIListContentConfiguration,secondarycolor,swift_only,,bySecondaryColor,,,JobsByPods/JobsByUIKit@Pods/iOS.SDK/Others@SDK/UIListContentConfiguration.swift:242,
UIListContentConfiguration,secondarycolortransformer,swift_only,,bySecondaryColorTransformer,,,JobsByPods/JobsByUIKit@Pods/iOS.SDK/Others@SDK/UIListContentConfiguration.swift:247,
UIListContentConfiguration,secondaryfont,swift_only,,bySecondaryFont,,,JobsByPods/JobsByUIKit@Pods/iOS.SDK/Others@SDK/UIListContentConfiguration.swift:237,
UIListContentConfiguration,secondarylines,swift_only,,bySecondaryLines,,,JobsByPods/JobsByUIKit@Pods/iOS.SDK/Others@SDK/UIListContentConfiguration.swift:257,
UIListContentConfiguration,secondarytext,swift_only,,bySecondaryText,,,JobsByPods/JobsByUIKit@Pods/iOS.SDK/Others@SDK/UIListContentConfiguration.swift:109,
UIListContentConfiguration,secondarytransform,swift_only,,bySecondaryTransform,,,JobsByPods/JobsByUIKit@Pods/iOS.SDK/Others@SDK/UIListContentConfiguration.swift:262,
UIListContentConfiguration,text,swift_only,,byText,,,JobsByPods/JobsByUIKit@Pods/iOS.SDK/Others@SDK/UIListContentConfiguration.swift:99,
UIListContentConfiguration,textadjustsfontsizetofitwidth,swift_only,,byTextAdjustsFontSizeToFitWidth,,,JobsByPods/JobsByUIKit@Pods/iOS.SDK/Others@SDK/UIListContentConfiguration.swift:205,
UIListContentConfiguration,textadjustsforcontentsizecategory,swift_only,,byTextAdjustsForContentSizeCategory,,,JobsByPods/JobsByUIKit@Pods/iOS.SDK/Others@SDK/UIListContentConfiguration.swift:218,
UIListContentConfiguration,textalignment,swift_only,,byTextAlignment,,,JobsByPods/JobsByUIKit@Pods/iOS.SDK/Others@SDK/UIListContentConfiguration.swift:190,
UIListContentConfiguration,textallowsdefaulttightening,swift_only,,byTextAllowsDefaultTightening,,,JobsByPods/JobsByUIKit@Pods/iOS.SDK/Others@SDK/UIListContentConfiguration.swift:213,
UIListContentConfiguration,textcolor,swift_only,,byTextColor,,,JobsByPods/JobsByUIKit@Pods/iOS.SDK/Others@SDK/UIListContentConfiguration.swift:180,
UIListContentConfiguration,textcolortransformer,swift_only,,byTextColorTransformer,,,JobsByPods/JobsByUIKit@Pods/iOS.SDK/Others@SDK/UIListContentConfiguration.swift:185,
UIListContentConfiguration,textfont,swift_only,,byTextFont,,,JobsByPods/JobsByUIKit@Pods/iOS.SDK/Others@SDK/UIListContentConfiguration.swift:175,
UIListContentConfiguration,textlinebreakmode,swift_only,,byTextLineBreakMode,,,JobsByPods/JobsByUIKit@Pods/iOS.SDK/Others@SDK/UIListContentConfiguration.swift:195,
UIListContentConfiguration,textlines,swift_only,,byTextLines,,,JobsByPods/JobsByUIKit@Pods/iOS.SDK/Others@SDK/UIListContentConfiguration.swift:200,
UIListContentConfiguration,textshowsexpansionwhentruncated,swift_only,,byTextShowsExpansionWhenTruncated,,,JobsByPods/JobsByUIKit@Pods/iOS.SDK/Others@SDK/UIListContentConfiguration.swift:230,
UIListContentConfiguration,texttransform,swift_only,,byTextTransform,,,JobsByPods/JobsByUIKit@Pods/iOS.SDK/Others@SDK/UIListContentConfiguration.swift:223,
UIListContentConfiguration,tintcolor,swift_only,,byTintColor,,,JobsByPods/JobsByUIKit@Pods/iOS.SDK/Others@SDK/UIListContentConfiguration.swift:287,
UIListContentConfiguration,tintcolortransformer,swift_only,,byTintColorTransformer,,,JobsByPods/JobsByUIKit@Pods/iOS.SDK/Others@SDK/UIListContentConfiguration.swift:292,
UILongPressGestureRecognizer,allowablemovement,oc_only,byAllowableMovement,,,JobsByPods/JobsOCDSL@Pods/Core/UIKit/UILongPressGestureRecognizer+DSLs/UILongPressGestureRecognizer+DSL/UILongPressGestureRecognizer+DSL.h:16; JobsByPods/JobsOCDSL@Pods/Core/UIKit/UILongPressGestureRecognizer+DSLs/UILongPressGestureRecognizer+DSL/UILongPressGestureRecognizer+DSL.m:35,,
UILongPressGestureRecognizer,minduration,swift_only,,byMinDuration,,,JobsByPods/JobsSwiftDSL@Pods/UIKit/iOS.SDK/UIGestureRecognizer/UIGestureRecognizer+DSL.swift:131,
UILongPressGestureRecognizer,minimumpressduration,oc_only,byMinimumPressDuration,,,JobsByPods/JobsOCDSL@Pods/Core/UIKit/UILongPressGestureRecognizer+DSLs/UILongPressGestureRecognizer+DSL/UILongPressGestureRecognizer+DSL.h:15; JobsByPods/JobsOCDSL@Pods/Core/UIKit/UILongPressGestureRecognizer+DSLs/UILongPressGestureRecognizer+DSL/UILongPressGestureRecognizer+DSL.m:26,,
UILongPressGestureRecognizer,movement,swift_only,,byMovement,,,JobsByPods/JobsSwiftDSL@Pods/UIKit/iOS.SDK/UIGestureRecognizer/UIGestureRecognizer+DSL.swift:137,
UILongPressGestureRecognizer,numberoftapsrequired,oc_only,byNumberOfTapsRequired,,,JobsByPods/JobsOCDSL@Pods/Core/UIKit/UILongPressGestureRecognizer+DSLs/UILongPressGestureRecognizer+DSL/UILongPressGestureRecognizer+DSL.h:13; JobsByPods/JobsOCDSL@Pods/Core/UIKit/UILongPressGestureRecognizer+DSLs/UILongPressGestureRecognizer+DSL/UILongPressGestureRecognizer+DSL.m:8,,
UILongPressGestureRecognizer,numberoftouchesrequired,oc_only,byNumberOfTouchesRequired,,,JobsByPods/JobsOCDSL@Pods/Core/UIKit/UILongPressGestureRecognizer+DSLs/UILongPressGestureRecognizer+DSL/UILongPressGestureRecognizer+DSL.h:14; JobsByPods/JobsOCDSL@Pods/Core/UIKit/UILongPressGestureRecognizer+DSLs/UILongPressGestureRecognizer+DSL/UILongPressGestureRecognizer+DSL.m:17,,
UILongPressGestureRecognizer,touches,swift_only,,byTouches,,,JobsByPods/JobsSwiftDSL@Pods/UIKit/iOS.SDK/UIGestureRecognizer/UIGestureRecognizer+DSL.swift:143,
UIMenuController,arrowdirection,oc_only,byArrowDirection,,,JobsByPods/JobsOCDSL@Pods/Core/UIKit/UIMenuController+DSLs/UIMenuController+DSL/UIMenuController+DSL.h:37; JobsByPods/JobsOCDSL@Pods/Core/UIKit/UIMenuController+DSLs/UIMenuController+DSL/UIMenuController+DSL.m:40,,
UIMenuController,getmenuframe,oc_only,byGetMenuFrame,,,JobsByPods/JobsOCDSL@Pods/Core/UIKit/UIMenuController+DSLs/UIMenuController+DSL/UIMenuController+DSL.h:39; JobsByPods/JobsOCDSL@Pods/Core/UIKit/UIMenuController+DSLs/UIMenuController+DSL/UIMenuController+DSL.m:49,,
UIMenuController,hidemenu,oc_only,byHideMenu,,,JobsByPods/JobsOCDSL@Pods/Core/UIKit/UIMenuController+DSLs/UIMenuController+DSL/UIMenuController+DSL.h:43; JobsByPods/JobsOCDSL@Pods/Core/UIKit/UIMenuController+DSLs/UIMenuController+DSL/UIMenuController+DSL.m:75,,
UIMenuController,hidemenufromview,oc_only,byHideMenuFromView,,,JobsByPods/JobsOCDSL@Pods/Core/UIKit/UIMenuController+DSLs/UIMenuController+DSL/UIMenuController+DSL.h:44; JobsByPods/JobsOCDSL@Pods/Core/UIKit/UIMenuController+DSLs/UIMenuController+DSL/UIMenuController+DSL.m:85,,
UIMenuController,menuitems,oc_only,byMenuItems,,,JobsByPods/JobsOCDSL@Pods/Core/UIKit/UIMenuController+DSLs/UIMenuController+DSL/UIMenuController+DSL.h:36; JobsByPods/JobsOCDSL@Pods/Core/UIKit/UIMenuController+DSLs/UIMenuController+DSL/UIMenuController+DSL.m:31,,
UIMenuController,menuvisible,oc_only,byMenuVisible,,,JobsByPods/JobsOCDSL@Pods/Core/UIKit/UIMenuController+DSLs/UIMenuController+DSL/UIMenuController+DSL.h:35; JobsByPods/JobsOCDSL@Pods/Core/UIKit/UIMenuController+DSLs/UIMenuController+DSL/UIMenuController+DSL.m:22,,
UIMenuController,setmenuvisible,oc_only,bySetMenuVisible,,,JobsByPods/JobsOCDSL@Pods/Core/UIKit/UIMenuController+DSLs/UIMenuController+DSL/UIMenuController+DSL.h:41; JobsByPods/JobsOCDSL@Pods/Core/UIKit/UIMenuController+DSLs/UIMenuController+DSL/UIMenuController+DSL.m:57,,
UIMenuController,sharedmenucontroller,oc_only,bySharedMenuController,,,JobsByPods/JobsOCDSL@Pods/Core/UIKit/UIMenuController+DSLs/UIMenuController+DSL/UIMenuController+DSL.h:33; JobsByPods/JobsOCDSL@Pods/Core/UIKit/UIMenuController+DSLs/UIMenuController+DSL/UIMenuController+DSL.m:16,,
UIMenuController,update,oc_only,byUpdate,,,JobsByPods/JobsOCDSL@Pods/Core/UIKit/UIMenuController+DSLs/UIMenuController+DSL/UIMenuController+DSL.h:42; JobsByPods/JobsOCDSL@Pods/Core/UIKit/UIMenuController+DSLs/UIMenuController+DSL/UIMenuController+DSL.m:66,,
UIMenuItem,action,oc_only,byAction,,,JobsByPods/JobsOCDSL@Pods/Core/UIKit/UIMenuItem+DSLs/UIMenuItem+DSL/UIMenuItem+DSL.h:41; JobsByPods/JobsOCDSL@Pods/Core/UIKit/UIMenuItem+DSLs/UIMenuItem+DSL/UIMenuItem+DSL.m:97,,
UIMenuItem,actionblock,oc_only,byActionBlock,,,JobsByPods/JobsOCDSL@Pods/Core/UIKit/UIMenuItem+DSLs/UIMenuItem+DSL/UIMenuItem+DSL.h:46; JobsByPods/JobsOCDSL@Pods/Core/UIKit/UIMenuItem+DSLs/UIMenuItem+DSL/UIMenuItem+DSL.m:107,,
UIMenuItem,menuitem,oc_only,byMenuItem,,,JobsByPods/JobsOCDSL@Pods/Core/UIKit/UIMenuItem+DSLs/UIMenuItem+DSL/UIMenuItem+DSL.h:36; JobsByPods/JobsOCDSL@Pods/Core/UIKit/UIMenuItem+DSLs/UIMenuItem+DSL/UIMenuItem+DSL.m:75,,
UIMenuItem,title,oc_only,byTitle,,,JobsByPods/JobsOCDSL@Pods/Core/UIKit/UIMenuItem+DSLs/UIMenuItem+DSL/UIMenuItem+DSL.h:37; JobsByPods/JobsOCDSL@Pods/Core/UIKit/UIMenuItem+DSLs/UIMenuItem+DSL/UIMenuItem+DSL.h:40; JobsByPods/JobsOCDSL@Pods/Core/UIKit/UIMenuItem+DSLs/UIMenuItem+DSL/UIMenuItem+DSL.m:81; JobsByPods/JobsOCDSL@Pods/Core/UIKit/UIMenuItem+DSLs/UIMenuItem+DSL/UIMenuItem+DSL.m:88,,
UINavigationBar,backindicator,swift_only,,byBackIndicator,,,JobsByPods/JobsByUIKit@Pods/iOS.SDK/UINavigationBar/UINavigationBar.swift:290,
UINavigationBar,barstyle,swift_only,,byBarStyle,,,JobsByPods/JobsByUIKit@Pods/iOS.SDK/UINavigationBar/UINavigationBar.swift:120; JobsByPods/JobsByUIKit@Pods/iOS.SDK/UINavigationBar/UINavigationBar.swift:20,
UINavigationBar,bartintcolor,swift_only,,byBarTintColor,,,JobsByPods/JobsByUIKit@Pods/iOS.SDK/UINavigationBar/UINavigationBar.swift:138; JobsByPods/JobsByUIKit@Pods/iOS.SDK/UINavigationBar/UINavigationBar.swift:38,
UINavigationBar,compactappearance,swift_only,,byCompactAppearance,,,JobsByPods/JobsByUIKit@Pods/iOS.SDK/UINavigationBar/UINavigationBar.swift:185; JobsByPods/JobsByUIKit@Pods/iOS.SDK/UINavigationBar/UINavigationBar.swift:309; JobsByPods/JobsByUIKit@Pods/iOS.SDK/UINavigationBar/UINavigationBar.swift:85,
UINavigationBar,compactscrolledgeappearance,swift_only,,byCompactScrollEdgeAppearance,,,JobsByPods/JobsByUIKit@Pods/iOS.SDK/UINavigationBar/UINavigationBar.swift:199; JobsByPods/JobsByUIKit@Pods/iOS.SDK/UINavigationBar/UINavigationBar.swift:329; JobsByPods/JobsByUIKit@Pods/iOS.SDK/UINavigationBar/UINavigationBar.swift:99,
UINavigationBar,largetitletextattributes,swift_only,,byLargeTitleTextAttributes,,,JobsByPods/JobsByUIKit@Pods/iOS.SDK/UINavigationBar/UINavigationBar.swift:165; JobsByPods/JobsByUIKit@Pods/iOS.SDK/UINavigationBar/UINavigationBar.swift:65,
UINavigationBar,legacylargetitlecolor,swift_only,,byLegacyLargeTitleColor,,,JobsByPods/JobsByUIKit@Pods/iOS.SDK/UINavigationBar/UINavigationBar.swift:255,
UINavigationBar,legacylargetitlefont,swift_only,,byLegacyLargeTitleFont,,,JobsByPods/JobsByUIKit@Pods/iOS.SDK/UINavigationBar/UINavigationBar.swift:243,
UINavigationBar,legacytitlecolor,swift_only,,byLegacyTitleColor,,,JobsByPods/JobsByUIKit@Pods/iOS.SDK/UINavigationBar/UINavigationBar.swift:232,
UINavigationBar,legacytitlefont,swift_only,,byLegacyTitleFont,,,JobsByPods/JobsByUIKit@Pods/iOS.SDK/UINavigationBar/UINavigationBar.swift:221,
UINavigationBar,preferredbehavioralstyle,swift_only,,byPreferredBehavioralStyle,,,JobsByPods/JobsByUIKit@Pods/iOS.SDK/UINavigationBar/UINavigationBar.swift:152; JobsByPods/JobsByUIKit@Pods/iOS.SDK/UINavigationBar/UINavigationBar.swift:52,
UINavigationBar,preferslargetitles,swift_only,,byPrefersLargeTitles,,,JobsByPods/JobsByUIKit@Pods/iOS.SDK/UINavigationBar/UINavigationBar.swift:144; JobsByPods/JobsByUIKit@Pods/iOS.SDK/UINavigationBar/UINavigationBar.swift:44,
UINavigationBar,scrolledgeappearance,swift_only,,byScrollEdgeAppearance,,,JobsByPods/JobsByUIKit@Pods/iOS.SDK/UINavigationBar/UINavigationBar.swift:192; JobsByPods/JobsByUIKit@Pods/iOS.SDK/UINavigationBar/UINavigationBar.swift:319; JobsByPods/JobsByUIKit@Pods/iOS.SDK/UINavigationBar/UINavigationBar.swift:92,
UINavigationBar,shadowimage,swift_only,,byShadowImage,,,JobsByPods/JobsByUIKit@Pods/iOS.SDK/UINavigationBar/UINavigationBar.swift:171; JobsByPods/JobsByUIKit@Pods/iOS.SDK/UINavigationBar/UINavigationBar.swift:71,
UINavigationBar,standardappearance,swift_only,,byStandardAppearance,,,JobsByPods/JobsByUIKit@Pods/iOS.SDK/UINavigationBar/UINavigationBar.swift:178; JobsByPods/JobsByUIKit@Pods/iOS.SDK/UINavigationBar/UINavigationBar.swift:299; JobsByPods/JobsByUIKit@Pods/iOS.SDK/UINavigationBar/UINavigationBar.swift:78,
UINavigationBar,tintcolor,swift_only,,byTintColor,,,JobsByPods/JobsByUIKit@Pods/iOS.SDK/UINavigationBar/UINavigationBar.swift:132; JobsByPods/JobsByUIKit@Pods/iOS.SDK/UINavigationBar/UINavigationBar.swift:32,
UINavigationBar,titletextattributes,swift_only,,byTitleTextAttributes,,,JobsByPods/JobsByUIKit@Pods/iOS.SDK/UINavigationBar/UINavigationBar.swift:159; JobsByPods/JobsByUIKit@Pods/iOS.SDK/UINavigationBar/UINavigationBar.swift:59,
UINavigationBar,translucent,swift_only,,byTranslucent,,,JobsByPods/JobsByUIKit@Pods/iOS.SDK/UINavigationBar/UINavigationBar.swift:126; JobsByPods/JobsByUIKit@Pods/iOS.SDK/UINavigationBar/UINavigationBar.swift:26,
UINavigationBar,unifiedappearance,swift_only,,byUnifiedAppearance,,,JobsByPods/JobsByUIKit@Pods/iOS.SDK/UINavigationBar/UINavigationBar.swift:107; JobsByPods/JobsByUIKit@Pods/iOS.SDK/UINavigationBar/UINavigationBar.swift:207; JobsByPods/JobsByUIKit@Pods/iOS.SDK/UINavigationBar/UINavigationBar.swift:342,
UINavigationBarAppearance,backbuttonappearance,swift_only,,byBackButtonAppearance,,,JobsByPods/JobsByUIKit@Pods/iOS.SDK/UINavigationBar/UINavigationBarAppearance.swift:228,
UINavigationBarAppearance,backindicator,swift_only,,byBackIndicator,,,JobsByPods/JobsByUIKit@Pods/iOS.SDK/UINavigationBar/UINavigationBarAppearance.swift:209,
UINavigationBarAppearance,buttonappearance,swift_only,,byButtonAppearance,,,JobsByPods/JobsByUIKit@Pods/iOS.SDK/UINavigationBar/UINavigationBarAppearance.swift:216,
UINavigationBarAppearance,donebuttonappearance,swift_only,,byDoneButtonAppearance,,,JobsByPods/JobsByUIKit@Pods/iOS.SDK/UINavigationBar/UINavigationBarAppearance.swift:234,
UINavigationBarAppearance,largesubtitleattributes,swift_only,,byLargeSubtitleAttributes,,,JobsByPods/JobsByUIKit@Pods/iOS.SDK/UINavigationBar/UINavigationBarAppearance.swift:101; JobsByPods/JobsByUIKit@Pods/iOS.SDK/UINavigationBar/UINavigationBarAppearance.swift:199,
UINavigationBarAppearance,largetitleattributes,swift_only,,byLargeTitleAttributes,,,JobsByPods/JobsByUIKit@Pods/iOS.SDK/UINavigationBar/UINavigationBarAppearance.swift:163; JobsByPods/JobsByUIKit@Pods/iOS.SDK/UINavigationBar/UINavigationBarAppearance.swift:69,
UINavigationBarAppearance,largetitlecolor,swift_only,,byLargeTitleColor,,,JobsByPods/JobsByUIKit@Pods/iOS.SDK/UINavigationBar/UINavigationBarAppearance.swift:153; JobsByPods/JobsByUIKit@Pods/iOS.SDK/UINavigationBar/UINavigationBarAppearance.swift:60,
UINavigationBarAppearance,largetitlefont,swift_only,,byLargeTitleFont,,,JobsByPods/JobsByUIKit@Pods/iOS.SDK/UINavigationBar/UINavigationBarAppearance.swift:143; JobsByPods/JobsByUIKit@Pods/iOS.SDK/UINavigationBar/UINavigationBarAppearance.swift:51,
UINavigationBarAppearance,prominentbuttonappearance,swift_only,,byProminentButtonAppearance,,,JobsByPods/JobsByUIKit@Pods/iOS.SDK/UINavigationBar/UINavigationBarAppearance.swift:222,
UINavigationBarAppearance,subtitleattributes,swift_only,,bySubtitleAttributes,,,JobsByPods/JobsByUIKit@Pods/iOS.SDK/UINavigationBar/UINavigationBarAppearance.swift:170; JobsByPods/JobsByUIKit@Pods/iOS.SDK/UINavigationBar/UINavigationBarAppearance.swift:76,
UINavigationBarAppearance,subtitlecolor,swift_only,,bySubtitleColor,,,JobsByPods/JobsByUIKit@Pods/iOS.SDK/UINavigationBar/UINavigationBarAppearance.swift:188; JobsByPods/JobsByUIKit@Pods/iOS.SDK/UINavigationBar/UINavigationBarAppearance.swift:91,
UINavigationBarAppearance,subtitlefont,swift_only,,bySubtitleFont,,,JobsByPods/JobsByUIKit@Pods/iOS.SDK/UINavigationBar/UINavigationBarAppearance.swift:177; JobsByPods/JobsByUIKit@Pods/iOS.SDK/UINavigationBar/UINavigationBarAppearance.swift:82,
UINavigationBarAppearance,titleattributes,swift_only,,byTitleAttributes,,,JobsByPods/JobsByUIKit@Pods/iOS.SDK/UINavigationBar/UINavigationBarAppearance.swift:131; JobsByPods/JobsByUIKit@Pods/iOS.SDK/UINavigationBar/UINavigationBarAppearance.swift:39,
UINavigationBarAppearance,titlecolor,swift_only,,byTitleColor,,,JobsByPods/JobsByUIKit@Pods/iOS.SDK/UINavigationBar/UINavigationBarAppearance.swift:121; JobsByPods/JobsByUIKit@Pods/iOS.SDK/UINavigationBar/UINavigationBarAppearance.swift:30,
UINavigationBarAppearance,titlefont,swift_only,,byTitleFont,,,JobsByPods/JobsByUIKit@Pods/iOS.SDK/UINavigationBar/UINavigationBarAppearance.swift:111; JobsByPods/JobsByUIKit@Pods/iOS.SDK/UINavigationBar/UINavigationBarAppearance.swift:21,
UINavigationBarAppearance,titlepositionadjustment,swift_only,,byTitlePositionAdjustment,,,JobsByPods/JobsByUIKit@Pods/iOS.SDK/UINavigationBar/UINavigationBarAppearance.swift:137; JobsByPods/JobsByUIKit@Pods/iOS.SDK/UINavigationBar/UINavigationBarAppearance.swift:45,
UINavigationController,bgimage,support_only,,,bgImage,,,JobsByPods/JobsByOCPods@Pods/Core/UIKit/UIViewController/UIViewController+Sys/UIViewController+BaseVC/UIViewController+BaseVC.m:195
UINavigationController,delegate,support_only,,,byDelegate,,,JobsByPods/JobsByOCPods@Pods/Core/UIKit/UINavigationController/UINavigationController+Extra/UINavigationController+Extra.m:36
UINavigationController,hideallbars,swift_only,,byHideAllBars,,,JobsByPods/JobsSwiftDSL@Pods/UIKit/iOS.SDK/UINavigationController/UINavigationController+DSL.swift:164,
UINavigationController,nabarhiddenbyanimated,swift_only,,byNaBarHiddenByAnimated,,,JobsByPods/JobsSwiftDSL@Pods/UIKit/iOS.SDK/UINavigationController/UINavigationController+DSL.swift:36; JobsByPods/JobsSwiftDSL@Pods/UIKit/iOS.SDK/UINavigationController/UINavigationController+DSL.swift:81,
UINavigationController,navbarhidden,swift_only,,byNavBarHidden,,,JobsByPods/JobsSwiftDSL@Pods/UIKit/iOS.SDK/UINavigationController/UINavigationController+DSL.swift:42; JobsByPods/JobsSwiftDSL@Pods/UIKit/iOS.SDK/UINavigationController/UINavigationController+DSL.swift:87,
UINavigationController,navigationbarhidden,swift_only,,byNavigationBarHidden,,,JobsByPods/JobsSwiftDSL@Pods/UIKit/iOS.SDK/UINavigationController/UINavigationController+DSL.swift:30; JobsByPods/JobsSwiftDSL@Pods/UIKit/iOS.SDK/UINavigationController/UINavigationController+DSL.swift:75,
UINavigationController,navtarget,swift_only,,byNavTarget,,,JobsByPods/JobsByUIKit@Pods/iOS.SDK/UINavigationController/UINavigationController.swift:21,
UINavigationController,showvc,swift_only,,byShowVC,,,JobsByPods/JobsSwiftDSL@Pods/UIKit/iOS.SDK/UINavigationController/UINavigationController+DSL.swift:158,
UINavigationController,toolbarhidden,swift_only,,byToolbarHidden,,,JobsByPods/JobsSwiftDSL@Pods/UIKit/iOS.SDK/UINavigationController/UINavigationController+DSL.swift:54; JobsByPods/JobsSwiftDSL@Pods/UIKit/iOS.SDK/UINavigationController/UINavigationController+DSL.swift:99,
UINavigationController,toolbarhiddenbyanimated,swift_only,,byToolbarHiddenByAnimated,,,JobsByPods/JobsSwiftDSL@Pods/UIKit/iOS.SDK/UINavigationController/UINavigationController+DSL.swift:48; JobsByPods/JobsSwiftDSL@Pods/UIKit/iOS.SDK/UINavigationController/UINavigationController+DSL.swift:93,
UINavigationController,viewcontrollers,swift_only,,byViewControllers,,,JobsByPods/JobsSwiftDSL@Pods/UIKit/iOS.SDK/UINavigationController/UINavigationController+DSL.swift:24; JobsByPods/JobsSwiftDSL@Pods/UIKit/iOS.SDK/UINavigationController/UINavigationController+DSL.swift:69,
UINavigationController,viewcontrollersbyanimated,swift_only,,byViewControllersByAnimated,,,JobsByPods/JobsSwiftDSL@Pods/UIKit/iOS.SDK/UINavigationController/UINavigationController+DSL.swift:18; JobsByPods/JobsSwiftDSL@Pods/UIKit/iOS.SDK/UINavigationController/UINavigationController+DSL.swift:63,
UIPageControl,currentpage,swift_only,,byCurrentPage,,,JobsByPods/JobsSwiftDSL@Pods/UIKit/iOS.SDK/UIPageControl/UIPageControl+DSL.swift:24; JobsByPods/JobsSwiftDSL@Pods/UIKit/iOS.SDK/UIPageControl/UIPageControl+DSL.swift:51,
UIPageControl,currentpageindicatortintcolor,swift_only,,byCurrentPageIndicatorTintColor,,,JobsByPods/JobsSwiftDSL@Pods/UIKit/iOS.SDK/UIPageControl/UIPageControl+DSL.swift:36; JobsByPods/JobsSwiftDSL@Pods/UIKit/iOS.SDK/UIPageControl/UIPageControl+DSL.swift:63,
UIPageControl,numberofpages,swift_only,,byNumberOfPages,,,JobsByPods/JobsSwiftDSL@Pods/UIKit/iOS.SDK/UIPageControl/UIPageControl+DSL.swift:18; JobsByPods/JobsSwiftDSL@Pods/UIKit/iOS.SDK/UIPageControl/UIPageControl+DSL.swift:45,
UIPageControl,pageindicatortintcolor,swift_only,,byPageIndicatorTintColor,,,JobsByPods/JobsSwiftDSL@Pods/UIKit/iOS.SDK/UIPageControl/UIPageControl+DSL.swift:30; JobsByPods/JobsSwiftDSL@Pods/UIKit/iOS.SDK/UIPageControl/UIPageControl+DSL.swift:57,
UIPageViewController,datasource,swift_only,,byDataSource,,,JobsByPods/JobsByUIKit@Pods/iOS.SDK/Others@SDK/UIPageViewController.swift:30,
UIPageViewController,delegate,swift_only,,byDelegate,,,JobsByPods/JobsByUIKit@Pods/iOS.SDK/Others@SDK/UIPageViewController.swift:36,
UIPanGestureRecognizer,maximumnumberoftouches,oc_only,byMaximumNumberOfTouches,,,JobsByPods/JobsOCDSL@Pods/Core/UIKit/UIPanGestureRecognizer+DSLs/UIPanGestureRecognizer+DSL/UIPanGestureRecognizer+DSL.h:14; JobsByPods/JobsOCDSL@Pods/Core/UIKit/UIPanGestureRecognizer+DSLs/UIPanGestureRecognizer+DSL/UIPanGestureRecognizer+DSL.m:17,,
UIPanGestureRecognizer,maxtouches,swift_only,,byMaxTouches,,,JobsByPods/JobsSwiftDSL@Pods/UIKit/iOS.SDK/UIGestureRecognizer/UIGestureRecognizer+DSL.swift:158,
UIPanGestureRecognizer,minimumnumberoftouches,oc_only,byMinimumNumberOfTouches,,,JobsByPods/JobsOCDSL@Pods/Core/UIKit/UIPanGestureRecognizer+DSLs/UIPanGestureRecognizer+DSL/UIPanGestureRecognizer+DSL.h:13; JobsByPods/JobsOCDSL@Pods/Core/UIKit/UIPanGestureRecognizer+DSLs/UIPanGestureRecognizer+DSL/UIPanGestureRecognizer+DSL.m:8,,
UIPanGestureRecognizer,mintouches,swift_only,,byMinTouches,,,JobsByPods/JobsSwiftDSL@Pods/UIKit/iOS.SDK/UIGestureRecognizer/UIGestureRecognizer+DSL.swift:152,
UIPickerView,datasource,swift_only,,byDataSource,,,JobsByPods/JobsByUIKit@Pods/iOS.SDK/Others@SDK/UIPickerView.swift:22,
UIPickerView,delegate,swift_only,,byDelegate,,,JobsByPods/JobsByUIKit@Pods/iOS.SDK/Others@SDK/UIPickerView.swift:16,
UIPinchGestureRecognizer,onscalechange,swift_only,,byOnScaleChange,,,JobsByPods/JobsSwiftDSL@Pods/UIKit/iOS.SDK/UIGestureRecognizer/UIGestureRecognizer+DSL.swift:230,
UIPinchGestureRecognizer,resetscale,swift_only,,byResetScale,,,JobsByPods/JobsSwiftDSL@Pods/UIKit/iOS.SDK/UIGestureRecognizer/UIGestureRecognizer+DSL.swift:224,
UIPinchGestureRecognizer,scale,aligned,byScale,byScale,,JobsByPods/JobsOCDSL@Pods/Core/UIKit/UIPinchGestureRecognizer+DSLs/UIPinchGestureRecognizer+DSL/UIPinchGestureRecognizer+DSL.h:13; JobsByPods/JobsOCDSL@Pods/Core/UIKit/UIPinchGestureRecognizer+DSLs/UIPinchGestureRecognizer+DSL/UIPinchGestureRecognizer+DSL.m:8,JobsByPods/JobsSwiftDSL@Pods/UIKit/iOS.SDK/UIGestureRecognizer/UIGestureRecognizer+DSL.swift:218,
UIPopoverPresentationController,delegate,swift_only,,byDelegate,,,JobsByPods/JobsByUIKit@Pods/iOS.SDK/Others@SDK/UIPopoverPresentationController.swift:34,
UIPopoverPresentationController,permittedarrowdirections,swift_only,,byPermittedArrowDirections,,,JobsByPods/JobsByUIKit@Pods/iOS.SDK/Others@SDK/UIPopoverPresentationController.swift:28,
UIPopoverPresentationController,sourcerect,swift_only,,bySourceRect,,,JobsByPods/JobsByUIKit@Pods/iOS.SDK/Others@SDK/UIPopoverPresentationController.swift:22,
UIPopoverPresentationController,sourceview,swift_only,,bySourceView,,,JobsByPods/JobsByUIKit@Pods/iOS.SDK/Others@SDK/UIPopoverPresentationController.swift:16,
UIProgressView,observedprogress,aligned,byObservedProgress,byObservedProgress,,JobsByPods/JobsOCDSL@Pods/Core/UIKit/UIProgressView+DSLs/UIProgressView+DSL/UIProgressView+DSL.h:40; JobsByPods/JobsOCDSL@Pods/Core/UIKit/UIProgressView+DSLs/UIProgressView+DSL/UIProgressView+DSL.m:78,JobsByPods/JobsByUIKit@Pods/iOS.SDK/Others@SDK/UIProgressView.swift:77,
UIProgressView,progress,aligned,byProgress,byProgress,,JobsByPods/JobsOCDSL@Pods/Core/UIKit/UIProgressView+DSLs/UIProgressView+DSL/UIProgressView+DSL.h:32; JobsByPods/JobsOCDSL@Pods/Core/UIKit/UIProgressView+DSLs/UIProgressView+DSL/UIProgressView+DSL.m:21,JobsByPods/JobsByUIKit@Pods/iOS.SDK/Others@SDK/UIProgressView.swift:25; JobsByPods/JobsByUIKit@Pods/iOS.SDK/Others@SDK/UIProgressView.swift:31,
UIProgressView,progressanimated,oc_only,byProgressAnimated,,,JobsByPods/JobsOCDSL@Pods/Core/UIKit/UIProgressView+DSLs/UIProgressView+DSL/UIProgressView+DSL.h:33; JobsByPods/JobsOCDSL@Pods/Core/UIKit/UIProgressView+DSLs/UIProgressView+DSL/UIProgressView+DSL.m:30,,
UIProgressView,progressbyanimated,swift_only,,byProgressByAnimated,,,JobsByPods/JobsByUIKit@Pods/iOS.SDK/Others@SDK/UIProgressView.swift:37,
UIProgressView,progressimage,aligned,byProgressImage,byProgressImage,,JobsByPods/JobsOCDSL@Pods/Core/UIKit/UIProgressView+DSLs/UIProgressView+DSL/UIProgressView+DSL.h:37; JobsByPods/JobsOCDSL@Pods/Core/UIKit/UIProgressView+DSLs/UIProgressView+DSL/UIProgressView+DSL.m:60,JobsByPods/JobsByUIKit@Pods/iOS.SDK/Others@SDK/UIProgressView.swift:63,
UIProgressView,progresstintcolor,aligned,byProgressTintColor,byProgressTintColor,,JobsByPods/JobsOCDSL@Pods/Core/UIKit/UIProgressView+DSLs/UIProgressView+DSL/UIProgressView+DSL.h:35; JobsByPods/JobsOCDSL@Pods/Core/UIKit/UIProgressView+DSLs/UIProgressView+DSL/UIProgressView+DSL.m:42,JobsByPods/JobsByUIKit@Pods/iOS.SDK/Others@SDK/UIProgressView.swift:44,
UIProgressView,progressviewstyle,aligned,byProgressViewStyle,byProgressViewStyle,,JobsByPods/JobsOCDSL@Pods/Core/UIKit/UIProgressView+DSLs/UIProgressView+DSL/UIProgressView+DSL.h:30; JobsByPods/JobsOCDSL@Pods/Core/UIKit/UIProgressView+DSLs/UIProgressView+DSL/UIProgressView+DSL.m:12,JobsByPods/JobsByUIKit@Pods/iOS.SDK/Others@SDK/UIProgressView.swift:18,
UIProgressView,trackimage,aligned,byTrackImage,byTrackImage,,JobsByPods/JobsOCDSL@Pods/Core/UIKit/UIProgressView+DSLs/UIProgressView+DSL/UIProgressView+DSL.h:38; JobsByPods/JobsOCDSL@Pods/Core/UIKit/UIProgressView+DSLs/UIProgressView+DSL/UIProgressView+DSL.m:69,JobsByPods/JobsByUIKit@Pods/iOS.SDK/Others@SDK/UIProgressView.swift:69,
UIProgressView,tracktintcolor,aligned,byTrackTintColor,byTrackTintColor,,JobsByPods/JobsOCDSL@Pods/Core/UIKit/UIProgressView+DSLs/UIProgressView+DSL/UIProgressView+DSL.h:36; JobsByPods/JobsOCDSL@Pods/Core/UIKit/UIProgressView+DSLs/UIProgressView+DSL/UIProgressView+DSL.m:51,JobsByPods/JobsByUIKit@Pods/iOS.SDK/Others@SDK/UIProgressView.swift:50,
UIRotationGestureRecognizer,onrotationchange,swift_only,,byOnRotationChange,,,JobsByPods/JobsSwiftDSL@Pods/UIKit/iOS.SDK/UIGestureRecognizer/UIGestureRecognizer+DSL.swift:194,
UIRotationGestureRecognizer,resetrotation,swift_only,,byResetRotation,,,JobsByPods/JobsSwiftDSL@Pods/UIKit/iOS.SDK/UIGestureRecognizer/UIGestureRecognizer+DSL.swift:188,
UIRotationGestureRecognizer,rotation,aligned,byRotation,byRotation,,JobsByPods/JobsOCDSL@Pods/Core/UIKit/UIRotationGestureRecognizer+DSLs/UIRotationGestureRecognizer+DSL/UIRotationGestureRecognizer+DSL.h:13; JobsByPods/JobsOCDSL@Pods/Core/UIKit/UIRotationGestureRecognizer+DSLs/UIRotationGestureRecognizer+DSL/UIRotationGestureRecognizer+DSL.m:8,JobsByPods/JobsSwiftDSL@Pods/UIKit/iOS.SDK/UIGestureRecognizer/UIGestureRecognizer+DSL.swift:182,
UIScreenEdgePanGestureRecognizer,edges,oc_only,byEdges,,,JobsByPods/JobsOCDSL@Pods/Core/UIKit/UIScreenEdgePanGestureRecognizer+DSLs/UIScreenEdgePanGestureRecognizer+DSL/UIScreenEdgePanGestureRecognizer+DSL.h:13; JobsByPods/JobsOCDSL@Pods/Core/UIKit/UIScreenEdgePanGestureRecognizer+DSLs/UIScreenEdgePanGestureRecognizer+DSL/UIScreenEdgePanGestureRecognizer+DSL.m:8,,
UIScrollView,allowskeyboardscrolling,aligned,byAllowsKeyboardScrolling,byAllowsKeyboardScrolling,,JobsByPods/JobsOCDSL@Pods/Core/UIKit/UIScrollView+DSLs/UIScrollView+DSL/UIScrollView+DSL.m:407,JobsByPods/JobsSwiftDSL@Pods/UIKit/iOS.SDK/UIScrollView/UIScrollView+DSL.swift:153; JobsByPods/JobsSwiftDSL@Pods/UIKit/iOS.SDK/UIScrollView/UIScrollView+DSL.swift:354,
UIScrollView,alwaysbouncehorizontal,aligned,byAlwaysBounceHorizontal,byAlwaysBounceHorizontal,,JobsByPods/JobsOCDSL@Pods/Core/UIKit/UIScrollView+DSLs/UIScrollView+DSL/UIScrollView+DSL.m:253,JobsByPods/JobsSwiftDSL@Pods/UIKit/iOS.SDK/UIScrollView/UIScrollView+DSL.swift:258; JobsByPods/JobsSwiftDSL@Pods/UIKit/iOS.SDK/UIScrollView/UIScrollView+DSL.swift:50,
UIScrollView,alwaysbouncevertical,aligned,byAlwaysBounceVertical,byAlwaysBounceVertical,,JobsByPods/JobsOCDSL@Pods/Core/UIKit/UIScrollView+DSLs/UIScrollView+DSL/UIScrollView+DSL.m:244,JobsByPods/JobsSwiftDSL@Pods/UIKit/iOS.SDK/UIScrollView/UIScrollView+DSL.swift:252; JobsByPods/JobsSwiftDSL@Pods/UIKit/iOS.SDK/UIScrollView/UIScrollView+DSL.swift:44,
UIScrollView,automaticallyadjustsscrollindicatorinsets,aligned,byAutomaticallyAdjustsScrollIndicatorInsets,byAutomaticallyAdjustsScrollIndicatorInsets,,JobsByPods/JobsOCDSL@Pods/Core/UIKit/UIScrollView+DSLs/UIScrollView+DSL/UIScrollView+DSL.m:226,JobsByPods/JobsSwiftDSL@Pods/UIKit/iOS.SDK/UIScrollView/UIScrollView+DSL.swift:131; JobsByPods/JobsSwiftDSL@Pods/UIKit/iOS.SDK/UIScrollView/UIScrollView+DSL.swift:336,
UIScrollView,bottomedgeeffect,swift_only,,byBottomEdgeEffect,,,JobsByPods/JobsSwiftDSL@Pods/UIKit/iOS.SDK/UIScrollView/UIScrollView+DSL.swift:522,
UIScrollView,bounces,aligned,byBounces,byBounces,,JobsByPods/JobsOCDSL@Pods/Core/UIKit/UIScrollView+DSLs/UIScrollView+DSL/UIScrollView+DSL.m:77,JobsByPods/JobsSwiftDSL@Pods/UIKit/iOS.SDK/UIScrollView/UIScrollView+DSL.swift:246; JobsByPods/JobsSwiftDSL@Pods/UIKit/iOS.SDK/UIScrollView/UIScrollView+DSL.swift:38,
UIScrollView,bounceshorizontally,aligned,byBouncesHorizontally,byBouncesHorizontally,,JobsByPods/JobsOCDSL@Pods/Core/UIKit/UIScrollView+DSLs/UIScrollView+DSL/UIScrollView+DSL.m:195,JobsByPods/JobsSwiftDSL@Pods/UIKit/iOS.SDK/UIScrollView/UIScrollView+DSL.swift:168; JobsByPods/JobsSwiftDSL@Pods/UIKit/iOS.SDK/UIScrollView/UIScrollView+DSL.swift:366,
UIScrollView,bouncesvertically,aligned,byBouncesVertically,byBouncesVertically,,JobsByPods/JobsOCDSL@Pods/Core/UIKit/UIScrollView+DSLs/UIScrollView+DSL/UIScrollView+DSL.m:205,JobsByPods/JobsSwiftDSL@Pods/UIKit/iOS.SDK/UIScrollView/UIScrollView+DSL.swift:175; JobsByPods/JobsSwiftDSL@Pods/UIKit/iOS.SDK/UIScrollView/UIScrollView+DSL.swift:372,
UIScrollView,bounceszoom,aligned,byBouncesZoom,byBouncesZoom,,JobsByPods/JobsOCDSL@Pods/Core/UIKit/UIScrollView+DSLs/UIScrollView+DSL/UIScrollView+DSL.m:364,JobsByPods/JobsSwiftDSL@Pods/UIKit/iOS.SDK/UIScrollView/UIScrollView+DSL.swift:457,
UIScrollView,cancancelcontenttouches,aligned,byCanCancelContentTouches,byCanCancelContentTouches,,JobsByPods/JobsOCDSL@Pods/Core/UIKit/UIScrollView+DSLs/UIScrollView+DSL/UIScrollView+DSL.m:327,JobsByPods/JobsSwiftDSL@Pods/UIKit/iOS.SDK/UIScrollView/UIScrollView+DSL.swift:201; JobsByPods/JobsSwiftDSL@Pods/UIKit/iOS.SDK/UIScrollView/UIScrollView+DSL.swift:395,
UIScrollView,clearemptybuttonlayout,swift_only,,byClearEmptyButtonLayout,,,JobsByPods/JobsByUIKit@Pods/iOS.SDK/UIScrollView/UIScrollView+空态数据占位按钮.swift:148,
UIScrollView,clearemptybuttonprovider,swift_only,,byClearEmptyButtonProvider,,,JobsByPods/JobsByUIKit@Pods/iOS.SDK/UIScrollView/UIScrollView+空态数据占位按钮.swift:115,
UIScrollView,clearemptyviewlayout,swift_only,,byClearEmptyViewLayout,,,JobsByPods/JobsByUIKit@Pods/iOS.SDK/UIScrollView/UIScrollView+空态数据占位视图.swift:99,
UIScrollView,clearemptyviewprovider,swift_only,,byClearEmptyViewProvider,,,JobsByPods/JobsByUIKit@Pods/iOS.SDK/UIScrollView/UIScrollView+空态数据占位视图.swift:67,
UIScrollView,contentalignmentpoint,aligned,byContentAlignmentPoint,byContentAlignmentPoint,,JobsByPods/JobsOCDSL@Pods/Core/UIKit/UIScrollView+DSLs/UIScrollView+DSL/UIScrollView+DSL.m:163,JobsByPods/JobsSwiftDSL@Pods/UIKit/iOS.SDK/UIScrollView/UIScrollView+DSL.swift:161; JobsByPods/JobsSwiftDSL@Pods/UIKit/iOS.SDK/UIScrollView/UIScrollView+DSL.swift:360,
UIScrollView,contentheight,oc_only,byContentHeight,,,JobsByPods/JobsOCDSL@Pods/Core/UIKit/UIScrollView+DSLs/UIScrollView+DSL/UIScrollView+DSL.m:58,,
UIScrollView,contentinset,aligned,byContentInset,byContentInset,,JobsByPods/JobsOCDSL@Pods/Core/UIKit/UIScrollView+DSLs/UIScrollView+DSL/UIScrollView+DSL.m:86,JobsByPods/JobsSwiftDSL@Pods/UIKit/iOS.SDK/UIScrollView/UIScrollView+DSL.swift:288; JobsByPods/JobsSwiftDSL@Pods/UIKit/iOS.SDK/UIScrollView/UIScrollView+DSL.swift:80,
UIScrollView,contentinsetadjustmentbehavior,aligned,byContentInsetAdjustmentBehavior,byContentInsetAdjustmentBehavior,,JobsByPods/JobsOCDSL@Pods/Core/UIKit/UIScrollView+DSLs/UIScrollView+DSL/UIScrollView+DSL.m:216,JobsByPods/JobsSwiftDSL@Pods/UIKit/iOS.SDK/UIScrollView/UIScrollView+DSL.swift:124; JobsByPods/JobsSwiftDSL@Pods/UIKit/iOS.SDK/UIScrollView/UIScrollView+DSL.swift:330,
UIScrollView,contentinsetbottom,swift_only,,byContentInsetBottom,,,JobsByPods/JobsSwiftDSL@Pods/UIKit/iOS.SDK/UIScrollView/UIScrollView+DSL.swift:552,
UIScrollView,contentinsetleft,swift_only,,byContentInsetLeft,,,JobsByPods/JobsSwiftDSL@Pods/UIKit/iOS.SDK/UIScrollView/UIScrollView+DSL.swift:545,
UIScrollView,contentinsetright,swift_only,,byContentInsetRight,,,JobsByPods/JobsSwiftDSL@Pods/UIKit/iOS.SDK/UIScrollView/UIScrollView+DSL.swift:559,
UIScrollView,contentinsettop,swift_only,,byContentInsetTop,,,JobsByPods/JobsSwiftDSL@Pods/UIKit/iOS.SDK/UIScrollView/UIScrollView+DSL.swift:538,
UIScrollView,contentoffset,oc_only,byContentOffset,,,JobsByPods/JobsOCDSL@Pods/Core/UIKit/UIScrollView+DSLs/UIScrollView+DSL/UIScrollView+DSL.m:135,,
UIScrollView,contentoffsetby,swift_only,,byContentOffsetBy,,,JobsByPods/JobsSwiftDSL@Pods/UIKit/iOS.SDK/UIScrollView/UIScrollView+DSL.swift:422,
UIScrollView,contentoffsetbyanimated,swift_only,,byContentOffsetByAnimated,,,JobsByPods/JobsSwiftDSL@Pods/UIKit/iOS.SDK/UIScrollView/UIScrollView+DSL.swift:428,
UIScrollView,contentsize,aligned,byContentSize,byContentSize,,JobsByPods/JobsOCDSL@Pods/Core/UIKit/UIScrollView+DSLs/UIScrollView+DSL/UIScrollView+DSL.m:39,JobsByPods/JobsSwiftDSL@Pods/UIKit/iOS.SDK/UIScrollView/UIScrollView+DSL.swift:20; JobsByPods/JobsSwiftDSL@Pods/UIKit/iOS.SDK/UIScrollView/UIScrollView+DSL.swift:228,
UIScrollView,contentwidth,oc_only,byContentWidth,,,JobsByPods/JobsOCDSL@Pods/Core/UIKit/UIScrollView+DSLs/UIScrollView+DSL/UIScrollView+DSL.m:48,,
UIScrollView,decelerationrate,aligned,byDecelerationRate,byDecelerationRate,,JobsByPods/JobsOCDSL@Pods/Core/UIKit/UIScrollView+DSLs/UIScrollView+DSL/UIScrollView+DSL.m:309,JobsByPods/JobsSwiftDSL@Pods/UIKit/iOS.SDK/UIScrollView/UIScrollView+DSL.swift:110; JobsByPods/JobsSwiftDSL@Pods/UIKit/iOS.SDK/UIScrollView/UIScrollView+DSL.swift:318,
UIScrollView,delayscontenttouches,aligned,byDelaysContentTouches,byDelaysContentTouches,,JobsByPods/JobsOCDSL@Pods/Core/UIKit/UIScrollView+DSLs/UIScrollView+DSL/UIScrollView+DSL.m:318,JobsByPods/JobsSwiftDSL@Pods/UIKit/iOS.SDK/UIScrollView/UIScrollView+DSL.swift:195; JobsByPods/JobsSwiftDSL@Pods/UIKit/iOS.SDK/UIScrollView/UIScrollView+DSL.swift:389,
UIScrollView,delegate,aligned,byDelegate,byDelegate,,JobsByPods/JobsOCDSL@Pods/Core/UIKit/UIScrollView+DSLs/UIScrollView+DSL/UIScrollView+DSL.m:12,JobsByPods/JobsSwiftDSL@Pods/UIKit/iOS.SDK/UIScrollView/UIScrollView+DSL.swift:300; JobsByPods/JobsSwiftDSL@Pods/UIKit/iOS.SDK/UIScrollView/UIScrollView+DSL.swift:92,
UIScrollView,directionallockenabled,aligned,byDirectionalLockEnabled,byDirectionalLockEnabled,,JobsByPods/JobsOCDSL@Pods/Core/UIKit/UIScrollView+DSLs/UIScrollView+DSL/UIScrollView+DSL.m:235,JobsByPods/JobsSwiftDSL@Pods/UIKit/iOS.SDK/UIScrollView/UIScrollView+DSL.swift:276; JobsByPods/JobsSwiftDSL@Pods/UIKit/iOS.SDK/UIScrollView/UIScrollView+DSL.swift:68,
UIScrollView,directionalpressgesture,swift_only,,byDirectionalPressGesture,,,JobsByPods/JobsSwiftDSL@Pods/UIKit/iOS.SDK/UIScrollView/UIScrollView+DSL.swift:501,
UIScrollView,emptybuttonlayout,swift_only,,byEmptyButtonLayout,,,JobsByPods/JobsByUIKit@Pods/iOS.SDK/UIScrollView/UIScrollView+空态数据占位按钮.swift:131,
UIScrollView,emptybuttonprovider,swift_only,,byEmptyButtonProvider,,,JobsByPods/JobsByUIKit@Pods/iOS.SDK/UIScrollView/UIScrollView+空态数据占位按钮.swift:84,
UIScrollView,emptyviewlayout,swift_only,,byEmptyViewLayout,,,JobsByPods/JobsByUIKit@Pods/iOS.SDK/UIScrollView/UIScrollView+空态数据占位视图.swift:83,
UIScrollView,emptyviewprovider,swift_only,,byEmptyViewProvider,,,JobsByPods/JobsByUIKit@Pods/iOS.SDK/UIScrollView/UIScrollView+空态数据占位视图.swift:36,
UIScrollView,expandhorizontalscrolldistance,swift_only,,byExpandHorizontalScrollDistance,,,JobsByPods/JobsSwiftDSL@Pods/UIKit/iOS.SDK/UIScrollView/UIScrollView+DSL.swift:631,
UIScrollView,expandverticalscrolldistance,swift_only,,byExpandVerticalScrollDistance,,,JobsByPods/JobsSwiftDSL@Pods/UIKit/iOS.SDK/UIScrollView/UIScrollView+DSL.swift:619,
UIScrollView,flashscrollindicators,swift_only,,byFlashScrollIndicators,,,JobsByPods/JobsSwiftDSL@Pods/UIKit/iOS.SDK/UIScrollView/UIScrollView+DSL.swift:475,
UIScrollView,horizontalscrollindicatorinsets,aligned,byHorizontalScrollIndicatorInsets,byHorizontalScrollIndicatorInsets,,JobsByPods/JobsOCDSL@Pods/Core/UIKit/UIScrollView+DSLs/UIScrollView+DSL/UIScrollView+DSL.m:290,JobsByPods/JobsSwiftDSL@Pods/UIKit/iOS.SDK/UIScrollView/UIScrollView+DSL.swift:145; JobsByPods/JobsSwiftDSL@Pods/UIKit/iOS.SDK/UIScrollView/UIScrollView+DSL.swift:348,
UIScrollView,indexdisplaymode,aligned,byIndexDisplayMode,byIndexDisplayMode,,JobsByPods/JobsOCDSL@Pods/Core/UIKit/UIScrollView+DSLs/UIScrollView+DSL/UIScrollView+DSL.m:420,JobsByPods/JobsSwiftDSL@Pods/UIKit/iOS.SDK/UIScrollView/UIScrollView+DSL.swift:219; JobsByPods/JobsSwiftDSL@Pods/UIKit/iOS.SDK/UIScrollView/UIScrollView+DSL.swift:413,
UIScrollView,indicatorinsetbottom,swift_only,,byIndicatorInsetBottom,,,JobsByPods/JobsSwiftDSL@Pods/UIKit/iOS.SDK/UIScrollView/UIScrollView+DSL.swift:593,
UIScrollView,indicatorinsetleft,swift_only,,byIndicatorInsetLeft,,,JobsByPods/JobsSwiftDSL@Pods/UIKit/iOS.SDK/UIScrollView/UIScrollView+DSL.swift:580,
UIScrollView,indicatorinsetright,swift_only,,byIndicatorInsetRight,,,JobsByPods/JobsSwiftDSL@Pods/UIKit/iOS.SDK/UIScrollView/UIScrollView+DSL.swift:606,
UIScrollView,indicatorinsettop,swift_only,,byIndicatorInsetTop,,,JobsByPods/JobsSwiftDSL@Pods/UIKit/iOS.SDK/UIScrollView/UIScrollView+DSL.swift:567,
UIScrollView,indicatorstyle,aligned,byIndicatorStyle,byIndicatorStyle,,JobsByPods/JobsOCDSL@Pods/Core/UIKit/UIScrollView+DSLs/UIScrollView+DSL/UIScrollView+DSL.m:271,JobsByPods/JobsSwiftDSL@Pods/UIKit/iOS.SDK/UIScrollView/UIScrollView+DSL.swift:294; JobsByPods/JobsSwiftDSL@Pods/UIKit/iOS.SDK/UIScrollView/UIScrollView+DSL.swift:86,
UIScrollView,keyboarddismissmode,aligned,byKeyboardDismissMode,byKeyboardDismissMode,,JobsByPods/JobsOCDSL@Pods/Core/UIKit/UIScrollView+DSLs/UIScrollView+DSL/UIScrollView+DSL.m:384,JobsByPods/JobsSwiftDSL@Pods/UIKit/iOS.SDK/UIScrollView/UIScrollView+DSL.swift:306; JobsByPods/JobsSwiftDSL@Pods/UIKit/iOS.SDK/UIScrollView/UIScrollView+DSL.swift:98,
UIScrollView,leftedgeeffect,swift_only,,byLeftEdgeEffect,,,JobsByPods/JobsSwiftDSL@Pods/UIKit/iOS.SDK/UIScrollView/UIScrollView+DSL.swift:515,
UIScrollView,looktoscrollaxes,oc_only,byLookToScrollAxes,,,JobsByPods/JobsOCDSL@Pods/Core/UIKit/UIScrollView+DSLs/UIScrollView+DSL/UIScrollView+DSL.m:433,,
UIScrollView,maximumzoomscale,aligned,byMaximumZoomScale,byMaximumZoomScale,,JobsByPods/JobsOCDSL@Pods/Core/UIKit/UIScrollView+DSLs/UIScrollView+DSL/UIScrollView+DSL.m:345,JobsByPods/JobsSwiftDSL@Pods/UIKit/iOS.SDK/UIScrollView/UIScrollView+DSL.swift:213; JobsByPods/JobsSwiftDSL@Pods/UIKit/iOS.SDK/UIScrollView/UIScrollView+DSL.swift:407,
UIScrollView,minimumzoomscale,aligned,byMinimumZoomScale,byMinimumZoomScale,,JobsByPods/JobsOCDSL@Pods/Core/UIKit/UIScrollView+DSLs/UIScrollView+DSL/UIScrollView+DSL.m:336,JobsByPods/JobsSwiftDSL@Pods/UIKit/iOS.SDK/UIScrollView/UIScrollView+DSL.swift:207; JobsByPods/JobsSwiftDSL@Pods/UIKit/iOS.SDK/UIScrollView/UIScrollView+DSL.swift:401,
UIScrollView,mjfooter,oc_only,byMJ_footer,,,JobsByPods/JobsOCDSL@Pods/Core/UIKit/UIScrollView+DSLs/UIScrollView+DSL/UIScrollView+DSL.h:43; JobsByPods/JobsOCDSL@Pods/Core/UIKit/UIScrollView+DSLs/UIScrollView+DSL/UIScrollView+DSL.m:125,,
UIScrollView,mjheader,oc_only,byMJ_header,,,JobsByPods/JobsOCDSL@Pods/Core/UIKit/UIScrollView+DSLs/UIScrollView+DSL/UIScrollView+DSL.h:42; JobsByPods/JobsOCDSL@Pods/Core/UIKit/UIScrollView+DSLs/UIScrollView+DSL/UIScrollView+DSL.m:115,,
UIScrollView,mjrefreshfooter,oc_only,byMJRefreshFooter,,,JobsByPods/JobsOCDSL@Pods/Core/UIKit/UIScrollView+DSLs/UIScrollView+DSL/UIScrollView+DSL.m:105,,
UIScrollView,mjrefreshheader,oc_only,byMJRefreshHeader,,,JobsByPods/JobsOCDSL@Pods/Core/UIKit/UIScrollView+DSLs/UIScrollView+DSL/UIScrollView+DSL.m:95,,
UIScrollView,pagingenabled,aligned,byPagingEnabled,byPagingEnabled,,JobsByPods/JobsOCDSL@Pods/Core/UIKit/UIScrollView+DSLs/UIScrollView+DSL/UIScrollView+DSL.m:262,JobsByPods/JobsSwiftDSL@Pods/UIKit/iOS.SDK/UIScrollView/UIScrollView+DSL.swift:264; JobsByPods/JobsSwiftDSL@Pods/UIKit/iOS.SDK/UIScrollView/UIScrollView+DSL.swift:56,
UIScrollView,pangesture,swift_only,,byPanGesture,,,JobsByPods/JobsSwiftDSL@Pods/UIKit/iOS.SDK/UIScrollView/UIScrollView+DSL.swift:487,
UIScrollView,pinchgesture,swift_only,,byPinchGesture,,,JobsByPods/JobsSwiftDSL@Pods/UIKit/iOS.SDK/UIScrollView/UIScrollView+DSL.swift:494,
UIScrollView,refreshcontrol,aligned,byRefreshControl,byRefreshControl,,JobsByPods/JobsOCDSL@Pods/Core/UIKit/UIScrollView+DSLs/UIScrollView+DSL/UIScrollView+DSL.m:394,JobsByPods/JobsSwiftDSL@Pods/UIKit/iOS.SDK/UIScrollView/UIScrollView+DSL.swift:104; JobsByPods/JobsSwiftDSL@Pods/UIKit/iOS.SDK/UIScrollView/UIScrollView+DSL.swift:312,
UIScrollView,reloademptyviewauto,swift_only,,byReloadEmptyViewAuto,,,JobsByPods/JobsByUIKit@Pods/iOS.SDK/UIScrollView/UIScrollView+空态数据占位按钮.swift:189,
UIScrollView,reloademptyviewmanual,swift_only,,byReloadEmptyViewManual,,,JobsByPods/JobsByUIKit@Pods/iOS.SDK/UIScrollView/UIScrollView+空态数据占位按钮.swift:182,
UIScrollView,rightedgeeffect,swift_only,,byRightEdgeEffect,,,JobsByPods/JobsSwiftDSL@Pods/UIKit/iOS.SDK/UIScrollView/UIScrollView+DSL.swift:529,
UIScrollView,scrollenabled,aligned,byScrollEnabled,byScrollEnabled,,JobsByPods/JobsOCDSL@Pods/Core/UIKit/UIScrollView+DSLs/UIScrollView+DSL/UIScrollView+DSL.m:68,JobsByPods/JobsSwiftDSL@Pods/UIKit/iOS.SDK/UIScrollView/UIScrollView+DSL.swift:270; JobsByPods/JobsSwiftDSL@Pods/UIKit/iOS.SDK/UIScrollView/UIScrollView+DSL.swift:62,
UIScrollView,scrollindicatorinsets,aligned,byScrollIndicatorInsets,byScrollIndicatorInsets,,JobsByPods/JobsOCDSL@Pods/Core/UIKit/UIScrollView+DSLs/UIScrollView+DSL/UIScrollView+DSL.m:300,JobsByPods/JobsSwiftDSL@Pods/UIKit/iOS.SDK/UIScrollView/UIScrollView+DSL.swift:282; JobsByPods/JobsSwiftDSL@Pods/UIKit/iOS.SDK/UIScrollView/UIScrollView+DSL.swift:74,
UIScrollView,scrollrecttovisible,swift_only,,byScrollRectToVisible,,,JobsByPods/JobsSwiftDSL@Pods/UIKit/iOS.SDK/UIScrollView/UIScrollView+DSL.swift:481,
UIScrollView,scrollstotop,aligned,byScrollsToTop,byScrollsToTop,,JobsByPods/JobsOCDSL@Pods/Core/UIKit/UIScrollView+DSLs/UIScrollView+DSL/UIScrollView+DSL.m:373,JobsByPods/JobsSwiftDSL@Pods/UIKit/iOS.SDK/UIScrollView/UIScrollView+DSL.swift:116; JobsByPods/JobsSwiftDSL@Pods/UIKit/iOS.SDK/UIScrollView/UIScrollView+DSL.swift:324,
UIScrollView,scrolltarget,swift_only,,byScrollTarget,,,JobsByPods/JobsByUIKit@Pods/iOS.SDK/UIScrollView/UIScrollView.swift:28,
UIScrollView,scrolltargetweak,swift_only,,byScrollTargetWeak,,,JobsByPods/JobsByUIKit@Pods/iOS.SDK/UIScrollView/UIScrollView.swift:20,
UIScrollView,showshorizontalscrollindicator,aligned,byShowsHorizontalScrollIndicator,byShowsHorizontalScrollIndicator,,JobsByPods/JobsOCDSL@Pods/Core/UIKit/UIScrollView+DSLs/UIScrollView+DSL/UIScrollView+DSL.m:30,JobsByPods/JobsSwiftDSL@Pods/UIKit/iOS.SDK/UIScrollView/UIScrollView+DSL.swift:240; JobsByPods/JobsSwiftDSL@Pods/UIKit/iOS.SDK/UIScrollView/UIScrollView+DSL.swift:32,
UIScrollView,showsindicators,swift_only,,byShowsIndicators,,,JobsByPods/JobsSwiftDSL@Pods/UIKit/iOS.SDK/UIScrollView/UIScrollView+DSL.swift:469,
UIScrollView,showsverticalscrollindicator,aligned,byShowsVerticalScrollIndicator,byShowsVerticalScrollIndicator,,JobsByPods/JobsOCDSL@Pods/Core/UIKit/UIScrollView+DSLs/UIScrollView+DSL/UIScrollView+DSL.m:21,JobsByPods/JobsSwiftDSL@Pods/UIKit/iOS.SDK/UIScrollView/UIScrollView+DSL.swift:234; JobsByPods/JobsSwiftDSL@Pods/UIKit/iOS.SDK/UIScrollView/UIScrollView+DSL.swift:26,
UIScrollView,stopscrollingandzooming,swift_only,,byStopScrollingAndZooming,,,JobsByPods/JobsSwiftDSL@Pods/UIKit/iOS.SDK/UIScrollView/UIScrollView+DSL.swift:442,
UIScrollView,topedgeeffect,swift_only,,byTopEdgeEffect,,,JobsByPods/JobsSwiftDSL@Pods/UIKit/iOS.SDK/UIScrollView/UIScrollView+DSL.swift:508,
UIScrollView,transfershorizontalscrollingtoparent,aligned,byTransfersHorizontalScrollingToParent,byTransfersHorizontalScrollingToParent,,JobsByPods/JobsOCDSL@Pods/Core/UIKit/UIScrollView+DSLs/UIScrollView+DSL/UIScrollView+DSL.m:173,JobsByPods/JobsSwiftDSL@Pods/UIKit/iOS.SDK/UIScrollView/UIScrollView+DSL.swift:182; JobsByPods/JobsSwiftDSL@Pods/UIKit/iOS.SDK/UIScrollView/UIScrollView+DSL.swift:378,
UIScrollView,transfersverticalscrollingtoparent,aligned,byTransfersVerticalScrollingToParent,byTransfersVerticalScrollingToParent,,JobsByPods/JobsOCDSL@Pods/Core/UIKit/UIScrollView+DSLs/UIScrollView+DSL/UIScrollView+DSL.m:184,JobsByPods/JobsSwiftDSL@Pods/UIKit/iOS.SDK/UIScrollView/UIScrollView+DSL.swift:189; JobsByPods/JobsSwiftDSL@Pods/UIKit/iOS.SDK/UIScrollView/UIScrollView+DSL.swift:384,
UIScrollView,verticalscrollindicatorinsets,aligned,byVerticalScrollIndicatorInsets,byVerticalScrollIndicatorInsets,,JobsByPods/JobsOCDSL@Pods/Core/UIKit/UIScrollView+DSLs/UIScrollView+DSL/UIScrollView+DSL.m:280,JobsByPods/JobsSwiftDSL@Pods/UIKit/iOS.SDK/UIScrollView/UIScrollView+DSL.swift:138; JobsByPods/JobsSwiftDSL@Pods/UIKit/iOS.SDK/UIScrollView/UIScrollView+DSL.swift:342,
UIScrollView,withscrollindicatorsshownforcontentoffsetchanges,swift_only,,byWithScrollIndicatorsShownForContentOffsetChanges,,,JobsByPods/JobsSwiftDSL@Pods/UIKit/iOS.SDK/UIScrollView/UIScrollView+DSL.swift:435,
UIScrollView,zoom,swift_only,,byZoom,,,JobsByPods/JobsSwiftDSL@Pods/UIKit/iOS.SDK/UIScrollView/UIScrollView+DSL.swift:463,
UIScrollView,zoomscale,aligned,byZoomScale,byZoomScale,,JobsByPods/JobsOCDSL@Pods/Core/UIKit/UIScrollView+DSLs/UIScrollView+DSL/UIScrollView+DSL.m:354,JobsByPods/JobsSwiftDSL@Pods/UIKit/iOS.SDK/UIScrollView/UIScrollView+DSL.swift:448,
UISearchBar,bartintcolor,swift_only,,byBarTintColor,,,JobsByPods/JobsByUIKit@Pods/iOS.SDK/Others@SDK/UISearchBar.swift:34,
UISearchBar,delegate,swift_only,,byDelegate,,,JobsByPods/JobsByUIKit@Pods/iOS.SDK/Others@SDK/UISearchBar.swift:16,
UISearchBar,placeholder,swift_only,,byPlaceholder,,,JobsByPods/JobsByUIKit@Pods/iOS.SDK/Others@SDK/UISearchBar.swift:22,
UISearchBar,showscancelbutton,swift_only,,byShowsCancelButton,,,JobsByPods/JobsByUIKit@Pods/iOS.SDK/Others@SDK/UISearchBar.swift:40,
UISearchBar,text,swift_only,,byText,,,JobsByPods/JobsByUIKit@Pods/iOS.SDK/Others@SDK/UISearchBar.swift:28,
UISegmentedControl,selectedsegmentindex,swift_only,,bySelectedSegmentIndex,,,JobsByPods/JobsByUIKit@Pods/iOS.SDK/Others@SDK/UISegmentedControl.swift:16,
UISegmentedControl,title,swift_only,,byTitle,,,JobsByPods/JobsByUIKit@Pods/iOS.SDK/Others@SDK/UISegmentedControl.swift:22,
UISegmentedControl,titletextattributes,swift_only,,byTitleTextAttributes,,,JobsByPods/JobsByUIKit@Pods/iOS.SDK/Others@SDK/UISegmentedControl.swift:28,
UISlider,maximumtracktintcolor,swift_only,,byMaximumTrackTintColor,,,JobsByPods/JobsByUIKit@Pods/iOS.SDK/Others@SDK/UISlider.swift:46,
UISlider,maximumvalue,swift_only,,byMaximumValue,,,JobsByPods/JobsByUIKit@Pods/iOS.SDK/Others@SDK/UISlider.swift:34,
UISlider,minimumtracktintcolor,swift_only,,byMinimumTrackTintColor,,,JobsByPods/JobsByUIKit@Pods/iOS.SDK/Others@SDK/UISlider.swift:40,
UISlider,minimumvalue,swift_only,,byMinimumValue,,,JobsByPods/JobsByUIKit@Pods/iOS.SDK/Others@SDK/UISlider.swift:28,
UISlider,thumbtintcolor,swift_only,,byThumbTintColor,,,JobsByPods/JobsByUIKit@Pods/iOS.SDK/Others@SDK/UISlider.swift:52,
UISlider,value,swift_only,,byValue,,,JobsByPods/JobsByUIKit@Pods/iOS.SDK/Others@SDK/UISlider.swift:22,
UISlider,valuebyanimated,swift_only,,byValueByAnimated,,,JobsByPods/JobsByUIKit@Pods/iOS.SDK/Others@SDK/UISlider.swift:16,
UIStackView,add,support_only,,,add,,,JobsByPods/JobsByOCPods@Pods/Core/UIKit/UIStackView/UIStackView+Extra/UIStackView+Extra.h:29; JobsByPods/JobsByOCPods@Pods/Core/UIKit/UIStackView/UIStackView+Extra/UIStackView+Extra.m:12
UIStackView,addarrangedsubview,swift_only,,byAddArrangedSubview,,,JobsByPods/JobsByUIKit@Pods/iOS.SDK/Others@SDK/UIStackView.swift:42,
UIStackView,addarrangedsubviews,swift_only,,"addArrangedSubviews, byAddArrangedSubviews",,,JobsByPods/JobsByUIKit@Pods/iOS.SDK/Others@SDK/UIStackView.swift:48; JobsByPods/JobsByUIKit@Pods/iOS.SDK/Others@SDK/UIStackView.swift:98,
UIStackView,alignment,swift_only,,byAlignment,,,JobsByPods/JobsByUIKit@Pods/iOS.SDK/Others@SDK/UIStackView.swift:30,
UIStackView,axis,swift_only,,byAxis,,,JobsByPods/JobsByUIKit@Pods/iOS.SDK/Others@SDK/UIStackView.swift:18,
UIStackView,baselinerelativearrangement,swift_only,,byBaselineRelativeArrangement,,,JobsByPods/JobsByUIKit@Pods/iOS.SDK/Others@SDK/UIStackView.swift:66,
UIStackView,customspacing,swift_only,,byCustomSpacing,,,JobsByPods/JobsByUIKit@Pods/iOS.SDK/Others@SDK/UIStackView.swift:54,
UIStackView,customspacingafter,swift_only,,byCustomSpacingAfter,,,JobsByPods/JobsByUIKit@Pods/iOS.SDK/Others@SDK/UIStackView.swift:61,
UIStackView,distribution,swift_only,,byDistribution,,,JobsByPods/JobsByUIKit@Pods/iOS.SDK/Others@SDK/UIStackView.swift:24,
UIStackView,insertarrangedsubview,swift_only,,byInsertArrangedSubview,,,JobsByPods/JobsByUIKit@Pods/iOS.SDK/Others@SDK/UIStackView.swift:78,
UIStackView,layoutmargins,swift_only,,byLayoutMargins,,,JobsByPods/JobsByUIKit@Pods/iOS.SDK/Others@SDK/UIStackView.swift:109,
UIStackView,layoutmarginsrelativearrangement,swift_only,,byLayoutMarginsRelativeArrangement,,,JobsByPods/JobsByUIKit@Pods/iOS.SDK/Others@SDK/UIStackView.swift:72,
UIStackView,removeallarrangedsubviews,swift_only,,byRemoveAllArrangedSubviews,,,JobsByPods/JobsByUIKit@Pods/iOS.SDK/Others@SDK/UIStackView.swift:90,
UIStackView,removearrangedsubview,swift_only,,byRemoveArrangedSubview,,,JobsByPods/JobsByUIKit@Pods/iOS.SDK/Others@SDK/UIStackView.swift:84,
UIStackView,resetarrangedsubviews,swift_only,,byResetArrangedSubviews,,,JobsByPods/JobsByUIKit@Pods/iOS.SDK/Others@SDK/UIStackView.swift:103,
UIStackView,spacing,swift_only,,bySpacing,,,JobsByPods/JobsByUIKit@Pods/iOS.SDK/Others@SDK/UIStackView.swift:36,
UIStepper,autorepeat,swift_only,,byAutorepeat,,,JobsByPods/JobsByUIKit@Pods/iOS.SDK/Others@SDK/UIStepper.swift:46,
UIStepper,continuous,swift_only,,byContinuous,,,JobsByPods/JobsByUIKit@Pods/iOS.SDK/Others@SDK/UIStepper.swift:40,
UIStepper,maximumvalue,swift_only,,byMaximumValue,,,JobsByPods/JobsByUIKit@Pods/iOS.SDK/Others@SDK/UIStepper.swift:28,
UIStepper,minimumvalue,swift_only,,byMinimumValue,,,JobsByPods/JobsByUIKit@Pods/iOS.SDK/Others@SDK/UIStepper.swift:22,
UIStepper,stepvalue,swift_only,,byStepValue,,,JobsByPods/JobsByUIKit@Pods/iOS.SDK/Others@SDK/UIStepper.swift:34,
UIStepper,value,swift_only,,byValue,,,JobsByPods/JobsByUIKit@Pods/iOS.SDK/Others@SDK/UIStepper.swift:16,
UIStepper,wraps,swift_only,,byWraps,,,JobsByPods/JobsByUIKit@Pods/iOS.SDK/Others@SDK/UIStepper.swift:52,
UISwipeGestureRecognizer,direction,aligned,byDirection,byDirection,,JobsByPods/JobsOCDSL@Pods/Core/UIKit/UISwipeGestureRecognizer+DSLs/UISwipeGestureRecognizer+DSL/UISwipeGestureRecognizer+DSL.h:14; JobsByPods/JobsOCDSL@Pods/Core/UIKit/UISwipeGestureRecognizer+DSLs/UISwipeGestureRecognizer+DSL/UISwipeGestureRecognizer+DSL.m:17,JobsByPods/JobsSwiftDSL@Pods/UIKit/iOS.SDK/UIGestureRecognizer/UIGestureRecognizer+DSL.swift:166,
UISwipeGestureRecognizer,numberoftouchesrequired,oc_only,byNumberOfTouchesRequired,,,JobsByPods/JobsOCDSL@Pods/Core/UIKit/UISwipeGestureRecognizer+DSLs/UISwipeGestureRecognizer+DSL/UISwipeGestureRecognizer+DSL.h:13; JobsByPods/JobsOCDSL@Pods/Core/UIKit/UISwipeGestureRecognizer+DSLs/UISwipeGestureRecognizer+DSL/UISwipeGestureRecognizer+DSL.m:8,,
UISwipeGestureRecognizer,touches,swift_only,,byTouches,,,JobsByPods/JobsSwiftDSL@Pods/UIKit/iOS.SDK/UIGestureRecognizer/UIGestureRecognizer+DSL.swift:172,
UISwitch,on,swift_only,,byOn,,,JobsByPods/JobsByUIKit@Pods/iOS.SDK/Others@SDK/UISwitch.swift:16,
UISwitch,onanimated,swift_only,,byOnAnimated,,,JobsByPods/JobsByUIKit@Pods/iOS.SDK/Others@SDK/UISwitch.swift:22,
UISwitch,ontintcolor,swift_only,,byOnTintColor,,,JobsByPods/JobsByUIKit@Pods/iOS.SDK/Others@SDK/UISwitch.swift:28,
UISwitch,thumbtintcolor,swift_only,,byThumbTintColor,,,JobsByPods/JobsByUIKit@Pods/iOS.SDK/Others@SDK/UISwitch.swift:34,
UITabBarController,delegate,swift_only,,byDelegate,,,JobsByPods/JobsByUIKit@Pods/iOS.SDK/Others@SDK/UITabBarController.swift:34,
UITabBarController,selectedindex,swift_only,,bySelectedIndex,,,JobsByPods/JobsByUIKit@Pods/iOS.SDK/Others@SDK/UITabBarController.swift:28,
UITabBarController,tabbarbackgroundcolor,swift_only,,byTabBarBackgroundColor,,,JobsByPods/JobsByUIKit@Pods/iOS.SDK/Others@SDK/UITabBarController.swift:46,
UITabBarController,tabbartintcolor,swift_only,,byTabBarTintColor,,,JobsByPods/JobsByUIKit@Pods/iOS.SDK/Others@SDK/UITabBarController.swift:40,
UITabBarController,viewcontrollers,swift_only,,byViewControllers,,,JobsByPods/JobsByUIKit@Pods/iOS.SDK/Others@SDK/UITabBarController.swift:22,
UITabBarController,viewcontrollersbyanimated,swift_only,,byViewControllersByAnimated,,,JobsByPods/JobsByUIKit@Pods/iOS.SDK/Others@SDK/UITabBarController.swift:16,
UITableView,allowsfocus,aligned,byAllowsFocus,byAllowsFocus,,JobsByPods/JobsOCDSL@Pods/Core/UIKit/UITableView+DSLs/UITableView+DSL/UITableView+DSL.h:80; JobsByPods/JobsOCDSL@Pods/Core/UIKit/UITableView+DSLs/UITableView+DSL/UITableView+DSL.m:571,JobsByPods/JobsSwiftDSL@Pods/UIKit/iOS.SDK/UITableView/UITableView+DSL.swift:212; JobsByPods/JobsSwiftDSL@Pods/UIKit/iOS.SDK/UITableView/UITableView+DSL.swift:456,
UITableView,allowsfocusduringediting,aligned,byAllowsFocusDuringEditing,byAllowsFocusDuringEditing,,JobsByPods/JobsOCDSL@Pods/Core/UIKit/UITableView+DSLs/UITableView+DSL/UITableView+DSL.h:81; JobsByPods/JobsOCDSL@Pods/Core/UIKit/UITableView+DSLs/UITableView+DSL/UITableView+DSL.m:581,JobsByPods/JobsSwiftDSL@Pods/UIKit/iOS.SDK/UITableView/UITableView+DSL.swift:219; JobsByPods/JobsSwiftDSL@Pods/UIKit/iOS.SDK/UITableView/UITableView+DSL.swift:462,
UITableView,allowsmultipleselection,aligned,byAllowsMultipleSelection,byAllowsMultipleSelection,,JobsByPods/JobsOCDSL@Pods/Core/UIKit/UITableView+DSLs/UITableView+DSL/UITableView+DSL.h:75; JobsByPods/JobsOCDSL@Pods/Core/UIKit/UITableView+DSLs/UITableView+DSL/UITableView+DSL.m:531,JobsByPods/JobsSwiftDSL@Pods/UIKit/iOS.SDK/UITableView/UITableView+DSL.swift:191; JobsByPods/JobsSwiftDSL@Pods/UIKit/iOS.SDK/UITableView/UITableView+DSL.swift:438,
UITableView,allowsmultipleselectionduringediting,aligned,byAllowsMultipleSelectionDuringEditing,byAllowsMultipleSelectionDuringEditing,,JobsByPods/JobsOCDSL@Pods/Core/UIKit/UITableView+DSLs/UITableView+DSL/UITableView+DSL.h:76; JobsByPods/JobsOCDSL@Pods/Core/UIKit/UITableView+DSLs/UITableView+DSL/UITableView+DSL.m:541,JobsByPods/JobsSwiftDSL@Pods/UIKit/iOS.SDK/UITableView/UITableView+DSL.swift:198; JobsByPods/JobsSwiftDSL@Pods/UIKit/iOS.SDK/UITableView/UITableView+DSL.swift:444,
UITableView,allowsselection,aligned,byAllowsSelection,byAllowsSelection,,JobsByPods/JobsOCDSL@Pods/Core/UIKit/UITableView+DSLs/UITableView+DSL/UITableView+DSL.h:73; JobsByPods/JobsOCDSL@Pods/Core/UIKit/UITableView+DSLs/UITableView+DSL/UITableView+DSL.m:512,JobsByPods/JobsSwiftDSL@Pods/UIKit/iOS.SDK/UITableView/UITableView+DSL.swift:178; JobsByPods/JobsSwiftDSL@Pods/UIKit/iOS.SDK/UITableView/UITableView+DSL.swift:426,
UITableView,allowsselectionduringediting,aligned,byAllowsSelectionDuringEditing,byAllowsSelectionDuringEditing,,JobsByPods/JobsOCDSL@Pods/Core/UIKit/UITableView+DSLs/UITableView+DSL/UITableView+DSL.h:74; JobsByPods/JobsOCDSL@Pods/Core/UIKit/UITableView+DSLs/UITableView+DSL/UITableView+DSL.m:522,JobsByPods/JobsSwiftDSL@Pods/UIKit/iOS.SDK/UITableView/UITableView+DSL.swift:184; JobsByPods/JobsSwiftDSL@Pods/UIKit/iOS.SDK/UITableView/UITableView+DSL.swift:432,
UITableView,backgroundview,aligned,byBackgroundView,byBackgroundView,,JobsByPods/JobsOCDSL@Pods/Core/UIKit/UITableView+DSLs/UITableView+DSL/UITableView+DSL.h:59; JobsByPods/JobsOCDSL@Pods/Core/UIKit/UITableView+DSLs/UITableView+DSL/UITableView+DSL.m:416,JobsByPods/JobsSwiftDSL@Pods/UIKit/iOS.SDK/UITableView/UITableView+DSL.swift:152; JobsByPods/JobsSwiftDSL@Pods/UIKit/iOS.SDK/UITableView/UITableView+DSL.swift:402,
UITableView,beginupdates,swift_only,,byBeginUpdates,,,JobsByPods/JobsSwiftDSL@Pods/UIKit/iOS.SDK/UITableView/UITableView+DSL.swift:594,
UITableView,celllayoutmarginsfollowreadablewidth,aligned,byCellLayoutMarginsFollowReadableWidth,byCellLayoutMarginsFollowReadableWidth,,JobsByPods/JobsOCDSL@Pods/Core/UIKit/UITableView+DSLs/UITableView+DSL/UITableView+DSL.h:66; JobsByPods/JobsOCDSL@Pods/Core/UIKit/UITableView+DSLs/UITableView+DSL/UITableView+DSL.m:465,JobsByPods/JobsSwiftDSL@Pods/UIKit/iOS.SDK/UITableView/UITableView+DSL.swift:172; JobsByPods/JobsSwiftDSL@Pods/UIKit/iOS.SDK/UITableView/UITableView+DSL.swift:420,
UITableView,contenthuggingelements,aligned,byContentHuggingElements,byContentHuggingElements,,JobsByPods/JobsOCDSL@Pods/Core/UIKit/UITableView+DSLs/UITableView+DSL/UITableView+DSL.h:86; JobsByPods/JobsOCDSL@Pods/Core/UIKit/UITableView+DSLs/UITableView+DSL/UITableView+DSL.m:602,JobsByPods/JobsSwiftDSL@Pods/UIKit/iOS.SDK/UITableView/UITableView+DSL.swift:260; JobsByPods/JobsSwiftDSL@Pods/UIKit/iOS.SDK/UITableView/UITableView+DSL.swift:498,
UITableView,contentinset,support_only,,,byContentInset,,,JobsByPods/JobsBaseUI@Pods/Support/UIKit/UITableView/UITableView+Extra/UITableView+Extra.m:134; JobsByPods/JobsByOCPods@Pods/Core/UIKit/UITableView/UITableView+Extra/UITableView+Extra.m:134
UITableView,contentinsetadjustmentbehavior,support_only,,,byContentInsetAdjustmentBehavior,,,JobsByPods/JobsBaseUI@Pods/Support/UIKit/UITableView/UITableView+Extra/UITableView+Extra.m:98; JobsByPods/JobsByOCPods@Pods/Core/UIKit/UITableView/UITableView+Extra/UITableView+Extra.m:98
UITableView,contextmenuinteraction,swift_only,,byContextMenuInteraction,,,JobsByPods/JobsSwiftDSL@Pods/UIKit/iOS.SDK/UITableView/UITableView+DSL.swift:703,
UITableView,datasource,aligned,byDataSource,byDataSource,byDataSource,JobsByPods/JobsOCDSL@Pods/Core/UIKit/UITableView+DSLs/UITableView+DSL/UITableView+DSL.h:29; JobsByPods/JobsOCDSL@Pods/Core/UIKit/UITableView+DSLs/UITableView+DSL/UITableView+DSL.m:162,JobsByPods/JobsSwiftDSL@Pods/UIKit/iOS.SDK/UITableView/UITableView+DSL.swift:27; JobsByPods/JobsSwiftDSL@Pods/UIKit/iOS.SDK/UITableView/UITableView+DSL.swift:289,JobsByPods/JobsBaseUI@Pods/Support/UIKit/UITableView/UITableView+Extra/UITableView+Extra.m:53; JobsByPods/JobsByOCPods@Pods/Core/UIKit/UITableView/UITableView+Extra/UITableView+Extra.m:53
UITableView,datasourceprefetching,support_only,,,byDataSourcePrefetching,,,JobsByPods/JobsBaseUI@Pods/Support/UIKit/UITableView/UITableView+Extra/UITableView+Extra.m:62; JobsByPods/JobsByOCPods@Pods/Core/UIKit/UITableView/UITableView+Extra/UITableView+Extra.m:62
UITableView,delegate,aligned,byDelegate,byDelegate,byDelegate,JobsByPods/JobsOCDSL@Pods/Core/UIKit/UITableView+DSLs/UITableView+DSL/UITableView+DSL.h:30; JobsByPods/JobsOCDSL@Pods/Core/UIKit/UITableView+DSLs/UITableView+DSL/UITableView+DSL.m:176,JobsByPods/JobsSwiftDSL@Pods/UIKit/iOS.SDK/UITableView/UITableView+DSL.swift:21; JobsByPods/JobsSwiftDSL@Pods/UIKit/iOS.SDK/UITableView/UITableView+DSL.swift:283,JobsByPods/JobsBaseUI@Pods/Support/UIKit/UITableView/UITableView+Extra/UITableView+Extra.m:44; JobsByPods/JobsByOCPods@Pods/Core/UIKit/UITableView/UITableView+Extra/UITableView+Extra.m:44
UITableView,deselectrow,swift_only,,byDeselectRow,,,JobsByPods/JobsSwiftDSL@Pods/UIKit/iOS.SDK/UITableView/UITableView+DSL.swift:579,
UITableView,dragdelegate,aligned,byDragDelegate,byDragDelegate,byDragDelegate,JobsByPods/JobsOCDSL@Pods/Core/UIKit/UITableView+DSLs/UITableView+DSL/UITableView+DSL.h:34; JobsByPods/JobsOCDSL@Pods/Core/UIKit/UITableView+DSLs/UITableView+DSL/UITableView+DSL.m:262,JobsByPods/JobsSwiftDSL@Pods/UIKit/iOS.SDK/UITableView/UITableView+DSL.swift:301; JobsByPods/JobsSwiftDSL@Pods/UIKit/iOS.SDK/UITableView/UITableView+DSL.swift:41,JobsByPods/JobsBaseUI@Pods/Support/UIKit/UITableView/UITableView+Extra/UITableView+Extra.m:71; JobsByPods/JobsByOCPods@Pods/Core/UIKit/UITableView/UITableView+Extra/UITableView+Extra.m:71
UITableView,draginteractionenabled,aligned,byDragInteractionEnabled,byDragInteractionEnabled,,JobsByPods/JobsOCDSL@Pods/Core/UIKit/UITableView+DSLs/UITableView+DSL/UITableView+DSL.h:83; JobsByPods/JobsOCDSL@Pods/Core/UIKit/UITableView+DSLs/UITableView+DSL/UITableView+DSL.m:591,JobsByPods/JobsSwiftDSL@Pods/UIKit/iOS.SDK/UITableView/UITableView+DSL.swift:274; JobsByPods/JobsSwiftDSL@Pods/UIKit/iOS.SDK/UITableView/UITableView+DSL.swift:510,
UITableView,dropdelegate,aligned,byDropDelegate,byDropDelegate,byDropDelegate,JobsByPods/JobsOCDSL@Pods/Core/UIKit/UITableView+DSLs/UITableView+DSL/UITableView+DSL.h:35; JobsByPods/JobsOCDSL@Pods/Core/UIKit/UITableView+DSLs/UITableView+DSL/UITableView+DSL.m:272,JobsByPods/JobsSwiftDSL@Pods/UIKit/iOS.SDK/UITableView/UITableView+DSL.swift:307; JobsByPods/JobsSwiftDSL@Pods/UIKit/iOS.SDK/UITableView/UITableView+DSL.swift:48,JobsByPods/JobsBaseUI@Pods/Support/UIKit/UITableView/UITableView+Extra/UITableView+Extra.m:80; JobsByPods/JobsByOCPods@Pods/Core/UIKit/UITableView/UITableView+Extra/UITableView+Extra.m:80
UITableView,editing,aligned,byEditing,byEditing,,JobsByPods/JobsOCDSL@Pods/Core/UIKit/UITableView+DSLs/UITableView+DSL/UITableView+DSL.h:72; JobsByPods/JobsOCDSL@Pods/Core/UIKit/UITableView+DSLs/UITableView+DSL/UITableView+DSL.m:503,JobsByPods/JobsSwiftDSL@Pods/UIKit/iOS.SDK/UITableView/UITableView+DSL.swift:566,
UITableView,endupdates,swift_only,,byEndUpdates,,,JobsByPods/JobsSwiftDSL@Pods/UIKit/iOS.SDK/UITableView/UITableView+DSL.swift:600,
UITableView,estimatedrowheight,aligned,byEstimatedRowHeight,byEstimatedRowHeight,,JobsByPods/JobsOCDSL@Pods/Core/UIKit/UITableView+DSLs/UITableView+DSL/UITableView+DSL.h:45; JobsByPods/JobsOCDSL@Pods/Core/UIKit/UITableView+DSLs/UITableView+DSL/UITableView+DSL.m:309,JobsByPods/JobsSwiftDSL@Pods/UIKit/iOS.SDK/UITableView/UITableView+DSL.swift:349; JobsByPods/JobsSwiftDSL@Pods/UIKit/iOS.SDK/UITableView/UITableView+DSL.swift:91,
UITableView,estimatedsectionfooterheight,aligned,byEstimatedSectionFooterHeight,byEstimatedSectionFooterHeight,,JobsByPods/JobsOCDSL@Pods/Core/UIKit/UITableView+DSLs/UITableView+DSL/UITableView+DSL.h:47; JobsByPods/JobsOCDSL@Pods/Core/UIKit/UITableView+DSLs/UITableView+DSL/UITableView+DSL.m:329,JobsByPods/JobsSwiftDSL@Pods/UIKit/iOS.SDK/UITableView/UITableView+DSL.swift:105; JobsByPods/JobsSwiftDSL@Pods/UIKit/iOS.SDK/UITableView/UITableView+DSL.swift:361,
UITableView,estimatedsectionheaderheight,aligned,byEstimatedSectionHeaderHeight,byEstimatedSectionHeaderHeight,,JobsByPods/JobsOCDSL@Pods/Core/UIKit/UITableView+DSLs/UITableView+DSL/UITableView+DSL.h:46; JobsByPods/JobsOCDSL@Pods/Core/UIKit/UITableView+DSLs/UITableView+DSL/UITableView+DSL.m:319,JobsByPods/JobsSwiftDSL@Pods/UIKit/iOS.SDK/UITableView/UITableView+DSL.swift:355; JobsByPods/JobsSwiftDSL@Pods/UIKit/iOS.SDK/UITableView/UITableView+DSL.swift:98,
UITableView,fillerrowheight,aligned,byFillerRowHeight,byFillerRowHeight,,JobsByPods/JobsOCDSL@Pods/Core/UIKit/UITableView+DSLs/UITableView+DSL/UITableView+DSL.h:48; JobsByPods/JobsOCDSL@Pods/Core/UIKit/UITableView+DSLs/UITableView+DSL/UITableView+DSL.m:339,JobsByPods/JobsSwiftDSL@Pods/UIKit/iOS.SDK/UITableView/UITableView+DSL.swift:112; JobsByPods/JobsSwiftDSL@Pods/UIKit/iOS.SDK/UITableView/UITableView+DSL.swift:367,
UITableView,hideskeletonandreload,swift_only,,byHideSkeletonAndReload,,,JobsByPods/JobsByUIKit@Pods/iOS.SDK/UIView/UIView+SkeletonView.swift:95,
UITableView,insetscontentviewstosafearea,aligned,byInsetsContentViewsToSafeArea,byInsetsContentViewsToSafeArea,,JobsByPods/JobsOCDSL@Pods/Core/UIKit/UITableView+DSLs/UITableView+DSL/UITableView+DSL.h:67; JobsByPods/JobsOCDSL@Pods/Core/UIKit/UITableView+DSLs/UITableView+DSL/UITableView+DSL.m:475,JobsByPods/JobsSwiftDSL@Pods/UIKit/iOS.SDK/UITableView/UITableView+DSL.swift:146; JobsByPods/JobsSwiftDSL@Pods/UIKit/iOS.SDK/UITableView/UITableView+DSL.swift:396,
UITableView,mjrefreshconfigmodel,support_only,,,byMJRefreshConfigModel,,,JobsByPods/JobsBaseUI@Pods/Support/UIKit/UITableView/UITableView+Extra/UITableView+Extra.m:143; JobsByPods/JobsByOCPods@Pods/Core/UIKit/UITableView/UITableView+Extra/UITableView+Extra.m:143
UITableView,mjrefreshfooter,support_only,,,byMJRefreshFooter,,,JobsByPods/JobsBaseUI@Pods/Support/UIKit/UITableView/UITableView+Extra/UITableView+Extra.m:162; JobsByPods/JobsByOCPods@Pods/Core/UIKit/UITableView/UITableView+Extra/UITableView+Extra.m:162
UITableView,mjrefreshheader,support_only,,,byMJRefreshHeader,,,JobsByPods/JobsBaseUI@Pods/Support/UIKit/UITableView/UITableView+Extra/UITableView+Extra.m:152; JobsByPods/JobsByOCPods@Pods/Core/UIKit/UITableView/UITableView+Extra/UITableView+Extra.m:152
UITableView,moverow,swift_only,,byMoveRow,,,JobsByPods/JobsSwiftDSL@Pods/UIKit/iOS.SDK/UITableView/UITableView+DSL.swift:650,
UITableView,movesection,swift_only,,byMoveSection,,,JobsByPods/JobsSwiftDSL@Pods/UIKit/iOS.SDK/UITableView/UITableView+DSL.swift:621,
UITableView,nocontentinsetadjustment,swift_only,,byNoContentInsetAdjustment,,,JobsByPods/JobsSwiftDSL@Pods/UIKit/iOS.SDK/UITableView/UITableView+DSL.swift:519,
UITableView,nosectionheadertoppadding,swift_only,,byNoSectionHeaderTopPadding,,,JobsByPods/JobsSwiftDSL@Pods/UIKit/iOS.SDK/UITableView/UITableView+DSL.swift:526,
UITableView,numberofrowsinsection,oc_only,byNumberOfRowsInSection,,,JobsByPods/JobsOCDSL@Pods/Core/UIKit/UITableView+DSLs/UITableView+DSL/UITableView+DSL.h:38; JobsByPods/JobsOCDSL@Pods/Core/UIKit/UITableView+DSLs/UITableView+DSL/UITableView+DSL.m:212,,
UITableView,numberofsections,oc_only,byNumberOfSections,,,JobsByPods/JobsOCDSL@Pods/Core/UIKit/UITableView+DSLs/UITableView+DSL/UITableView+DSL.h:37; JobsByPods/JobsOCDSL@Pods/Core/UIKit/UITableView+DSLs/UITableView+DSL/UITableView+DSL.m:202,,
UITableView,performbatchupdates,swift_only,,byPerformBatchUpdates,,,JobsByPods/JobsSwiftDSL@Pods/UIKit/iOS.SDK/UITableView/UITableView+DSL.swift:587,
UITableView,prefetchdatasource,aligned,byPrefetchDataSource,byPrefetchDataSource,,JobsByPods/JobsOCDSL@Pods/Core/UIKit/UITableView+DSLs/UITableView+DSL/UITableView+DSL.h:32; JobsByPods/JobsOCDSL@Pods/Core/UIKit/UITableView+DSLs/UITableView+DSL/UITableView+DSL.m:242,JobsByPods/JobsSwiftDSL@Pods/UIKit/iOS.SDK/UITableView/UITableView+DSL.swift:295; JobsByPods/JobsSwiftDSL@Pods/UIKit/iOS.SDK/UITableView/UITableView+DSL.swift:34,
UITableView,prefetchingenabled,aligned,byPrefetchingEnabled,byPrefetchingEnabled,,JobsByPods/JobsOCDSL@Pods/Core/UIKit/UITableView+DSLs/UITableView+DSL/UITableView+DSL.h:33; JobsByPods/JobsOCDSL@Pods/Core/UIKit/UITableView+DSLs/UITableView+DSL/UITableView+DSL.m:252,JobsByPods/JobsSwiftDSL@Pods/UIKit/iOS.SDK/UITableView/UITableView+DSL.swift:267; JobsByPods/JobsSwiftDSL@Pods/UIKit/iOS.SDK/UITableView/UITableView+DSL.swift:504,
UITableView,reconfigurerows,swift_only,,byReconfigureRows,,,JobsByPods/JobsSwiftDSL@Pods/UIKit/iOS.SDK/UITableView/UITableView+DSL.swift:665,
UITableView,register,swift_only,,byRegister,,,JobsByPods/JobsByUIKit@Pods/iOS.SDK/UITableView/UITableView+Register.swift:18; JobsByPods/JobsByUIKit@Pods/iOS.SDK/UITableView/UITableView+Register.swift:26; JobsByPods/JobsByUIKit@Pods/iOS.SDK/UITableView/UITableView+Register.swift:34; JobsByPods/JobsByUIKit@Pods/iOS.SDK/UITableView/UITableView+Register.swift:42,
UITableView,registertableviewclass,support_only,,,byRegisterTableViewClass,,,JobsByPods/JobsBaseUI@Pods/Support/UIKit/UITableView/UITableView+RegisterClass/UITableView+RegisterClass.m:17; JobsByPods/JobsByOCPods@Pods/Core/UIKit/UITableView/UITableView+RegisterClass/UITableView+RegisterClass.m:17
UITableView,reloaddata,swift_only,,byReloadData,,,JobsByPods/JobsSwiftDSL@Pods/UIKit/iOS.SDK/UITableView/UITableView+DSL.swift:671,
UITableView,reloadsectionindextitles,swift_only,,byReloadSectionIndexTitles,,,JobsByPods/JobsSwiftDSL@Pods/UIKit/iOS.SDK/UITableView/UITableView+DSL.swift:678,
UITableView,rememberslastfocusedindexpath,aligned,byRemembersLastFocusedIndexPath,byRemembersLastFocusedIndexPath,,JobsByPods/JobsOCDSL@Pods/Core/UIKit/UITableView+DSLs/UITableView+DSL/UITableView+DSL.h:78; JobsByPods/JobsOCDSL@Pods/Core/UIKit/UITableView+DSLs/UITableView+DSL/UITableView+DSL.m:551,JobsByPods/JobsSwiftDSL@Pods/UIKit/iOS.SDK/UITableView/UITableView+DSL.swift:226; JobsByPods/JobsSwiftDSL@Pods/UIKit/iOS.SDK/UITableView/UITableView+DSL.swift:468,
UITableView,rowheight,aligned,byRowHeight,byRowHeight,,JobsByPods/JobsOCDSL@Pods/Core/UIKit/UITableView+DSLs/UITableView+DSL/UITableView+DSL.h:42; JobsByPods/JobsOCDSL@Pods/Core/UIKit/UITableView+DSLs/UITableView+DSL/UITableView+DSL.m:282,JobsByPods/JobsSwiftDSL@Pods/UIKit/iOS.SDK/UITableView/UITableView+DSL.swift:313; JobsByPods/JobsSwiftDSL@Pods/UIKit/iOS.SDK/UITableView/UITableView+DSL.swift:54,
UITableView,sectionfooterheight,aligned,bySectionFooterHeight,bySectionFooterHeight,,JobsByPods/JobsOCDSL@Pods/Core/UIKit/UITableView+DSLs/UITableView+DSL/UITableView+DSL.h:44; JobsByPods/JobsOCDSL@Pods/Core/UIKit/UITableView+DSLs/UITableView+DSL/UITableView+DSL.m:300,JobsByPods/JobsSwiftDSL@Pods/UIKit/iOS.SDK/UITableView/UITableView+DSL.swift:343; JobsByPods/JobsSwiftDSL@Pods/UIKit/iOS.SDK/UITableView/UITableView+DSL.swift:84,
UITableView,sectionheaderheight,aligned,bySectionHeaderHeight,bySectionHeaderHeight,,JobsByPods/JobsOCDSL@Pods/Core/UIKit/UITableView+DSLs/UITableView+DSL/UITableView+DSL.h:43; JobsByPods/JobsOCDSL@Pods/Core/UIKit/UITableView+DSLs/UITableView+DSL/UITableView+DSL.m:291,JobsByPods/JobsSwiftDSL@Pods/UIKit/iOS.SDK/UITableView/UITableView+DSL.swift:337; JobsByPods/JobsSwiftDSL@Pods/UIKit/iOS.SDK/UITableView/UITableView+DSL.swift:78,
UITableView,sectionheadertoppadding,aligned,bySectionHeaderTopPadding,bySectionHeaderTopPadding,,JobsByPods/JobsOCDSL@Pods/Core/UIKit/UITableView+DSLs/UITableView+DSL/UITableView+DSL.h:49; JobsByPods/JobsOCDSL@Pods/Core/UIKit/UITableView+DSLs/UITableView+DSL/UITableView+DSL.m:349,JobsByPods/JobsSwiftDSL@Pods/UIKit/iOS.SDK/UITableView/UITableView+DSL.swift:119; JobsByPods/JobsSwiftDSL@Pods/UIKit/iOS.SDK/UITableView/UITableView+DSL.swift:373,
UITableView,sectionindexbackgroundcolor,aligned,bySectionIndexBackgroundColor,bySectionIndexBackgroundColor,,JobsByPods/JobsOCDSL@Pods/Core/UIKit/UITableView+DSLs/UITableView+DSL/UITableView+DSL.h:63; JobsByPods/JobsOCDSL@Pods/Core/UIKit/UITableView+DSLs/UITableView+DSL/UITableView+DSL.m:445,JobsByPods/JobsSwiftDSL@Pods/UIKit/iOS.SDK/UITableView/UITableView+DSL.swift:246; JobsByPods/JobsSwiftDSL@Pods/UIKit/iOS.SDK/UITableView/UITableView+DSL.swift:486,
UITableView,sectionindexcolor,aligned,bySectionIndexColor,bySectionIndexColor,,JobsByPods/JobsOCDSL@Pods/Core/UIKit/UITableView+DSLs/UITableView+DSL/UITableView+DSL.h:62; JobsByPods/JobsOCDSL@Pods/Core/UIKit/UITableView+DSLs/UITableView+DSL/UITableView+DSL.m:435,JobsByPods/JobsSwiftDSL@Pods/UIKit/iOS.SDK/UITableView/UITableView+DSL.swift:239; JobsByPods/JobsSwiftDSL@Pods/UIKit/iOS.SDK/UITableView/UITableView+DSL.swift:480,
UITableView,sectionindexminimumdisplayrowcount,aligned,bySectionIndexMinimumDisplayRowCount,bySectionIndexMinimumDisplayRowCount,,JobsByPods/JobsOCDSL@Pods/Core/UIKit/UITableView+DSLs/UITableView+DSL/UITableView+DSL.h:61; JobsByPods/JobsOCDSL@Pods/Core/UIKit/UITableView+DSLs/UITableView+DSL/UITableView+DSL.m:426,JobsByPods/JobsSwiftDSL@Pods/UIKit/iOS.SDK/UITableView/UITableView+DSL.swift:232; JobsByPods/JobsSwiftDSL@Pods/UIKit/iOS.SDK/UITableView/UITableView+DSL.swift:474,
UITableView,sectionindextrackingbackgroundcolor,aligned,bySectionIndexTrackingBackgroundColor,bySectionIndexTrackingBackgroundColor,,JobsByPods/JobsOCDSL@Pods/Core/UIKit/UITableView+DSLs/UITableView+DSL/UITableView+DSL.h:64; JobsByPods/JobsOCDSL@Pods/Core/UIKit/UITableView+DSLs/UITableView+DSL/UITableView+DSL.m:455,JobsByPods/JobsSwiftDSL@Pods/UIKit/iOS.SDK/UITableView/UITableView+DSL.swift:253; JobsByPods/JobsSwiftDSL@Pods/UIKit/iOS.SDK/UITableView/UITableView+DSL.swift:492,
UITableView,selectionfollowsfocus,aligned,bySelectionFollowsFocus,bySelectionFollowsFocus,,JobsByPods/JobsOCDSL@Pods/Core/UIKit/UITableView+DSLs/UITableView+DSL/UITableView+DSL.h:79; JobsByPods/JobsOCDSL@Pods/Core/UIKit/UITableView+DSLs/UITableView+DSL/UITableView+DSL.m:561,JobsByPods/JobsSwiftDSL@Pods/UIKit/iOS.SDK/UITableView/UITableView+DSL.swift:205; JobsByPods/JobsSwiftDSL@Pods/UIKit/iOS.SDK/UITableView/UITableView+DSL.swift:450,
UITableView,selfsizinginvalidation,aligned,bySelfSizingInvalidation,bySelfSizingInvalidation,,JobsByPods/JobsOCDSL@Pods/Core/UIKit/UITableView+DSLs/UITableView+DSL/UITableView+DSL.h:57; JobsByPods/JobsOCDSL@Pods/Core/UIKit/UITableView+DSLs/UITableView+DSL/UITableView+DSL.m:407,JobsByPods/JobsSwiftDSL@Pods/UIKit/iOS.SDK/UITableView/UITableView+DSL.swift:139; JobsByPods/JobsSwiftDSL@Pods/UIKit/iOS.SDK/UITableView/UITableView+DSL.swift:390,
UITableView,separatorcolor,aligned,bySeparatorColor,bySeparatorColor,bySeparatorColor,JobsByPods/JobsOCDSL@Pods/Core/UIKit/UITableView+DSLs/UITableView+DSL/UITableView+DSL.h:54; JobsByPods/JobsOCDSL@Pods/Core/UIKit/UITableView+DSLs/UITableView+DSL/UITableView+DSL.m:388,JobsByPods/JobsSwiftDSL@Pods/UIKit/iOS.SDK/UITableView/UITableView+DSL.swift:158; JobsByPods/JobsSwiftDSL@Pods/UIKit/iOS.SDK/UITableView/UITableView+DSL.swift:408,JobsByPods/JobsBaseUI@Pods/Support/UIKit/UITableView/UITableView+Extra/UITableView+Extra.m:107; JobsByPods/JobsByOCPods@Pods/Core/UIKit/UITableView/UITableView+Extra/UITableView+Extra.m:107
UITableView,separatoreffect,aligned,bySeparatorEffect,bySeparatorEffect,,JobsByPods/JobsOCDSL@Pods/Core/UIKit/UITableView+DSLs/UITableView+DSL/UITableView+DSL.h:55; JobsByPods/JobsOCDSL@Pods/Core/UIKit/UITableView+DSLs/UITableView+DSL/UITableView+DSL.m:397,JobsByPods/JobsSwiftDSL@Pods/UIKit/iOS.SDK/UITableView/UITableView+DSL.swift:165; JobsByPods/JobsSwiftDSL@Pods/UIKit/iOS.SDK/UITableView/UITableView+DSL.swift:414,
UITableView,separatorinset,aligned,bySeparatorInset,bySeparatorInset,,JobsByPods/JobsOCDSL@Pods/Core/UIKit/UITableView+DSLs/UITableView+DSL/UITableView+DSL.h:51; JobsByPods/JobsOCDSL@Pods/Core/UIKit/UITableView+DSLs/UITableView+DSL/UITableView+DSL.m:359,JobsByPods/JobsSwiftDSL@Pods/UIKit/iOS.SDK/UITableView/UITableView+DSL.swift:132; JobsByPods/JobsSwiftDSL@Pods/UIKit/iOS.SDK/UITableView/UITableView+DSL.swift:384,
UITableView,separatorinsetreference,aligned,bySeparatorInsetReference,bySeparatorInsetReference,,JobsByPods/JobsOCDSL@Pods/Core/UIKit/UITableView+DSLs/UITableView+DSL/UITableView+DSL.h:52; JobsByPods/JobsOCDSL@Pods/Core/UIKit/UITableView+DSLs/UITableView+DSL/UITableView+DSL.m:369,JobsByPods/JobsSwiftDSL@Pods/UIKit/iOS.SDK/UITableView/UITableView+DSL.swift:126; JobsByPods/JobsSwiftDSL@Pods/UIKit/iOS.SDK/UITableView/UITableView+DSL.swift:379,
UITableView,separatorstyle,aligned,bySeparatorStyle,bySeparatorStyle,bySeparatorStyle,JobsByPods/JobsOCDSL@Pods/Core/UIKit/UITableView+DSLs/UITableView+DSL/UITableView+DSL.h:53; JobsByPods/JobsOCDSL@Pods/Core/UIKit/UITableView+DSLs/UITableView+DSL/UITableView+DSL.m:379,JobsByPods/JobsSwiftDSL@Pods/UIKit/iOS.SDK/UITableView/UITableView+DSL.swift:319; JobsByPods/JobsSwiftDSL@Pods/UIKit/iOS.SDK/UITableView/UITableView+DSL.swift:60,JobsByPods/JobsBaseUI@Pods/Support/UIKit/UITableView/UITableView+Extra/UITableView+Extra.m:89; JobsByPods/JobsByOCPods@Pods/Core/UIKit/UITableView/UITableView+Extra/UITableView+Extra.m:89
UITableView,show,support_only,,,byShow,,,JobsByPods/JobsBaseUI@Pods/Support/UIKit/UITableView/UITableView+Extra/UITableView+Extra.m:22; JobsByPods/JobsByOCPods@Pods/Core/UIKit/UITableView/UITableView+Extra/UITableView+Extra.m:22
UITableView,tablefooterview,aligned,byTableFooterView,byTableFooterView,byTableFooterView,JobsByPods/JobsOCDSL@Pods/Core/UIKit/UITableView+DSLs/UITableView+DSL/UITableView+DSL.h:70; JobsByPods/JobsOCDSL@Pods/Core/UIKit/UITableView+DSLs/UITableView+DSL/UITableView+DSL.m:494,JobsByPods/JobsSwiftDSL@Pods/UIKit/iOS.SDK/UITableView/UITableView+DSL.swift:325; JobsByPods/JobsSwiftDSL@Pods/UIKit/iOS.SDK/UITableView/UITableView+DSL.swift:66,JobsByPods/JobsBaseUI@Pods/Support/UIKit/UITableView/UITableView+Extra/UITableView+Extra.m:125; JobsByPods/JobsByOCPods@Pods/Core/UIKit/UITableView/UITableView+Extra/UITableView+Extra.m:125
UITableView,tableheaderview,aligned,byTableHeaderView,byTableHeaderView,byTableHeaderView,JobsByPods/JobsOCDSL@Pods/Core/UIKit/UITableView+DSLs/UITableView+DSL/UITableView+DSL.h:69; JobsByPods/JobsOCDSL@Pods/Core/UIKit/UITableView+DSLs/UITableView+DSL/UITableView+DSL.m:485,JobsByPods/JobsSwiftDSL@Pods/UIKit/iOS.SDK/UITableView/UITableView+DSL.swift:331; JobsByPods/JobsSwiftDSL@Pods/UIKit/iOS.SDK/UITableView/UITableView+DSL.swift:72,JobsByPods/JobsBaseUI@Pods/Support/UIKit/UITableView/UITableView+Extra/UITableView+Extra.m:116; JobsByPods/JobsByOCPods@Pods/Core/UIKit/UITableView/UITableView+Extra/UITableView+Extra.m:116
UITableView,target,aligned,byTarget,byTarget,,JobsByPods/JobsOCDSL@Pods/Core/UIKit/UITableView+DSLs/UITableView+DSL/UITableView+DSL.h:31; JobsByPods/JobsOCDSL@Pods/Core/UIKit/UITableView+DSLs/UITableView+DSL/UITableView+DSL.m:190,JobsByPods/JobsByUIKit@Pods/iOS.SDK/UITableView/UITableView.swift:32,
UITableViewCell,accessorytype,aligned,byAccessoryType,byAccessoryType,byAccessoryType,JobsByPods/JobsOCDSL@Pods/Core/UIKit/UITableViewCell+DSLs/UITableViewCell+DSL/UITableViewCell+DSL.h:52; JobsByPods/JobsOCDSL@Pods/Core/UIKit/UITableViewCell+DSLs/UITableViewCell+DSL/UITableViewCell+DSL.m:187,JobsByPods/JobsSwiftDSL@Pods/UIKit/iOS.SDK/UITableViewCell/UITableViewCell+DSL.swift:48,JobsByPods/JobsByOCPods@Pods/Core/UIKit/UITableViewCell/UITableViewCell+UITableViewCellProtocol/UITableViewCell+UITableViewCellProtocoll.m:184
UITableViewCell,accessoryview,aligned,byAccessoryView,byAccessoryView,,JobsByPods/JobsOCDSL@Pods/Core/UIKit/UITableViewCell+DSLs/UITableViewCell+DSL/UITableViewCell+DSL.h:53; JobsByPods/JobsOCDSL@Pods/Core/UIKit/UITableViewCell+DSLs/UITableViewCell+DSL/UITableViewCell+DSL.m:196,JobsByPods/JobsSwiftDSL@Pods/UIKit/iOS.SDK/UITableViewCell/UITableViewCell+DSL.swift:54,
UITableViewCell,attributedsecondarytext,swift_only,,byAttributedSecondaryText,,,JobsByPods/JobsSwiftDSL@Pods/UIKit/iOS.SDK/UITableViewCell/UITableViewCell+DSL.swift:226,
UITableViewCell,attributedtext,swift_only,,byAttributedText,,,JobsByPods/JobsSwiftDSL@Pods/UIKit/iOS.SDK/UITableViewCell/UITableViewCell+DSL.swift:194,
UITableViewCell,automaticallyupdatesbackgroundconfiguration,oc_only,byAutomaticallyUpdatesBackgroundConfiguration,,,JobsByPods/JobsOCDSL@Pods/Core/UIKit/UITableViewCell+DSLs/UITableViewCell+DSL/UITableViewCell+DSL.h:38; JobsByPods/JobsOCDSL@Pods/Core/UIKit/UITableViewCell+DSLs/UITableViewCell+DSL/UITableViewCell+DSL.m:85,,
UITableViewCell,automaticallyupdatescontentconfiguration,oc_only,byAutomaticallyUpdatesContentConfiguration,,,JobsByPods/JobsOCDSL@Pods/Core/UIKit/UITableViewCell+DSLs/UITableViewCell+DSL/UITableViewCell+DSL.h:36; JobsByPods/JobsOCDSL@Pods/Core/UIKit/UITableViewCell+DSLs/UITableViewCell+DSL/UITableViewCell+DSL.m:67,,
UITableViewCell,backgroundconfiguration,aligned,byBackgroundConfiguration,byBackgroundConfiguration,,JobsByPods/JobsOCDSL@Pods/Core/UIKit/UITableViewCell+DSLs/UITableViewCell+DSL/UITableViewCell+DSL.h:37; JobsByPods/JobsOCDSL@Pods/Core/UIKit/UITableViewCell+DSLs/UITableViewCell+DSL/UITableViewCell+DSL.m:76,JobsByPods/JobsSwiftDSL@Pods/UIKit/iOS.SDK/UITableViewCell/UITableViewCell+DSL.swift:255,
UITableViewCell,backgroundview,aligned,byBackgroundView,byBackgroundView,,JobsByPods/JobsOCDSL@Pods/Core/UIKit/UITableViewCell+DSLs/UITableViewCell+DSL/UITableViewCell+DSL.h:43; JobsByPods/JobsOCDSL@Pods/Core/UIKit/UITableViewCell+DSLs/UITableViewCell+DSL/UITableViewCell+DSL.m:106,JobsByPods/JobsSwiftDSL@Pods/UIKit/iOS.SDK/UITableViewCell/UITableViewCell+DSL.swift:102,
UITableViewCell,cellimageview,oc_only,byCellImageView,,,JobsByPods/JobsOCDSL@Pods/Core/UIKit/UITableViewCell+DSLs/UITableViewCell+DSL/UITableViewCell+DSL.h:31; JobsByPods/JobsOCDSL@Pods/Core/UIKit/UITableViewCell+DSLs/UITableViewCell+DSL/UITableViewCell+DSL.m:30,,
UITableViewCell,configurationupdatehandler,oc_only,byConfigurationUpdateHandler,,,JobsByPods/JobsOCDSL@Pods/Core/UIKit/UITableViewCell+DSLs/UITableViewCell+DSL/UITableViewCell+DSL.h:41; JobsByPods/JobsOCDSL@Pods/Core/UIKit/UITableViewCell+DSLs/UITableViewCell+DSL/UITableViewCell+DSL.m:96,,
UITableViewCell,contentconfiguration,aligned,byContentConfiguration,byContentConfiguration,,JobsByPods/JobsOCDSL@Pods/Core/UIKit/UITableViewCell+DSLs/UITableViewCell+DSL/UITableViewCell+DSL.h:35; JobsByPods/JobsOCDSL@Pods/Core/UIKit/UITableViewCell+DSLs/UITableViewCell+DSL/UITableViewCell+DSL.m:58,JobsByPods/JobsSwiftDSL@Pods/UIKit/iOS.SDK/UITableViewCell/UITableViewCell+DSL.swift:138,
UITableViewCell,contentview,oc_only,byContentView,,,JobsByPods/JobsOCDSL@Pods/Core/UIKit/UITableViewCell+DSLs/UITableViewCell+DSL/UITableViewCell+DSL.h:32; JobsByPods/JobsOCDSL@Pods/Core/UIKit/UITableViewCell+DSLs/UITableViewCell+DSL/UITableViewCell+DSL.m:39,,
UITableViewCell,contentviewbgcolor,support_only,,,byContentViewBgCor,,,JobsByPods/JobsByOCPods@Pods/Core/UIKit/UITableViewCell/UITableViewCell+UITableViewCellProtocol/UITableViewCell+UITableViewCellProtocoll.m:211
UITableViewCell,detailattributedtext,swift_only,,byDetailAttributedText,,,JobsByPods/JobsSwiftDSL@Pods/UIKit/iOS.SDK/UITableViewCell/UITableViewCell+DSL.swift:220,
UITableViewCell,detailtext,swift_only,,byDetailText,,,JobsByPods/JobsSwiftDSL@Pods/UIKit/iOS.SDK/UITableViewCell/UITableViewCell+DSL.swift:214,
UITableViewCell,detailtextlabel,oc_only,byDetailTextLabel,,,JobsByPods/JobsOCDSL@Pods/Core/UIKit/UITableViewCell+DSLs/UITableViewCell+DSL/UITableViewCell+DSL.h:30; JobsByPods/JobsOCDSL@Pods/Core/UIKit/UITableViewCell+DSLs/UITableViewCell+DSL/UITableViewCell+DSL.m:21,,
UITableViewCell,detailtextlabelcolor,support_only,,,byDetailTextLabelCor,,,JobsByPods/JobsByOCPods@Pods/Core/UIKit/UITableViewCell/UITableViewCell+UITableViewCellProtocol/UITableViewCell+UITableViewCellProtocoll.m:157
UITableViewCell,detailtextlabelframe,support_only,,,byDetailTextLabelFrame,,,JobsByPods/JobsByOCPods@Pods/Core/UIKit/UITableViewCell/UITableViewCell+UITableViewCellProtocol/UITableViewCell+UITableViewCellProtocoll.m:229
UITableViewCell,detailtextlabelheight,support_only,,,byDetailTextLabelHeight,,,JobsByPods/JobsByOCPods@Pods/Core/UIKit/UITableViewCell/UITableViewCell+UITableViewCellProtocol/UITableViewCell+UITableViewCellProtocoll.m:301
UITableViewCell,detailtextlabellfont,support_only,,,byDetailTextLabellFont,,,JobsByPods/JobsByOCPods@Pods/Core/UIKit/UITableViewCell/UITableViewCell+UITableViewCellProtocol/UITableViewCell+UITableViewCellProtocoll.m:175
UITableViewCell,detailtextlabeloffsetheight,support_only,,,byDetailTextLabelOffsetHeight,,,JobsByPods/JobsByOCPods@Pods/Core/UIKit/UITableViewCell/UITableViewCell+UITableViewCellProtocol/UITableViewCell+UITableViewCellProtocoll.m:391
UITableViewCell,detailtextlabeloffsetwidth,support_only,,,byDetailTextLabelOffsetWidth,,,JobsByPods/JobsByOCPods@Pods/Core/UIKit/UITableViewCell/UITableViewCell+UITableViewCellProtocol/UITableViewCell+UITableViewCellProtocoll.m:382
UITableViewCell,detailtextlabeloffsetx,support_only,,,byDetailTextLabelOffsetX,,,JobsByPods/JobsByOCPods@Pods/Core/UIKit/UITableViewCell/UITableViewCell+UITableViewCellProtocol/UITableViewCell+UITableViewCellProtocoll.m:364
UITableViewCell,detailtextlabeloffsety,support_only,,,byDetailTextLabelOffsetY,,,JobsByPods/JobsByOCPods@Pods/Core/UIKit/UITableViewCell/UITableViewCell+UITableViewCellProtocol/UITableViewCell+UITableViewCellProtocoll.m:373
UITableViewCell,detailtextlabelsize,support_only,,,byDetailTextLabelSize,,,JobsByPods/JobsByOCPods@Pods/Core/UIKit/UITableViewCell/UITableViewCell+UITableViewCellProtocol/UITableViewCell+UITableViewCellProtocoll.m:256
UITableViewCell,detailtextlabelwidth,support_only,,,byDetailTextLabelWidth,,,JobsByPods/JobsByOCPods@Pods/Core/UIKit/UITableViewCell/UITableViewCell+UITableViewCellProtocol/UITableViewCell+UITableViewCellProtocoll.m:292
UITableViewCell,detailtitlecolor,swift_only,,byDetailTitleCor,,,JobsByPods/JobsSwiftDSL@Pods/UIKit/iOS.SDK/UITableViewCell/UITableViewCell+DSL.swift:324,
UITableViewCell,detailtitlefont,swift_only,,byDetailTitleFont,,,JobsByPods/JobsSwiftDSL@Pods/UIKit/iOS.SDK/UITableViewCell/UITableViewCell+DSL.swift:300,
UITableViewCell,didtransitiontostate,oc_only,byDidTransitionToState,,,JobsByPods/JobsOCDSL@Pods/Core/UIKit/UITableViewCell+DSLs/UITableViewCell+DSL/UITableViewCell+DSL.h:62; JobsByPods/JobsOCDSL@Pods/Core/UIKit/UITableViewCell+DSLs/UITableViewCell+DSL/UITableViewCell+DSL.m:277,,
UITableViewCell,dragstatedidchange,oc_only,byDragStateDidChange,,,JobsByPods/JobsOCDSL@Pods/Core/UIKit/UITableViewCell+DSLs/UITableViewCell+DSL/UITableViewCell+DSL.h:64; JobsByPods/JobsOCDSL@Pods/Core/UIKit/UITableViewCell+DSLs/UITableViewCell+DSL/UITableViewCell+DSL.m:287,,
UITableViewCell,editing,aligned,byEditing,byEditing,,JobsByPods/JobsOCDSL@Pods/Core/UIKit/UITableViewCell+DSLs/UITableViewCell+DSL/UITableViewCell+DSL.h:59; JobsByPods/JobsOCDSL@Pods/Core/UIKit/UITableViewCell+DSLs/UITableViewCell+DSL/UITableViewCell+DSL.m:250,JobsByPods/JobsSwiftDSL@Pods/UIKit/iOS.SDK/UITableViewCell/UITableViewCell+DSL.swift:42,
UITableViewCell,editingaccessorytype,aligned,byEditingAccessoryType,byEditingAccessoryType,,JobsByPods/JobsOCDSL@Pods/Core/UIKit/UITableViewCell+DSLs/UITableViewCell+DSL/UITableViewCell+DSL.h:54; JobsByPods/JobsOCDSL@Pods/Core/UIKit/UITableViewCell+DSLs/UITableViewCell+DSL/UITableViewCell+DSL.m:205,JobsByPods/JobsSwiftDSL@Pods/UIKit/iOS.SDK/UITableViewCell/UITableViewCell+DSL.swift:60,
UITableViewCell,editingaccessoryview,aligned,byEditingAccessoryView,byEditingAccessoryView,,JobsByPods/JobsOCDSL@Pods/Core/UIKit/UITableViewCell+DSLs/UITableViewCell+DSL/UITableViewCell+DSL.h:55; JobsByPods/JobsOCDSL@Pods/Core/UIKit/UITableViewCell+DSLs/UITableViewCell+DSL/UITableViewCell+DSL.m:214,JobsByPods/JobsSwiftDSL@Pods/UIKit/iOS.SDK/UITableViewCell/UITableViewCell+DSL.swift:66,
UITableViewCell,focusstyle,aligned,byFocusStyle,byFocusStyle,,JobsByPods/JobsOCDSL@Pods/Core/UIKit/UITableViewCell+DSLs/UITableViewCell+DSL/UITableViewCell+DSL.h:60; JobsByPods/JobsOCDSL@Pods/Core/UIKit/UITableViewCell+DSLs/UITableViewCell+DSL/UITableViewCell+DSL.m:259,JobsByPods/JobsSwiftDSL@Pods/UIKit/iOS.SDK/UITableViewCell/UITableViewCell+DSL.swift:121,
UITableViewCell,highlighted,aligned,byHighlighted,byHighlighted,,JobsByPods/JobsOCDSL@Pods/Core/UIKit/UITableViewCell+DSLs/UITableViewCell+DSL/UITableViewCell+DSL.h:49; JobsByPods/JobsOCDSL@Pods/Core/UIKit/UITableViewCell+DSLs/UITableViewCell+DSL/UITableViewCell+DSL.m:160,JobsByPods/JobsSwiftDSL@Pods/UIKit/iOS.SDK/UITableViewCell/UITableViewCell+DSL.swift:36,
UITableViewCell,image,swift_only,,byImage,,,JobsByPods/JobsSwiftDSL@Pods/UIKit/iOS.SDK/UITableViewCell/UITableViewCell+DSL.swift:236,
UITableViewCell,imageviewdata,support_only,,,byImageViewData,,,JobsByPods/JobsByOCPods@Pods/Core/UIKit/UITableViewCell/UITableViewCell+UITableViewCellProtocol/UITableViewCell+UITableViewCellProtocoll.m:139
UITableViewCell,imageviewframeoffsetheight,support_only,,,byImageViewFrameOffsetHeight,,,JobsByPods/JobsByOCPods@Pods/Core/UIKit/UITableViewCell/UITableViewCell+UITableViewCellProtocol/UITableViewCell+UITableViewCellProtocoll.m:427
UITableViewCell,imageviewframeoffsetwidth,support_only,,,byImageViewFrameOffsetWidth,,,JobsByPods/JobsByOCPods@Pods/Core/UIKit/UITableViewCell/UITableViewCell+UITableViewCellProtocol/UITableViewCell+UITableViewCellProtocoll.m:418
UITableViewCell,imageviewframeoffsetx,support_only,,,byImageViewFrameOffsetX,,,JobsByPods/JobsByOCPods@Pods/Core/UIKit/UITableViewCell/UITableViewCell+UITableViewCellProtocol/UITableViewCell+UITableViewCellProtocoll.m:400
UITableViewCell,imageviewframeoffsety,support_only,,,byImageViewFrameOffsetY,,,JobsByPods/JobsByOCPods@Pods/Core/UIKit/UITableViewCell/UITableViewCell+UITableViewCellProtocol/UITableViewCell+UITableViewCellProtocoll.m:409
UITableViewCell,imageviewheight,support_only,,,byImageViewHeight,,,JobsByPods/JobsByOCPods@Pods/Core/UIKit/UITableViewCell/UITableViewCell+UITableViewCellProtocol/UITableViewCell+UITableViewCellProtocoll.m:319
UITableViewCell,imageviewsize,support_only,,,byImageViewSize,,,JobsByPods/JobsByOCPods@Pods/Core/UIKit/UITableViewCell/UITableViewCell+UITableViewCellProtocol/UITableViewCell+UITableViewCellProtocoll.m:265
UITableViewCell,imageviewwidth,support_only,,,byImageViewWidth,,,JobsByPods/JobsByOCPods@Pods/Core/UIKit/UITableViewCell/UITableViewCell+UITableViewCellProtocol/UITableViewCell+UITableViewCellProtocoll.m:310
UITableViewCell,indentationlevel,aligned,byIndentationLevel,byIndentationLevel,,JobsByPods/JobsOCDSL@Pods/Core/UIKit/UITableViewCell+DSLs/UITableViewCell+DSL/UITableViewCell+DSL.h:56; JobsByPods/JobsOCDSL@Pods/Core/UIKit/UITableViewCell+DSLs/UITableViewCell+DSL/UITableViewCell+DSL.m:223,JobsByPods/JobsSwiftDSL@Pods/UIKit/iOS.SDK/UITableViewCell/UITableViewCell+DSL.swift:72,
UITableViewCell,indentationwidth,aligned,byIndentationWidth,byIndentationWidth,,JobsByPods/JobsOCDSL@Pods/Core/UIKit/UITableViewCell+DSLs/UITableViewCell+DSL/UITableViewCell+DSL.h:57; JobsByPods/JobsOCDSL@Pods/Core/UIKit/UITableViewCell+DSLs/UITableViewCell+DSL/UITableViewCell+DSL.m:232,JobsByPods/JobsSwiftDSL@Pods/UIKit/iOS.SDK/UITableViewCell/UITableViewCell+DSL.swift:78,
UITableViewCell,index,support_only,,,byIndex,,,JobsByPods/JobsByOCPods@Pods/Core/UIKit/UITableViewCell/UITableViewCell+UITableViewCellProtocol/UITableViewCell+UITableViewCellProtocoll.m:202
UITableViewCell,indexpath,support_only,,,byIndexPath,,,JobsByPods/JobsByOCPods@Pods/Core/UIKit/UITableViewCell/UITableViewCell+UITableViewCellProtocol/UITableViewCell+UITableViewCellProtocoll.m:193
UITableViewCell,jobsattributedtext,swift_only,,byJobsAttributedText,,,JobsByPods/JobsSwiftDSL@Pods/UIKit/iOS.SDK/UITableViewCell/UITableViewCell+DSL.swift:155,
UITableViewCell,jobstext,swift_only,,byJobsText,,,JobsByPods/JobsSwiftDSL@Pods/UIKit/iOS.SDK/UITableViewCell/UITableViewCell+DSL.swift:165,
UITableViewCell,listconfig,swift_only,,byListConfig,,,JobsByPods/JobsByUIKit@Pods/iOS.SDK/UITableViewCell/UITableViewCell.swift:29,
UITableViewCell,multipleselectionbackgroundview,aligned,byMultipleSelectionBackgroundView,byMultipleSelectionBackgroundView,,JobsByPods/JobsOCDSL@Pods/Core/UIKit/UITableViewCell+DSLs/UITableViewCell+DSL/UITableViewCell+DSL.h:45; JobsByPods/JobsOCDSL@Pods/Core/UIKit/UITableViewCell+DSLs/UITableViewCell+DSL/UITableViewCell+DSL.m:124,JobsByPods/JobsSwiftDSL@Pods/UIKit/iOS.SDK/UITableViewCell/UITableViewCell+DSL.swift:114,
UITableViewCell,prepareforreuse,oc_only,byPrepareForReuse,,,JobsByPods/JobsOCDSL@Pods/Core/UIKit/UITableViewCell+DSLs/UITableViewCell+DSL/UITableViewCell+DSL.h:46; JobsByPods/JobsOCDSL@Pods/Core/UIKit/UITableViewCell+DSLs/UITableViewCell+DSL/UITableViewCell+DSL.m:133,,
UITableViewCell,secondaryjobstext,swift_only,,bySecondaryJobsText,,,JobsByPods/JobsSwiftDSL@Pods/UIKit/iOS.SDK/UITableViewCell/UITableViewCell+DSL.swift:183,
UITableViewCell,secondarytext,swift_only,,bySecondaryText,,,JobsByPods/JobsSwiftDSL@Pods/UIKit/iOS.SDK/UITableViewCell/UITableViewCell+DSL.swift:204,
UITableViewCell,selected,aligned,bySelected,bySelected,,JobsByPods/JobsOCDSL@Pods/Core/UIKit/UITableViewCell+DSLs/UITableViewCell+DSL/UITableViewCell+DSL.h:48; JobsByPods/JobsOCDSL@Pods/Core/UIKit/UITableViewCell+DSLs/UITableViewCell+DSL/UITableViewCell+DSL.m:151,JobsByPods/JobsSwiftDSL@Pods/UIKit/iOS.SDK/UITableViewCell/UITableViewCell+DSL.swift:30,
UITableViewCell,selectedbackgroundcolor,swift_only,,bySelectedBackgroundColor,,,JobsByPods/JobsSwiftDSL@Pods/UIKit/iOS.SDK/UITableViewCell/UITableViewCell+DSL.swift:266,
UITableViewCell,selectedbackgroundview,aligned,bySelectedBackgroundView,bySelectedBackgroundView,,JobsByPods/JobsOCDSL@Pods/Core/UIKit/UITableViewCell+DSLs/UITableViewCell+DSL/UITableViewCell+DSL.h:44; JobsByPods/JobsOCDSL@Pods/Core/UIKit/UITableViewCell+DSLs/UITableViewCell+DSL/UITableViewCell+DSL.m:115,JobsByPods/JobsSwiftDSL@Pods/UIKit/iOS.SDK/UITableViewCell/UITableViewCell+DSL.swift:108,
UITableViewCell,selectionstyle,aligned,bySelectionStyle,bySelectionStyle,,JobsByPods/JobsOCDSL@Pods/Core/UIKit/UITableViewCell+DSLs/UITableViewCell+DSL/UITableViewCell+DSL.h:47; JobsByPods/JobsOCDSL@Pods/Core/UIKit/UITableViewCell+DSLs/UITableViewCell+DSL/UITableViewCell+DSL.m:142,JobsByPods/JobsSwiftDSL@Pods/UIKit/iOS.SDK/UITableViewCell/UITableViewCell+DSL.swift:24,
UITableViewCell,separatorinset,aligned,bySeparatorInset,bySeparatorInset,,JobsByPods/JobsOCDSL@Pods/Core/UIKit/UITableViewCell+DSLs/UITableViewCell+DSL/UITableViewCell+DSL.h:58; JobsByPods/JobsOCDSL@Pods/Core/UIKit/UITableViewCell+DSLs/UITableViewCell+DSL/UITableViewCell+DSL.m:241,JobsByPods/JobsSwiftDSL@Pods/UIKit/iOS.SDK/UITableViewCell/UITableViewCell+DSL.swift:96,
UITableViewCell,setneedsupdateconfiguration,oc_only,bySetNeedsUpdateConfiguration,,,JobsByPods/JobsOCDSL@Pods/Core/UIKit/UITableViewCell+DSLs/UITableViewCell+DSL/UITableViewCell+DSL.h:34; JobsByPods/JobsOCDSL@Pods/Core/UIKit/UITableViewCell+DSLs/UITableViewCell+DSL/UITableViewCell+DSL.m:49,,
UITableViewCell,shouldindentwhileediting,aligned,byShouldIndentWhileEditing,byShouldIndentWhileEditing,,JobsByPods/JobsOCDSL@Pods/Core/UIKit/UITableViewCell+DSLs/UITableViewCell+DSL/UITableViewCell+DSL.h:51; JobsByPods/JobsOCDSL@Pods/Core/UIKit/UITableViewCell+DSLs/UITableViewCell+DSL/UITableViewCell+DSL.m:178,JobsByPods/JobsSwiftDSL@Pods/UIKit/iOS.SDK/UITableViewCell/UITableViewCell+DSL.swift:90,
UITableViewCell,showsreordercontrol,aligned,byShowsReorderControl,byShowsReorderControl,,JobsByPods/JobsOCDSL@Pods/Core/UIKit/UITableViewCell+DSLs/UITableViewCell+DSL/UITableViewCell+DSL.h:50; JobsByPods/JobsOCDSL@Pods/Core/UIKit/UITableViewCell+DSLs/UITableViewCell+DSL/UITableViewCell+DSL.m:169,JobsByPods/JobsSwiftDSL@Pods/UIKit/iOS.SDK/UITableViewCell/UITableViewCell+DSL.swift:84,
UITableViewCell,tbvcellimageviewframe,support_only,,,byTbvCellImageViewFrame,,,JobsByPods/JobsByOCPods@Pods/Core/UIKit/UITableViewCell/UITableViewCell+UITableViewCellProtocol/UITableViewCell+UITableViewCellProtocoll.m:238
UITableViewCell,text,swift_only,,byText,,,JobsByPods/JobsSwiftDSL@Pods/UIKit/iOS.SDK/UITableViewCell/UITableViewCell+DSL.swift:175,
UITableViewCell,textconfig,swift_only,,byTextConfig,,,JobsByPods/JobsSwiftDSL@Pods/UIKit/iOS.SDK/UITableViewCell/UITableViewCell+DSL.swift:247,
UITableViewCell,textlabel,oc_only,byTextLabel,,,JobsByPods/JobsOCDSL@Pods/Core/UIKit/UITableViewCell+DSLs/UITableViewCell+DSL/UITableViewCell+DSL.h:29; JobsByPods/JobsOCDSL@Pods/Core/UIKit/UITableViewCell+DSLs/UITableViewCell+DSL/UITableViewCell+DSL.m:12,,
UITableViewCell,textlabelfont,support_only,,,byTextLabelFont,,,JobsByPods/JobsByOCPods@Pods/Core/UIKit/UITableViewCell/UITableViewCell+UITableViewCellProtocol/UITableViewCell+UITableViewCellProtocoll.m:166
UITableViewCell,textlabelframe,support_only,,,byTextLabelFrame,,,JobsByPods/JobsByOCPods@Pods/Core/UIKit/UITableViewCell/UITableViewCell+UITableViewCellProtocol/UITableViewCell+UITableViewCellProtocoll.m:220
UITableViewCell,textlabelframeoffsetheight,support_only,,,byTextLabelFrameOffsetHeight,,,JobsByPods/JobsByOCPods@Pods/Core/UIKit/UITableViewCell/UITableViewCell+UITableViewCellProtocol/UITableViewCell+UITableViewCellProtocoll.m:355
UITableViewCell,textlabelframeoffsetwidth,support_only,,,byTextLabelFrameOffsetWidth,,,JobsByPods/JobsByOCPods@Pods/Core/UIKit/UITableViewCell/UITableViewCell+UITableViewCellProtocol/UITableViewCell+UITableViewCellProtocoll.m:346
UITableViewCell,textlabelframeoffsetx,support_only,,,byTextLabelFrameOffsetX,,,JobsByPods/JobsByOCPods@Pods/Core/UIKit/UITableViewCell/UITableViewCell+UITableViewCellProtocol/UITableViewCell+UITableViewCellProtocoll.m:328
UITableViewCell,textlabelframeoffsety,support_only,,,byTextLabelFrameOffsetY,,,JobsByPods/JobsByOCPods@Pods/Core/UIKit/UITableViewCell/UITableViewCell+UITableViewCellProtocol/UITableViewCell+UITableViewCellProtocoll.m:337
UITableViewCell,textlabelheight,support_only,,,byTextLabelHeight,,,JobsByPods/JobsByOCPods@Pods/Core/UIKit/UITableViewCell/UITableViewCell+UITableViewCellProtocol/UITableViewCell+UITableViewCellProtocoll.m:283
UITableViewCell,textlabelsize,support_only,,,byTextLabelSize,,,JobsByPods/JobsByOCPods@Pods/Core/UIKit/UITableViewCell/UITableViewCell+UITableViewCellProtocol/UITableViewCell+UITableViewCellProtocoll.m:247
UITableViewCell,textlabeltextcolor,support_only,,,byTextLabelTextCor,,,JobsByPods/JobsByOCPods@Pods/Core/UIKit/UITableViewCell/UITableViewCell+UITableViewCellProtocol/UITableViewCell+UITableViewCellProtocoll.m:148
UITableViewCell,textlabelwidth,support_only,,,byTextLabelWidth,,,JobsByPods/JobsByOCPods@Pods/Core/UIKit/UITableViewCell/UITableViewCell+UITableViewCellProtocol/UITableViewCell+UITableViewCellProtocoll.m:274
UITableViewCell,titlecolor,swift_only,,byTitleCor,,,JobsByPods/JobsSwiftDSL@Pods/UIKit/iOS.SDK/UITableViewCell/UITableViewCell+DSL.swift:312,
UITableViewCell,titlefont,swift_only,,byTitleFont,,,JobsByPods/JobsSwiftDSL@Pods/UIKit/iOS.SDK/UITableViewCell/UITableViewCell+DSL.swift:287,
UITableViewCell,userinteractionenabledwhiledragging,aligned,byUserInteractionEnabledWhileDragging,byUserInteractionEnabledWhileDragging,,JobsByPods/JobsOCDSL@Pods/Core/UIKit/UITableViewCell+DSLs/UITableViewCell+DSL/UITableViewCell+DSL.h:65; JobsByPods/JobsOCDSL@Pods/Core/UIKit/UITableViewCell+DSLs/UITableViewCell+DSL/UITableViewCell+DSL.m:296,JobsByPods/JobsSwiftDSL@Pods/UIKit/iOS.SDK/UITableViewCell/UITableViewCell+DSL.swift:128,
UITableViewCell,willtransitiontostate,oc_only,byWillTransitionToState,,,JobsByPods/JobsOCDSL@Pods/Core/UIKit/UITableViewCell+DSLs/UITableViewCell+DSL/UITableViewCell+DSL.h:61; JobsByPods/JobsOCDSL@Pods/Core/UIKit/UITableViewCell+DSLs/UITableViewCell+DSL/UITableViewCell+DSL.m:268,,
UITableViewHeaderFooterView,section,support_only,,,bySection,,,JobsByPods/JobsBaseUI@Pods/Support/UIKit/UITableViewHeaderFooterView/UITableViewHeaderFooterView+BaseTableViewHeaderFooterViewProtocol/UITableViewHeaderFooterView+BaseTableViewHeaderFooterViewProtocol.m:21; JobsByPods/JobsByOCPods@Pods/Core/UIKit/UITableViewHeaderFooterView/UITableViewHeaderFooterView+BaseTableViewHeaderFooterViewProtocol/UITableViewHeaderFooterView+BaseTableViewHeaderFooterViewProtocol.m:21
UITableViewHeaderFooterView,style,support_only,,,byStyle,,,JobsByPods/JobsBaseUI@Pods/Support/UIKit/UITableViewHeaderFooterView/UITableViewHeaderFooterView+BaseTableViewHeaderFooterViewProtocol/UITableViewHeaderFooterView+BaseTableViewHeaderFooterViewProtocol.m:30; JobsByPods/JobsByOCPods@Pods/Core/UIKit/UITableViewHeaderFooterView/UITableViewHeaderFooterView+BaseTableViewHeaderFooterViewProtocol/UITableViewHeaderFooterView+BaseTableViewHeaderFooterViewProtocol.m:30
UITableViewHeaderFooterView,tableview,support_only,,,byTableView,,,JobsByPods/JobsBaseUI@Pods/Support/UIKit/UITableViewHeaderFooterView/UITableViewHeaderFooterView+BaseTableViewHeaderFooterViewProtocol/UITableViewHeaderFooterView+BaseTableViewHeaderFooterViewProtocol.m:39; JobsByPods/JobsByOCPods@Pods/Core/UIKit/UITableViewHeaderFooterView/UITableViewHeaderFooterView+BaseTableViewHeaderFooterViewProtocol/UITableViewHeaderFooterView+BaseTableViewHeaderFooterViewProtocol.m:39
UITapGestureRecognizer,numberoftapsrequired,oc_only,byNumberOfTapsRequired,,,JobsByPods/JobsOCDSL@Pods/Core/UIKit/UITapGestureRecognizer+DSLs/UITapGestureRecognizer+DSL/UITapGestureRecognizer+DSL.h:13; JobsByPods/JobsOCDSL@Pods/Core/UIKit/UITapGestureRecognizer+DSLs/UITapGestureRecognizer+DSL/UITapGestureRecognizer+DSL.m:8,,
UITapGestureRecognizer,numberoftouchesrequired,oc_only,byNumberOfTouchesRequired,,,JobsByPods/JobsOCDSL@Pods/Core/UIKit/UITapGestureRecognizer+DSLs/UITapGestureRecognizer+DSL/UITapGestureRecognizer+DSL.h:14; JobsByPods/JobsOCDSL@Pods/Core/UIKit/UITapGestureRecognizer+DSLs/UITapGestureRecognizer+DSL/UITapGestureRecognizer+DSL.m:17,,
UITapGestureRecognizer,taps,swift_only,,byTaps,,,JobsByPods/JobsSwiftDSL@Pods/UIKit/iOS.SDK/UIGestureRecognizer/UIGestureRecognizer+DSL.swift:116,
UITapGestureRecognizer,touches,swift_only,,byTouches,,,JobsByPods/JobsSwiftDSL@Pods/UIKit/iOS.SDK/UIGestureRecognizer/UIGestureRecognizer+DSL.swift:122,
UITextField,adjustsfontsizetofitwidth,aligned,byAdjustsFontSizeToFitWidth,byAdjustsFontSizeToFitWidth,,JobsByPods/JobsOCDSL@Pods/Core/UIKit/UITextField+DSLs/UITextField+DSL/UITextField+DSL.h:44; JobsByPods/JobsOCDSL@Pods/Core/UIKit/UITextField+DSLs/UITextField+DSL/UITextField+DSL.m:135,JobsByPods/JobsSwiftDSL@Pods/UIKit/iOS.SDK/UITextField/UITextField+DSL.swift:100; JobsByPods/JobsSwiftDSL@Pods/UIKit/iOS.SDK/UITextField/UITextField+DSL.swift:344,
UITextField,allowedwritingtoolsresultoptions,swift_only,,byAllowedWritingToolsResultOptions,,,JobsByPods/JobsSwiftDSL@Pods/UIKit/iOS.SDK/UITextField/UITextField+DSL.swift:197; JobsByPods/JobsSwiftDSL@Pods/UIKit/iOS.SDK/UITextField/UITextField+DSL.swift:438,
UITextField,allowseditingtextattributes,aligned,byAllowsEditingTextAttributes,byAllowsEditingTextAttributes,,JobsByPods/JobsOCDSL@Pods/Core/UIKit/UITextField+DSLs/UITextField+DSL/UITextField+DSL.h:46; JobsByPods/JobsOCDSL@Pods/Core/UIKit/UITextField+DSLs/UITextField+DSL/UITextField+DSL.m:153,JobsByPods/JobsSwiftDSL@Pods/UIKit/iOS.SDK/UITextField/UITextField+DSL.swift:227; JobsByPods/JobsSwiftDSL@Pods/UIKit/iOS.SDK/UITextField/UITextField+DSL.swift:466,
UITextField,attributedplaceholder,aligned,byAttributedPlaceholder,byAttributedPlaceholder,,JobsByPods/JobsOCDSL@Pods/Core/UIKit/UITextField+DSLs/UITextField+DSL/UITextField+DSL.h:41; JobsByPods/JobsOCDSL@Pods/Core/UIKit/UITextField+DSLs/UITextField+DSL/UITextField+DSL.m:116,JobsByPods/JobsSwiftDSL@Pods/UIKit/iOS.SDK/UITextField/UITextField+DSL.swift:315; JobsByPods/JobsSwiftDSL@Pods/UIKit/iOS.SDK/UITextField/UITextField+DSL.swift:70,
UITextField,attributedtext,aligned,byAttributedText,byAttributedText,,JobsByPods/JobsOCDSL@Pods/Core/UIKit/UITextField+DSLs/UITextField+DSL/UITextField+DSL.h:31; JobsByPods/JobsOCDSL@Pods/Core/UIKit/UITextField+DSLs/UITextField+DSL/UITextField+DSL.m:21,JobsByPods/JobsSwiftDSL@Pods/UIKit/iOS.SDK/UITextField/UITextField+DSL.swift:309; JobsByPods/JobsSwiftDSL@Pods/UIKit/iOS.SDK/UITextField/UITextField+DSL.swift:64,
UITextField,autocapitalizationtype,swift_only,,byAutocapitalizationType,,,JobsByPods/JobsSwiftDSL@Pods/UIKit/iOS.SDK/UITextField/UITextField+DSL.swift:142; JobsByPods/JobsSwiftDSL@Pods/UIKit/iOS.SDK/UITextField/UITextField+DSL.swift:384,
UITextField,autocorrectiontype,swift_only,,byAutocorrectionType,,,JobsByPods/JobsSwiftDSL@Pods/UIKit/iOS.SDK/UITextField/UITextField+DSL.swift:148; JobsByPods/JobsSwiftDSL@Pods/UIKit/iOS.SDK/UITextField/UITextField+DSL.swift:390,
UITextField,background,aligned,byBackground,byBackground,,JobsByPods/JobsOCDSL@Pods/Core/UIKit/UITextField+DSLs/UITextField+DSL/UITextField+DSL.h:50; JobsByPods/JobsOCDSL@Pods/Core/UIKit/UITextField+DSLs/UITextField+DSL/UITextField+DSL.m:183,JobsByPods/JobsSwiftDSL@Pods/UIKit/iOS.SDK/UITextField/UITextField+DSL.swift:321; JobsByPods/JobsSwiftDSL@Pods/UIKit/iOS.SDK/UITextField/UITextField+DSL.swift:76,
UITextField,beginediting,swift_only,,byBeginEditing,,,JobsByPods/JobsByUIKit@Pods/iOS.SDK/UITextField/UITextField+监听.swift:45,
UITextField,borderstyle,aligned,byBorderStyle,byBorderStyle,,JobsByPods/JobsOCDSL@Pods/Core/UIKit/UITextField+DSLs/UITextField+DSL/UITextField+DSL.h:35; JobsByPods/JobsOCDSL@Pods/Core/UIKit/UITextField+DSLs/UITextField+DSL/UITextField+DSL.m:58,JobsByPods/JobsSwiftDSL@Pods/UIKit/iOS.SDK/UITextField/UITextField+DSL.swift:303; JobsByPods/JobsSwiftDSL@Pods/UIKit/iOS.SDK/UITextField/UITextField+DSL.swift:57,
UITextField,clearbuttonmode,aligned,byClearButtonMode,byClearButtonMode,,JobsByPods/JobsOCDSL@Pods/Core/UIKit/UITextField+DSLs/UITextField+DSL/UITextField+DSL.h:53; JobsByPods/JobsOCDSL@Pods/Core/UIKit/UITextField+DSLs/UITextField+DSL/UITextField+DSL.m:201,JobsByPods/JobsSwiftDSL@Pods/UIKit/iOS.SDK/UITextField/UITextField+DSL.swift:215; JobsByPods/JobsSwiftDSL@Pods/UIKit/iOS.SDK/UITextField/UITextField+DSL.swift:454,
UITextField,clearsonbeginediting,aligned,byClearsOnBeginEditing,byClearsOnBeginEditing,,JobsByPods/JobsOCDSL@Pods/Core/UIKit/UITextField+DSLs/UITextField+DSL/UITextField+DSL.h:43; JobsByPods/JobsOCDSL@Pods/Core/UIKit/UITextField+DSLs/UITextField+DSL/UITextField+DSL.m:126,JobsByPods/JobsSwiftDSL@Pods/UIKit/iOS.SDK/UITextField/UITextField+DSL.swift:332; JobsByPods/JobsSwiftDSL@Pods/UIKit/iOS.SDK/UITextField/UITextField+DSL.swift:88,
UITextField,clearsoninsertion,aligned,byClearsOnInsertion,byClearsOnInsertion,,JobsByPods/JobsOCDSL@Pods/Core/UIKit/UITextField+DSLs/UITextField+DSL/UITextField+DSL.h:48; JobsByPods/JobsOCDSL@Pods/Core/UIKit/UITextField+DSLs/UITextField+DSL/UITextField+DSL.m:173,JobsByPods/JobsSwiftDSL@Pods/UIKit/iOS.SDK/UITextField/UITextField+DSL.swift:338; JobsByPods/JobsSwiftDSL@Pods/UIKit/iOS.SDK/UITextField/UITextField+DSL.swift:94,
UITextField,defaulttextattributes,aligned,byDefaultTextAttributes,byDefaultTextAttributes,,JobsByPods/JobsOCDSL@Pods/Core/UIKit/UITextField+DSLs/UITextField+DSL/UITextField+DSL.h:36; JobsByPods/JobsOCDSL@Pods/Core/UIKit/UITextField+DSLs/UITextField+DSL/UITextField+DSL.m:67,JobsByPods/JobsSwiftDSL@Pods/UIKit/iOS.SDK/UITextField/UITextField+DSL.swift:221; JobsByPods/JobsSwiftDSL@Pods/UIKit/iOS.SDK/UITextField/UITextField+DSL.swift:460,
UITextField,delegate,aligned,byDelegate,byDelegate,byDelegate,JobsByPods/JobsOCDSL@Pods/Core/UIKit/UITextField+DSLs/UITextField+DSL/UITextField+DSL.h:63; JobsByPods/JobsOCDSL@Pods/Core/UIKit/UITextField+DSLs/UITextField+DSL/UITextField+DSL.m:265,JobsByPods/JobsSwiftDSL@Pods/UIKit/iOS.SDK/UITextField/UITextField+DSL.swift:251; JobsByPods/JobsSwiftDSL@Pods/UIKit/iOS.SDK/UITextField/UITextField+DSL.swift:489,JobsByPods/JobsBaseUI@Pods/Support/UIKit/UITextField/UITextField+Extra/UITextField+Extra.h:67; JobsByPods/JobsBaseUI@Pods/Support/UIKit/UITextField/UITextField+Extra/UITextField+Extra.m:22
UITextField,disabledbackground,aligned,byDisabledBackground,byDisabledBackground,,JobsByPods/JobsOCDSL@Pods/Core/UIKit/UITextField+DSLs/UITextField+DSL/UITextField+DSL.h:51; JobsByPods/JobsOCDSL@Pods/Core/UIKit/UITextField+DSLs/UITextField+DSL/UITextField+DSL.m:192,JobsByPods/JobsSwiftDSL@Pods/UIKit/iOS.SDK/UITextField/UITextField+DSL.swift:327; JobsByPods/JobsSwiftDSL@Pods/UIKit/iOS.SDK/UITextField/UITextField+DSL.swift:82,
UITextField,dynamictextstyle,swift_only,,byDynamicTextStyle,,,JobsByPods/JobsSwiftDSL@Pods/UIKit/iOS.SDK/UITextField/UITextField+DSL.swift:257; JobsByPods/JobsSwiftDSL@Pods/UIKit/iOS.SDK/UITextField/UITextField+DSL.swift:495,
UITextField,enablesreturnkeyautomatically,swift_only,,byEnablesReturnKeyAutomatically,,,JobsByPods/JobsSwiftDSL@Pods/UIKit/iOS.SDK/UITextField/UITextField+DSL.swift:136; JobsByPods/JobsSwiftDSL@Pods/UIKit/iOS.SDK/UITextField/UITextField+DSL.swift:379,
UITextField,endediting,swift_only,,byEndEditing,,,JobsByPods/JobsByUIKit@Pods/iOS.SDK/UITextField/UITextField+监听.swift:57,
UITextField,font,aligned,byFont,byFont,,JobsByPods/JobsOCDSL@Pods/Core/UIKit/UITextField+DSLs/UITextField+DSL/UITextField+DSL.h:33; JobsByPods/JobsOCDSL@Pods/Core/UIKit/UITextField+DSLs/UITextField+DSL/UITextField+DSL.m:40,JobsByPods/JobsSwiftDSL@Pods/UIKit/iOS.SDK/UITextField/UITextField+DSL.swift:291; JobsByPods/JobsSwiftDSL@Pods/UIKit/iOS.SDK/UITextField/UITextField+DSL.swift:45,
UITextField,inlinepredictiontype,swift_only,,byInlinePredictionType,,,JobsByPods/JobsSwiftDSL@Pods/UIKit/iOS.SDK/UITextField/UITextField+DSL.swift:178; JobsByPods/JobsSwiftDSL@Pods/UIKit/iOS.SDK/UITextField/UITextField+DSL.swift:420,
UITextField,inputaccessoryview,aligned,byInputAccessoryView,byInputAccessoryView,,JobsByPods/JobsOCDSL@Pods/Core/UIKit/UITextField+DSLs/UITextField+DSL/UITextField+DSL.h:61; JobsByPods/JobsOCDSL@Pods/Core/UIKit/UITextField+DSLs/UITextField+DSL/UITextField+DSL.m:256,JobsByPods/JobsSwiftDSL@Pods/UIKit/iOS.SDK/UITextField/UITextField+DSL.swift:245; JobsByPods/JobsSwiftDSL@Pods/UIKit/iOS.SDK/UITextField/UITextField+DSL.swift:484,
UITextField,inputview,aligned,byInputView,byInputView,,JobsByPods/JobsOCDSL@Pods/Core/UIKit/UITextField+DSLs/UITextField+DSL/UITextField+DSL.h:60; JobsByPods/JobsOCDSL@Pods/Core/UIKit/UITextField+DSLs/UITextField+DSL/UITextField+DSL.m:247,JobsByPods/JobsSwiftDSL@Pods/UIKit/iOS.SDK/UITextField/UITextField+DSL.swift:239; JobsByPods/JobsSwiftDSL@Pods/UIKit/iOS.SDK/UITextField/UITextField+DSL.swift:478,
UITextField,keyboardappearance,aligned,byKeyboardAppearance,byKeyboardAppearance,,JobsByPods/JobsOCDSL@Pods/Core/UIKit/UITextField+DSLs/UITextField+DSL/UITextField+DSL.h:65; JobsByPods/JobsOCDSL@Pods/Core/UIKit/UITextField+DSLs/UITextField+DSL/UITextField+DSL.m:274,JobsByPods/JobsSwiftDSL@Pods/UIKit/iOS.SDK/UITextField/UITextField+DSL.swift:124; JobsByPods/JobsSwiftDSL@Pods/UIKit/iOS.SDK/UITextField/UITextField+DSL.swift:367,
UITextField,keyboardtype,aligned,byKeyboardType,byKeyboardType,,JobsByPods/JobsOCDSL@Pods/Core/UIKit/UITextField+DSLs/UITextField+DSL/UITextField+DSL.h:66; JobsByPods/JobsOCDSL@Pods/Core/UIKit/UITextField+DSLs/UITextField+DSL/UITextField+DSL.m:283,JobsByPods/JobsSwiftDSL@Pods/UIKit/iOS.SDK/UITextField/UITextField+DSL.swift:118; JobsByPods/JobsSwiftDSL@Pods/UIKit/iOS.SDK/UITextField/UITextField+DSL.swift:361,
UITextField,leftpadding,swift_only,,byLeftPadding,,,JobsByPods/JobsSwiftDSL@Pods/UIKit/iOS.SDK/UITextField/UITextField+DSL.swift:593,
UITextField,leftview,aligned,byLeftView,byLeftView,,JobsByPods/JobsOCDSL@Pods/Core/UIKit/UITextField+DSLs/UITextField+DSL/UITextField+DSL.h:55; JobsByPods/JobsOCDSL@Pods/Core/UIKit/UITextField+DSLs/UITextField+DSL/UITextField+DSL.m:210,JobsByPods/JobsSwiftDSL@Pods/UIKit/iOS.SDK/UITextField/UITextField+DSL.swift:505,
UITextField,leftviewmode,aligned,byLeftViewMode,byLeftViewMode,,JobsByPods/JobsOCDSL@Pods/Core/UIKit/UITextField+DSLs/UITextField+DSL/UITextField+DSL.h:56; JobsByPods/JobsOCDSL@Pods/Core/UIKit/UITextField+DSLs/UITextField+DSL/UITextField+DSL.m:219,JobsByPods/JobsSwiftDSL@Pods/UIKit/iOS.SDK/UITextField/UITextField+DSL.swift:21; JobsByPods/JobsSwiftDSL@Pods/UIKit/iOS.SDK/UITextField/UITextField+DSL.swift:267,
UITextField,leftviewoffsetx,oc_only,byLeftViewOffsetX,,,JobsByPods/JobsOCDSL@Pods/Core/UIKit/UITextField+DSLs/UITextField+DSL/UITextField+DSL.h:71; JobsByPods/JobsOCDSL@Pods/Core/UIKit/UITextField+DSLs/UITextField+DSL/UITextField+DSL.m:319,,
UITextField,makesignals1,support_only,,,makeSignals1,,,JobsByPods/JobsByOCPods@Pods/Core/UIKit/UITextField/JobsTextFieldExtra.h:33
UITextField,makesignals2,support_only,,,makeSignals2,,,JobsByPods/JobsByOCPods@Pods/Core/UIKit/UITextField/JobsTextFieldExtra.h:43
UITextField,mathexpressioncompletiontype,swift_only,,byMathExpressionCompletionType,,,JobsByPods/JobsSwiftDSL@Pods/UIKit/iOS.SDK/UITextField/UITextField+DSL.swift:185; JobsByPods/JobsSwiftDSL@Pods/UIKit/iOS.SDK/UITextField/UITextField+DSL.swift:426,
UITextField,minimumfontsize,aligned,byMinimumFontSize,byMinimumFontSize,,JobsByPods/JobsOCDSL@Pods/Core/UIKit/UITextField+DSLs/UITextField+DSL/UITextField+DSL.h:45; JobsByPods/JobsOCDSL@Pods/Core/UIKit/UITextField+DSLs/UITextField+DSL/UITextField+DSL.m:144,JobsByPods/JobsSwiftDSL@Pods/UIKit/iOS.SDK/UITextField/UITextField+DSL.swift:106; JobsByPods/JobsSwiftDSL@Pods/UIKit/iOS.SDK/UITextField/UITextField+DSL.swift:350,
UITextField,onreturn,swift_only,,onReturn,,,JobsByPods/JobsSwiftDSL@Pods/UIKit/iOS.SDK/UITextField/UITextField+DSL.swift:520,
UITextField,onshouldclear,swift_only,,onShouldClear,,,JobsByPods/JobsByUIKit@Pods/iOS.SDK/UITextField/UITextField+监听.swift:117,
UITextField,passwordrules,swift_only,,byPasswordRules,,,JobsByPods/JobsSwiftDSL@Pods/UIKit/iOS.SDK/UITextField/UITextField+DSL.swift:209; JobsByPods/JobsSwiftDSL@Pods/UIKit/iOS.SDK/UITextField/UITextField+DSL.swift:449,
UITextField,placeholder,aligned,byPlaceholder,byPlaceholder,,JobsByPods/JobsOCDSL@Pods/Core/UIKit/UITextField+DSLs/UITextField+DSL/UITextField+DSL.h:38; JobsByPods/JobsOCDSL@Pods/Core/UIKit/UITextField+DSLs/UITextField+DSL/UITextField+DSL.m:77,JobsByPods/JobsByUIKit@Pods/iOS.SDK/UITextField/UITextField+Placeholder.swift:23,
UITextField,placeholderalignment,oc_only,byPlaceHolderAlignment,,,JobsByPods/JobsOCDSL@Pods/Core/UIKit/UITextField+DSLs/UITextField+DSL/UITextField+DSL.h:70; JobsByPods/JobsOCDSL@Pods/Core/UIKit/UITextField+DSLs/UITextField+DSL/UITextField+DSL.m:310,,
UITextField,placeholdercolor,aligned,byPlaceholderColor,byPlaceholderColor,,JobsByPods/JobsOCDSL@Pods/Core/UIKit/UITextField+DSLs/UITextField+DSL/UITextField+DSL.h:39; JobsByPods/JobsOCDSL@Pods/Core/UIKit/UITextField+DSLs/UITextField+DSL/UITextField+DSL.m:86,JobsByPods/JobsByUIKit@Pods/iOS.SDK/UITextField/UITextField+Placeholder.swift:43,
UITextField,placeholderfont,aligned,byPlaceholderFont,byPlaceholderFont,,JobsByPods/JobsOCDSL@Pods/Core/UIKit/UITextField+DSLs/UITextField+DSL/UITextField+DSL.h:40; JobsByPods/JobsOCDSL@Pods/Core/UIKit/UITextField+DSLs/UITextField+DSL/UITextField+DSL.m:101,JobsByPods/JobsByUIKit@Pods/iOS.SDK/UITextField/UITextField+Placeholder.swift:52,
UITextField,returnkeytype,aligned,byReturnKeyType,byReturnKeyType,,JobsByPods/JobsOCDSL@Pods/Core/UIKit/UITextField+DSLs/UITextField+DSL/UITextField+DSL.h:67; JobsByPods/JobsOCDSL@Pods/Core/UIKit/UITextField+DSLs/UITextField+DSL/UITextField+DSL.m:292,JobsByPods/JobsSwiftDSL@Pods/UIKit/iOS.SDK/UITextField/UITextField+DSL.swift:130; JobsByPods/JobsSwiftDSL@Pods/UIKit/iOS.SDK/UITextField/UITextField+DSL.swift:373,
UITextField,rightview,aligned,byRightView,byRightView,,JobsByPods/JobsOCDSL@Pods/Core/UIKit/UITextField+DSLs/UITextField+DSL/UITextField+DSL.h:57; JobsByPods/JobsOCDSL@Pods/Core/UIKit/UITextField+DSLs/UITextField+DSL/UITextField+DSL.m:229,JobsByPods/JobsSwiftDSL@Pods/UIKit/iOS.SDK/UITextField/UITextField+DSL.swift:512,
UITextField,rightviewmode,aligned,byRightViewMode,byRightViewMode,,JobsByPods/JobsOCDSL@Pods/Core/UIKit/UITextField+DSLs/UITextField+DSL/UITextField+DSL.h:58; JobsByPods/JobsOCDSL@Pods/Core/UIKit/UITextField+DSLs/UITextField+DSL/UITextField+DSL.m:238,JobsByPods/JobsSwiftDSL@Pods/UIKit/iOS.SDK/UITextField/UITextField+DSL.swift:27; JobsByPods/JobsSwiftDSL@Pods/UIKit/iOS.SDK/UITextField/UITextField+DSL.swift:273,
UITextField,rightviewoffsetx,oc_only,byRightViewOffsetX,,,JobsByPods/JobsOCDSL@Pods/Core/UIKit/UITextField+DSLs/UITextField+DSL/UITextField+DSL.h:72; JobsByPods/JobsOCDSL@Pods/Core/UIKit/UITextField+DSLs/UITextField+DSL/UITextField+DSL.m:328,,
UITextField,securetextentry,aligned,bySecureTextEntry,bySecureTextEntry,,JobsByPods/JobsOCDSL@Pods/Core/UIKit/UITextField+DSLs/UITextField+DSL/UITextField+DSL.h:69; JobsByPods/JobsOCDSL@Pods/Core/UIKit/UITextField+DSLs/UITextField+DSL/UITextField+DSL.m:301,JobsByPods/JobsSwiftDSL@Pods/UIKit/iOS.SDK/UITextField/UITextField+DSL.swift:112; JobsByPods/JobsSwiftDSL@Pods/UIKit/iOS.SDK/UITextField/UITextField+DSL.swift:356,
UITextField,smartdashestype,swift_only,,bySmartDashesType,,,JobsByPods/JobsSwiftDSL@Pods/UIKit/iOS.SDK/UITextField/UITextField+DSL.swift:166; JobsByPods/JobsSwiftDSL@Pods/UIKit/iOS.SDK/UITextField/UITextField+DSL.swift:408,
UITextField,smartinsertdeletetype,swift_only,,bySmartInsertDeleteType,,,JobsByPods/JobsSwiftDSL@Pods/UIKit/iOS.SDK/UITextField/UITextField+DSL.swift:172; JobsByPods/JobsSwiftDSL@Pods/UIKit/iOS.SDK/UITextField/UITextField+DSL.swift:414,
UITextField,smartquotestype,swift_only,,bySmartQuotesType,,,JobsByPods/JobsSwiftDSL@Pods/UIKit/iOS.SDK/UITextField/UITextField+DSL.swift:160; JobsByPods/JobsSwiftDSL@Pods/UIKit/iOS.SDK/UITextField/UITextField+DSL.swift:402,
UITextField,spellcheckingtype,swift_only,,bySpellCheckingType,,,JobsByPods/JobsSwiftDSL@Pods/UIKit/iOS.SDK/UITextField/UITextField+DSL.swift:154; JobsByPods/JobsSwiftDSL@Pods/UIKit/iOS.SDK/UITextField/UITextField+DSL.swift:396,
UITextField,text,aligned,byText,byText,,JobsByPods/JobsOCDSL@Pods/Core/UIKit/UITextField+DSLs/UITextField+DSL/UITextField+DSL.h:30; JobsByPods/JobsOCDSL@Pods/Core/UIKit/UITextField+DSLs/UITextField+DSL/UITextField+DSL.m:12,JobsByPods/JobsSwiftDSL@Pods/UIKit/iOS.SDK/UITextField/UITextField+DSL.swift:279; JobsByPods/JobsSwiftDSL@Pods/UIKit/iOS.SDK/UITextField/UITextField+DSL.swift:33,
UITextField,textalignment,aligned,byTextAlignment,byTextAlignment,,JobsByPods/JobsOCDSL@Pods/Core/UIKit/UITextField+DSLs/UITextField+DSL/UITextField+DSL.h:34; JobsByPods/JobsOCDSL@Pods/Core/UIKit/UITextField+DSLs/UITextField+DSL/UITextField+DSL.m:49,JobsByPods/JobsSwiftDSL@Pods/UIKit/iOS.SDK/UITextField/UITextField+DSL.swift:297; JobsByPods/JobsSwiftDSL@Pods/UIKit/iOS.SDK/UITextField/UITextField+DSL.swift:51,
UITextField,textcolor,aligned,byTextCor,byTextColor,,JobsByPods/JobsOCDSL@Pods/Core/UIKit/UITextField+DSLs/UITextField+DSL/UITextField+DSL.h:32; JobsByPods/JobsOCDSL@Pods/Core/UIKit/UITextField+DSLs/UITextField+DSL/UITextField+DSL.m:31,JobsByPods/JobsSwiftDSL@Pods/UIKit/iOS.SDK/UITextField/UITextField+DSL.swift:285; JobsByPods/JobsSwiftDSL@Pods/UIKit/iOS.SDK/UITextField/UITextField+DSL.swift:39,
UITextField,textcontenttype,swift_only,,byTextContentType,,,JobsByPods/JobsSwiftDSL@Pods/UIKit/iOS.SDK/UITextField/UITextField+DSL.swift:203; JobsByPods/JobsSwiftDSL@Pods/UIKit/iOS.SDK/UITextField/UITextField+DSL.swift:443,
UITextField,typingattributes,aligned,byTypingAttributes,byTypingAttributes,,JobsByPods/JobsOCDSL@Pods/Core/UIKit/UITextField+DSLs/UITextField+DSL/UITextField+DSL.h:47; JobsByPods/JobsOCDSL@Pods/Core/UIKit/UITextField+DSLs/UITextField+DSL/UITextField+DSL.m:163,JobsByPods/JobsSwiftDSL@Pods/UIKit/iOS.SDK/UITextField/UITextField+DSL.swift:233; JobsByPods/JobsSwiftDSL@Pods/UIKit/iOS.SDK/UITextField/UITextField+DSL.swift:472,
UITextField,writingtoolsbehavior,swift_only,,byWritingToolsBehavior,,,JobsByPods/JobsSwiftDSL@Pods/UIKit/iOS.SDK/UITextField/UITextField+DSL.swift:191; JobsByPods/JobsSwiftDSL@Pods/UIKit/iOS.SDK/UITextField/UITextField+DSL.swift:432,
UITextView,allowedwritingtoolsresultoptions,aligned,byAllowedWritingToolsResultOptions,byAllowedWritingToolsResultOptions,,JobsByPods/JobsOCDSL@Pods/Core/UIKit/UITextView+DSLs/UITextView+DSL/UITextView+DSL.h:64; JobsByPods/JobsOCDSL@Pods/Core/UIKit/UITextView+DSLs/UITextView+DSL/UITextView+DSL.m:299,JobsByPods/JobsSwiftDSL@Pods/UIKit/iOS.SDK/UITextView/UITextView+DSL.swift:151; JobsByPods/JobsSwiftDSL@Pods/UIKit/iOS.SDK/UITextView/UITextView+DSL.swift:320,
UITextView,allowseditingtextattributes,aligned,byAllowsEditingTextAttributes,byAllowsEditingTextAttributes,,JobsByPods/JobsOCDSL@Pods/Core/UIKit/UITextView+DSLs/UITextView+DSL/UITextView+DSL.h:45; JobsByPods/JobsOCDSL@Pods/Core/UIKit/UITextView+DSLs/UITextView+DSL/UITextView+DSL.m:139,JobsByPods/JobsSwiftDSL@Pods/UIKit/iOS.SDK/UITextView/UITextView+DSL.swift:242; JobsByPods/JobsSwiftDSL@Pods/UIKit/iOS.SDK/UITextView/UITextView+DSL.swift:74,
UITextView,attributedtext,aligned,byAttributedText,byAttributedText,byAttributedText,JobsByPods/JobsOCDSL@Pods/Core/UIKit/UITextView+DSLs/UITextView+DSL/UITextView+DSL.h:31; JobsByPods/JobsOCDSL@Pods/Core/UIKit/UITextView+DSLs/UITextView+DSL/UITextView+DSL.m:21,JobsByPods/JobsSwiftDSL@Pods/UIKit/iOS.SDK/UITextView/UITextView+DSL.swift:212; JobsByPods/JobsSwiftDSL@Pods/UIKit/iOS.SDK/UITextView/UITextView+DSL.swift:44,JobsByPods/JobsBaseUI@Pods/Support/UIKit/UITextView/UITextView+Extra/UITextView+Extra.h:49; JobsByPods/JobsBaseUI@Pods/Support/UIKit/UITextView/UITextView+Extra/UITextView+Extra.m:89; JobsByPods/JobsByOCPods@Pods/Core/UIKit/UITextView/UITextView+Extra/UITextView+Extra.h:69; JobsByPods/JobsByOCPods@Pods/Core/UIKit/UITextView/UITextView+Extra/UITextView+Extra.m:126
UITextView,autocapitalizationtype,oc_only,byAutocapitalizationType,,,JobsByPods/JobsOCDSL@Pods/Core/UIKit/UITextView+DSLs/UITextView+DSL/UITextView+DSL.h:54; JobsByPods/JobsOCDSL@Pods/Core/UIKit/UITextView+DSLs/UITextView+DSL/UITextView+DSL.m:204,,
UITextView,autocorrectiontype,oc_only,byAutocorrectionType,,,JobsByPods/JobsOCDSL@Pods/Core/UIKit/UITextView+DSLs/UITextView+DSL/UITextView+DSL.h:55; JobsByPods/JobsOCDSL@Pods/Core/UIKit/UITextView+DSLs/UITextView+DSL/UITextView+DSL.m:213,,
UITextView,beginediting,swift_only,,byBeginEditing,,,JobsByPods/JobsByUIKit@Pods/iOS.SDK/UITextView/UITextView+监听.swift:64,
UITextView,borderstyle,swift_only,,byBorderStyle,,,JobsByPods/JobsSwiftDSL@Pods/UIKit/iOS.SDK/UITextView/UITextView+DSL.swift:130; JobsByPods/JobsSwiftDSL@Pods/UIKit/iOS.SDK/UITextView/UITextView+DSL.swift:299,
UITextView,bylayoutsubviews,swift_only,,by_layoutSubviews,,,JobsByPods/JobsByUIKit@Pods/iOS.SDK/UITextView/UITextView+Placeholder.swift:123,
UITextView,bymakeorupdateplaceholderconstraints,swift_only,,by_makeOrUpdatePlaceholderConstraints,,,JobsByPods/JobsByUIKit@Pods/iOS.SDK/UITextView/UITextView+Placeholder.swift:94,
UITextView,byswizzlelayoutsubviewsonce,swift_only,,by_swizzleLayoutSubviewsOnce,,,JobsByPods/JobsByUIKit@Pods/iOS.SDK/UITextView/UITextView+Placeholder.swift:104,
UITextView,byupdateplaceholdervisibility,swift_only,,by_updatePlaceholderVisibility,,,JobsByPods/JobsByUIKit@Pods/iOS.SDK/UITextView/UITextView+Placeholder.swift:89,
UITextView,clearsoninsertion,aligned,byClearsOnInsertion,byClearsOnInsertion,,JobsByPods/JobsOCDSL@Pods/Core/UIKit/UITextView+DSLs/UITextView+DSL/UITextView+DSL.h:46; JobsByPods/JobsOCDSL@Pods/Core/UIKit/UITextView+DSLs/UITextView+DSL/UITextView+DSL.m:149,JobsByPods/JobsSwiftDSL@Pods/UIKit/iOS.SDK/UITextView/UITextView+DSL.swift:266; JobsByPods/JobsSwiftDSL@Pods/UIKit/iOS.SDK/UITextView/UITextView+DSL.swift:98,
UITextView,contentinset,support_only,,,byContentInset,,,JobsByPods/JobsBaseUI@Pods/Support/UIKit/UITextView/UITextView+Extra/UITextView+Extra.h:43; JobsByPods/JobsBaseUI@Pods/Support/UIKit/UITextView/UITextView+Extra/UITextView+Extra.m:47; JobsByPods/JobsByOCPods@Pods/Core/UIKit/UITextView/UITextView+Extra/UITextView+Extra.h:72; JobsByPods/JobsByOCPods@Pods/Core/UIKit/UITextView/UITextView+Extra/UITextView+Extra.m:153
UITextView,contentoffset,support_only,,,byContentOffset,,,JobsByPods/JobsBaseUI@Pods/Support/UIKit/UITextView/UITextView+Extra/UITextView+Extra.h:44; JobsByPods/JobsBaseUI@Pods/Support/UIKit/UITextView/UITextView+Extra/UITextView+Extra.m:56; JobsByPods/JobsByOCPods@Pods/Core/UIKit/UITextView/UITextView+Extra/UITextView+Extra.h:73; JobsByPods/JobsByOCPods@Pods/Core/UIKit/UITextView/UITextView+Extra/UITextView+Extra.m:162
UITextView,contentoffsetwithanimated,support_only,,,byContentOffsetWithAnimated,,,JobsByPods/JobsBaseUI@Pods/Support/UIKit/UITextView/UITextView+Extra/UITextView+Extra.h:45; JobsByPods/JobsBaseUI@Pods/Support/UIKit/UITextView/UITextView+Extra/UITextView+Extra.m:65; JobsByPods/JobsByOCPods@Pods/Core/UIKit/UITextView/UITextView+Extra/UITextView+Extra.h:74; JobsByPods/JobsByOCPods@Pods/Core/UIKit/UITextView/UITextView+Extra/UITextView+Extra.m:171
UITextView,datadetectortypes,aligned,byDataDetectorTypes,byDataDetectorTypes,byDataDetectorTypes,JobsByPods/JobsOCDSL@Pods/Core/UIKit/UITextView+DSLs/UITextView+DSL/UITextView+DSL.h:44; JobsByPods/JobsOCDSL@Pods/Core/UIKit/UITextView+DSLs/UITextView+DSL/UITextView+DSL.m:130,JobsByPods/JobsSwiftDSL@Pods/UIKit/iOS.SDK/UITextView/UITextView+DSL.swift:236; JobsByPods/JobsSwiftDSL@Pods/UIKit/iOS.SDK/UITextView/UITextView+DSL.swift:68,JobsByPods/JobsByOCPods@Pods/Core/UIKit/UITextView/UITextView+Extra/UITextView+Extra.h:61; JobsByPods/JobsByOCPods@Pods/Core/UIKit/UITextView/UITextView+Extra/UITextView+Extra.m:54
UITextView,delegate,aligned,byDelegate,byDelegate,byDelegate,JobsByPods/JobsOCDSL@Pods/Core/UIKit/UITextView+DSLs/UITextView+DSL/UITextView+DSL.h:41; JobsByPods/JobsOCDSL@Pods/Core/UIKit/UITextView+DSLs/UITextView+DSL/UITextView+DSL.m:103,JobsByPods/JobsSwiftDSL@Pods/UIKit/iOS.SDK/UITextView/UITextView+DSL.swift:166; JobsByPods/JobsSwiftDSL@Pods/UIKit/iOS.SDK/UITextView/UITextView+DSL.swift:335,JobsByPods/JobsByOCPods@Pods/Core/UIKit/UITextView/UITextView+Extra/UITextView+Extra.h:62; JobsByPods/JobsByOCPods@Pods/Core/UIKit/UITextView/UITextView+Extra/UITextView+Extra.m:63
UITextView,dynamictextstyle,swift_only,,byDynamicTextStyle,,,JobsByPods/JobsSwiftDSL@Pods/UIKit/iOS.SDK/UITextView/UITextView+DSL.swift:172; JobsByPods/JobsSwiftDSL@Pods/UIKit/iOS.SDK/UITextView/UITextView+DSL.swift:342,
UITextView,editable,aligned,byEditable,byEditable,byEditable,JobsByPods/JobsOCDSL@Pods/Core/UIKit/UITextView+DSLs/UITextView+DSL/UITextView+DSL.h:42; JobsByPods/JobsOCDSL@Pods/Core/UIKit/UITextView+DSLs/UITextView+DSL/UITextView+DSL.m:112,JobsByPods/JobsSwiftDSL@Pods/UIKit/iOS.SDK/UITextView/UITextView+DSL.swift:224; JobsByPods/JobsSwiftDSL@Pods/UIKit/iOS.SDK/UITextView/UITextView+DSL.swift:56,JobsByPods/JobsByOCPods@Pods/Core/UIKit/UITextView/UITextView+Extra/UITextView+Extra.h:67; JobsByPods/JobsByOCPods@Pods/Core/UIKit/UITextView/UITextView+Extra/UITextView+Extra.m:108
UITextView,enablesreturnkeyautomatically,oc_only,byEnablesReturnKeyAutomatically,,,JobsByPods/JobsOCDSL@Pods/Core/UIKit/UITextView+DSLs/UITextView+DSL/UITextView+DSL.h:60; JobsByPods/JobsOCDSL@Pods/Core/UIKit/UITextView+DSLs/UITextView+DSL/UITextView+DSL.m:261,,
UITextView,endediting,swift_only,,byEndEditing,,,JobsByPods/JobsByUIKit@Pods/iOS.SDK/UITextView/UITextView+监听.swift:74,
UITextView,findinteractionenabled,swift_only,,byFindInteractionEnabled,,,JobsByPods/JobsSwiftDSL@Pods/UIKit/iOS.SDK/UITextView/UITextView+DSL.swift:123; JobsByPods/JobsSwiftDSL@Pods/UIKit/iOS.SDK/UITextView/UITextView+DSL.swift:292,
UITextView,font,aligned,byFont,byFont,byFont,JobsByPods/JobsOCDSL@Pods/Core/UIKit/UITextView+DSLs/UITextView+DSL/UITextView+DSL.h:33; JobsByPods/JobsOCDSL@Pods/Core/UIKit/UITextView+DSLs/UITextView+DSL/UITextView+DSL.m:39,JobsByPods/JobsSwiftDSL@Pods/UIKit/iOS.SDK/UITextView/UITextView+DSL.swift:200; JobsByPods/JobsSwiftDSL@Pods/UIKit/iOS.SDK/UITextView/UITextView+DSL.swift:32,JobsByPods/JobsByOCPods@Pods/Core/UIKit/UITextView/UITextView+Extra/UITextView+Extra.h:65; JobsByPods/JobsByOCPods@Pods/Core/UIKit/UITextView/UITextView+Extra/UITextView+Extra.m:90
UITextView,heighttrackstextview,oc_only,byHeightTracksTextView,,,JobsByPods/JobsOCDSL@Pods/Core/UIKit/UITextView+DSLs/UITextView+DSL/UITextView+DSL.h:72; JobsByPods/JobsOCDSL@Pods/Core/UIKit/UITextView+DSLs/UITextView+DSL/UITextView+DSL.m:355,,
UITextView,hintlimitoff,swift_only,,byHintLimitOff,,,JobsByPods/JobsByUIKit@Pods/iOS.SDK/UITextView/UITextView+输入字数限制显示.swift:49,
UITextView,host,swift_only,,byHost,,,JobsByPods/JobsByUIKit@Pods/iOS.SDK/UITextView/UITextView+输入字数限制显示.swift:85,
UITextView,inputaccessoryview,aligned,byInputAccessoryView,byInputAccessoryView,,JobsByPods/JobsOCDSL@Pods/Core/UIKit/UITextView+DSLs/UITextView+DSL/UITextView+DSL.h:49; JobsByPods/JobsOCDSL@Pods/Core/UIKit/UITextView+DSLs/UITextView+DSL/UITextView+DSL.m:168,JobsByPods/JobsSwiftDSL@Pods/UIKit/iOS.SDK/UITextView/UITextView+DSL.swift:260; JobsByPods/JobsSwiftDSL@Pods/UIKit/iOS.SDK/UITextView/UITextView+DSL.swift:92,
UITextView,inputview,aligned,byInputView,byInputView,,JobsByPods/JobsOCDSL@Pods/Core/UIKit/UITextView+DSLs/UITextView+DSL/UITextView+DSL.h:48; JobsByPods/JobsOCDSL@Pods/Core/UIKit/UITextView+DSLs/UITextView+DSL/UITextView+DSL.m:159,JobsByPods/JobsSwiftDSL@Pods/UIKit/iOS.SDK/UITextView/UITextView+DSL.swift:254; JobsByPods/JobsSwiftDSL@Pods/UIKit/iOS.SDK/UITextView/UITextView+DSL.swift:86,
UITextView,keyboardappearance,oc_only,byKeyboardAppearance,,,JobsByPods/JobsOCDSL@Pods/Core/UIKit/UITextView+DSLs/UITextView+DSL/UITextView+DSL.h:51; JobsByPods/JobsOCDSL@Pods/Core/UIKit/UITextView+DSLs/UITextView+DSL/UITextView+DSL.m:177,,
UITextView,keyboardtype,aligned,byKeyboardType,byKeyboardType,,JobsByPods/JobsOCDSL@Pods/Core/UIKit/UITextView+DSLs/UITextView+DSL/UITextView+DSL.h:52; JobsByPods/JobsOCDSL@Pods/Core/UIKit/UITextView+DSLs/UITextView+DSL/UITextView+DSL.m:186,JobsByPods/JobsSwiftDSL@Pods/UIKit/iOS.SDK/UITextView/UITextView+DSL.swift:248; JobsByPods/JobsSwiftDSL@Pods/UIKit/iOS.SDK/UITextView/UITextView+DSL.swift:80,
UITextView,linebreakmode,oc_only,byLineBreakMode,,,JobsByPods/JobsOCDSL@Pods/Core/UIKit/UITextView+DSLs/UITextView+DSL/UITextView+DSL.h:70; JobsByPods/JobsOCDSL@Pods/Core/UIKit/UITextView+DSLs/UITextView+DSL/UITextView+DSL.m:337,,
UITextView,linefragmentpadding,aligned,byLineFragmentPadding,byLineFragmentPadding,,JobsByPods/JobsOCDSL@Pods/Core/UIKit/UITextView+DSLs/UITextView+DSL/UITextView+DSL.h:68; JobsByPods/JobsOCDSL@Pods/Core/UIKit/UITextView+DSLs/UITextView+DSL/UITextView+DSL.m:319,JobsByPods/JobsSwiftDSL@Pods/UIKit/iOS.SDK/UITextView/UITextView+DSL.swift:179; JobsByPods/JobsSwiftDSL@Pods/UIKit/iOS.SDK/UITextView/UITextView+DSL.swift:349,
UITextView,linktextattributes,aligned,byLinkTextAttributes,byLinkTextAttributes,byLinkTextAttributes,JobsByPods/JobsOCDSL@Pods/Core/UIKit/UITextView+DSLs/UITextView+DSL/UITextView+DSL.h:39; JobsByPods/JobsOCDSL@Pods/Core/UIKit/UITextView+DSLs/UITextView+DSL/UITextView+DSL.m:94,JobsByPods/JobsSwiftDSL@Pods/UIKit/iOS.SDK/UITextView/UITextView+DSL.swift:104; JobsByPods/JobsSwiftDSL@Pods/UIKit/iOS.SDK/UITextView/UITextView+DSL.swift:272,JobsByPods/JobsByOCPods@Pods/Core/UIKit/UITextView/UITextView+Extra/UITextView+Extra.h:68; JobsByPods/JobsByOCPods@Pods/Core/UIKit/UITextView/UITextView+Extra/UITextView+Extra.m:117
UITextView,markedtextstyle,oc_only,byMarkedTextStyle,,,JobsByPods/JobsOCDSL@Pods/Core/UIKit/UITextView+DSLs/UITextView+DSL/UITextView+DSL.h:37; JobsByPods/JobsOCDSL@Pods/Core/UIKit/UITextView+DSLs/UITextView+DSL/UITextView+DSL.m:76,,
UITextView,maximumnumberoflines,oc_only,byMaximumNumberOfLines,,,JobsByPods/JobsOCDSL@Pods/Core/UIKit/UITextView+DSLs/UITextView+DSL/UITextView+DSL.h:69; JobsByPods/JobsOCDSL@Pods/Core/UIKit/UITextView+DSLs/UITextView+DSL/UITextView+DSL.m:328,,
UITextView,oninputunlimited,swift_only,,byOnInputUnlimited,,,JobsByPods/JobsByUIKit@Pods/iOS.SDK/UITextView/UITextView+监听.swift:50,
UITextView,placeholder,swift_only,,byPlaceHolder,,,JobsByPods/JobsByUIKit@Pods/iOS.SDK/UITextView/UITextView+Placeholder.swift:25,
UITextView,placeholderattributedtext,swift_only,,byPlaceHolderAttributedText,,,JobsByPods/JobsByUIKit@Pods/iOS.SDK/UITextView/UITextView+Placeholder.swift:44,
UITextView,placeholdercolor,swift_only,,byPlaceHolderCor,,,JobsByPods/JobsByUIKit@Pods/iOS.SDK/UITextView/UITextView+Placeholder.swift:32,
UITextView,placeholderfont,swift_only,,byPlaceHolderFont,,,JobsByPods/JobsByUIKit@Pods/iOS.SDK/UITextView/UITextView+Placeholder.swift:38,
UITextView,returnkeytype,oc_only,byReturnKeyType,,,JobsByPods/JobsOCDSL@Pods/Core/UIKit/UITextView+DSLs/UITextView+DSL/UITextView+DSL.h:53; JobsByPods/JobsOCDSL@Pods/Core/UIKit/UITextView+DSLs/UITextView+DSL/UITextView+DSL.m:195,,
UITextView,scrollrangetovisible,oc_only,byScrollRangeToVisible,,,JobsByPods/JobsOCDSL@Pods/Core/UIKit/UITextView+DSLs/UITextView+DSL/UITextView+DSL.h:66; JobsByPods/JobsOCDSL@Pods/Core/UIKit/UITextView+DSLs/UITextView+DSL/UITextView+DSL.m:310,,
UITextView,scrolltovisible,swift_only,,byScrollToVisible,,,JobsByPods/JobsSwiftDSL@Pods/UIKit/iOS.SDK/UITextView/UITextView+DSL.swift:357,
UITextView,securetextentry,oc_only,bySecureTextEntry,,,JobsByPods/JobsOCDSL@Pods/Core/UIKit/UITextView+DSLs/UITextView+DSL/UITextView+DSL.h:61; JobsByPods/JobsOCDSL@Pods/Core/UIKit/UITextView+DSLs/UITextView+DSL/UITextView+DSL.m:270,,
UITextView,selectable,aligned,bySelectable,bySelectable,bySelectable,JobsByPods/JobsOCDSL@Pods/Core/UIKit/UITextView+DSLs/UITextView+DSL/UITextView+DSL.h:43; JobsByPods/JobsOCDSL@Pods/Core/UIKit/UITextView+DSLs/UITextView+DSL/UITextView+DSL.m:121,JobsByPods/JobsSwiftDSL@Pods/UIKit/iOS.SDK/UITextView/UITextView+DSL.swift:230; JobsByPods/JobsSwiftDSL@Pods/UIKit/iOS.SDK/UITextView/UITextView+DSL.swift:62,JobsByPods/JobsByOCPods@Pods/Core/UIKit/UITextView/UITextView+Extra/UITextView+Extra.h:60; JobsByPods/JobsByOCPods@Pods/Core/UIKit/UITextView/UITextView+Extra/UITextView+Extra.m:45
UITextView,selectedrange,oc_only,bySelectedRange,,,JobsByPods/JobsOCDSL@Pods/Core/UIKit/UITextView+DSLs/UITextView+DSL/UITextView+DSL.h:35; JobsByPods/JobsOCDSL@Pods/Core/UIKit/UITextView+DSLs/UITextView+DSL/UITextView+DSL.m:57,,
UITextView,smartdashestype,oc_only,bySmartDashesType,,,JobsByPods/JobsOCDSL@Pods/Core/UIKit/UITextView+DSLs/UITextView+DSL/UITextView+DSL.h:58; JobsByPods/JobsOCDSL@Pods/Core/UIKit/UITextView+DSLs/UITextView+DSL/UITextView+DSL.m:241,,
UITextView,smartinsertdeletetype,oc_only,bySmartInsertDeleteType,,,JobsByPods/JobsOCDSL@Pods/Core/UIKit/UITextView+DSLs/UITextView+DSL/UITextView+DSL.h:59; JobsByPods/JobsOCDSL@Pods/Core/UIKit/UITextView+DSLs/UITextView+DSL/UITextView+DSL.m:251,,
UITextView,smartquotestype,oc_only,bySmartQuotesType,,,JobsByPods/JobsOCDSL@Pods/Core/UIKit/UITextView+DSLs/UITextView+DSL/UITextView+DSL.h:57; JobsByPods/JobsOCDSL@Pods/Core/UIKit/UITextView+DSLs/UITextView+DSL/UITextView+DSL.m:231,,
UITextView,spellcheckingtype,oc_only,bySpellCheckingType,,,JobsByPods/JobsOCDSL@Pods/Core/UIKit/UITextView+DSLs/UITextView+DSL/UITextView+DSL.h:56; JobsByPods/JobsOCDSL@Pods/Core/UIKit/UITextView+DSLs/UITextView+DSL/UITextView+DSL.m:222,,
UITextView,text,aligned,byText,byText,byText,JobsByPods/JobsOCDSL@Pods/Core/UIKit/UITextView+DSLs/UITextView+DSL/UITextView+DSL.h:30; JobsByPods/JobsOCDSL@Pods/Core/UIKit/UITextView+DSLs/UITextView+DSL/UITextView+DSL.m:12,JobsByPods/JobsSwiftDSL@Pods/UIKit/iOS.SDK/UITextView/UITextView+DSL.swift:188; JobsByPods/JobsSwiftDSL@Pods/UIKit/iOS.SDK/UITextView/UITextView+DSL.swift:20,JobsByPods/JobsByOCPods@Pods/Core/UIKit/UITextView/UITextView+Extra/UITextView+Extra.h:63; JobsByPods/JobsByOCPods@Pods/Core/UIKit/UITextView/UITextView+Extra/UITextView+Extra.m:72
UITextView,textalignment,aligned,byTextAlignment,byTextAlignment,byTextAlignment,JobsByPods/JobsOCDSL@Pods/Core/UIKit/UITextView+DSLs/UITextView+DSL/UITextView+DSL.h:34; JobsByPods/JobsOCDSL@Pods/Core/UIKit/UITextView+DSLs/UITextView+DSL/UITextView+DSL.m:48,JobsByPods/JobsSwiftDSL@Pods/UIKit/iOS.SDK/UITextView/UITextView+DSL.swift:206; JobsByPods/JobsSwiftDSL@Pods/UIKit/iOS.SDK/UITextView/UITextView+DSL.swift:38,JobsByPods/JobsBaseUI@Pods/Support/UIKit/UITextView/UITextView+Extra/UITextView+Extra.h:41; JobsByPods/JobsBaseUI@Pods/Support/UIKit/UITextView/UITextView+Extra/UITextView+Extra.m:29; JobsByPods/JobsByOCPods@Pods/Core/UIKit/UITextView/UITextView+Extra/UITextView+Extra.h:70; JobsByPods/JobsByOCPods@Pods/Core/UIKit/UITextView/UITextView+Extra/UITextView+Extra.m:135
UITextView,textcolor,aligned,byTextCor,byTextColor,byTextCor,JobsByPods/JobsOCDSL@Pods/Core/UIKit/UITextView+DSLs/UITextView+DSL/UITextView+DSL.h:32; JobsByPods/JobsOCDSL@Pods/Core/UIKit/UITextView+DSLs/UITextView+DSL/UITextView+DSL.m:30,JobsByPods/JobsSwiftDSL@Pods/UIKit/iOS.SDK/UITextView/UITextView+DSL.swift:194; JobsByPods/JobsSwiftDSL@Pods/UIKit/iOS.SDK/UITextView/UITextView+DSL.swift:26,JobsByPods/JobsByOCPods@Pods/Core/UIKit/UITextView/UITextView+Extra/UITextView+Extra.h:64; JobsByPods/JobsByOCPods@Pods/Core/UIKit/UITextView/UITextView+Extra/UITextView+Extra.m:81
UITextView,textcontainer,swift_only,,byTextContainer,,,JobsByPods/JobsSwiftDSL@Pods/UIKit/iOS.SDK/UITextView/UITextView+DSL.swift:363,
UITextView,textcontainerinset,aligned,byTextContainerInset,byTextContainerInset,byTextContainerInset,JobsByPods/JobsOCDSL@Pods/Core/UIKit/UITextView+DSLs/UITextView+DSL/UITextView+DSL.h:38; JobsByPods/JobsOCDSL@Pods/Core/UIKit/UITextView+DSLs/UITextView+DSL/UITextView+DSL.m:85,JobsByPods/JobsSwiftDSL@Pods/UIKit/iOS.SDK/UITextView/UITextView+DSL.swift:116; JobsByPods/JobsSwiftDSL@Pods/UIKit/iOS.SDK/UITextView/UITextView+DSL.swift:285,JobsByPods/JobsBaseUI@Pods/Support/UIKit/UITextView/UITextView+Extra/UITextView+Extra.h:42; JobsByPods/JobsBaseUI@Pods/Support/UIKit/UITextView/UITextView+Extra/UITextView+Extra.m:38; JobsByPods/JobsByOCPods@Pods/Core/UIKit/UITextView/UITextView+Extra/UITextView+Extra.h:71; JobsByPods/JobsByOCPods@Pods/Core/UIKit/UITextView/UITextView+Extra/UITextView+Extra.m:144
UITextView,textcontenttype,oc_only,byTextContentType,,,JobsByPods/JobsOCDSL@Pods/Core/UIKit/UITextView+DSLs/UITextView+DSL/UITextView+DSL.h:62; JobsByPods/JobsOCDSL@Pods/Core/UIKit/UITextView+DSLs/UITextView+DSL/UITextView+DSL.m:279,,
UITextView,textformattingconfiguration,swift_only,,byTextFormattingConfiguration,,,JobsByPods/JobsSwiftDSL@Pods/UIKit/iOS.SDK/UITextView/UITextView+DSL.swift:160; JobsByPods/JobsSwiftDSL@Pods/UIKit/iOS.SDK/UITextView/UITextView+DSL.swift:329,
UITextView,texthighlightattributes,swift_only,,byTextHighlightAttributes,,,JobsByPods/JobsSwiftDSL@Pods/UIKit/iOS.SDK/UITextView/UITextView+DSL.swift:137; JobsByPods/JobsSwiftDSL@Pods/UIKit/iOS.SDK/UITextView/UITextView+DSL.swift:306,
UITextView,typingattributes,aligned,byTypingAttributes,byTypingAttributes,,JobsByPods/JobsOCDSL@Pods/Core/UIKit/UITextView+DSLs/UITextView+DSL/UITextView+DSL.h:36; JobsByPods/JobsOCDSL@Pods/Core/UIKit/UITextView+DSLs/UITextView+DSL/UITextView+DSL.m:66,JobsByPods/JobsSwiftDSL@Pods/UIKit/iOS.SDK/UITextView/UITextView+DSL.swift:218; JobsByPods/JobsSwiftDSL@Pods/UIKit/iOS.SDK/UITextView/UITextView+DSL.swift:50,
UITextView,userinteractionenabled,support_only,,,byUserInteractionEnabled,,,JobsByPods/JobsByOCPods@Pods/Core/UIKit/UITextView/UITextView+Extra/UITextView+Extra.h:66; JobsByPods/JobsByOCPods@Pods/Core/UIKit/UITextView/UITextView+Extra/UITextView+Extra.m:99
UITextView,usesstandardtextscaling,swift_only,,byUsesStandardTextScaling,,,JobsByPods/JobsSwiftDSL@Pods/UIKit/iOS.SDK/UITextView/UITextView+DSL.swift:110; JobsByPods/JobsSwiftDSL@Pods/UIKit/iOS.SDK/UITextView/UITextView+DSL.swift:279,
UITextView,widthtrackstextview,oc_only,byWidthTracksTextView,,,JobsByPods/JobsOCDSL@Pods/Core/UIKit/UITextView+DSLs/UITextView+DSL/UITextView+DSL.h:71; JobsByPods/JobsOCDSL@Pods/Core/UIKit/UITextView+DSLs/UITextView+DSL/UITextView+DSL.m:346,,
UITextView,writingtoolsbehavior,aligned,byWritingToolsBehavior,byWritingToolsBehavior,,JobsByPods/JobsOCDSL@Pods/Core/UIKit/UITextView+DSLs/UITextView+DSL/UITextView+DSL.h:63; JobsByPods/JobsOCDSL@Pods/Core/UIKit/UITextView+DSLs/UITextView+DSL/UITextView+DSL.m:289,JobsByPods/JobsSwiftDSL@Pods/UIKit/iOS.SDK/UITextView/UITextView+DSL.swift:144; JobsByPods/JobsSwiftDSL@Pods/UIKit/iOS.SDK/UITextView/UITextView+DSL.swift:313,
UIToolbar,barstyle,swift_only,,byBarStyle,,,JobsByPods/JobsSwiftDSL@Pods/UIKit/iOS.SDK/UIToolbar/UIToolbar+DSL.swift:117; JobsByPods/JobsSwiftDSL@Pods/UIKit/iOS.SDK/UIToolbar/UIToolbar+DSL.swift:29,
UIToolbar,bartintcolor,swift_only,,byBarTintColor,,,JobsByPods/JobsSwiftDSL@Pods/UIKit/iOS.SDK/UIToolbar/UIToolbar+DSL.swift:135; JobsByPods/JobsSwiftDSL@Pods/UIKit/iOS.SDK/UIToolbar/UIToolbar+DSL.swift:47,
UIToolbar,compactappearance,swift_only,,byCompactAppearance,,,JobsByPods/JobsSwiftDSL@Pods/UIKit/iOS.SDK/UIToolbar/UIToolbar+DSL.swift:148; JobsByPods/JobsSwiftDSL@Pods/UIKit/iOS.SDK/UIToolbar/UIToolbar+DSL.swift:76,
UIToolbar,compactscrolledgeappearance,swift_only,,byCompactScrollEdgeAppearance,,,JobsByPods/JobsSwiftDSL@Pods/UIKit/iOS.SDK/UIToolbar/UIToolbar+DSL.swift:162; JobsByPods/JobsSwiftDSL@Pods/UIKit/iOS.SDK/UIToolbar/UIToolbar+DSL.swift:90,
UIToolbar,delegate,swift_only,,byDelegate,,,JobsByPods/JobsSwiftDSL@Pods/UIKit/iOS.SDK/UIToolbar/UIToolbar+DSL.swift:169; JobsByPods/JobsSwiftDSL@Pods/UIKit/iOS.SDK/UIToolbar/UIToolbar+DSL.swift:96,
UIToolbar,items,swift_only,,byItems,,,JobsByPods/JobsSwiftDSL@Pods/UIKit/iOS.SDK/UIToolbar/UIToolbar+DSL.swift:111; JobsByPods/JobsSwiftDSL@Pods/UIKit/iOS.SDK/UIToolbar/UIToolbar+DSL.swift:23,
UIToolbar,itemsanimated,swift_only,,byItemsAnimated,,,JobsByPods/JobsSwiftDSL@Pods/UIKit/iOS.SDK/UIToolbar/UIToolbar+DSL.swift:105; JobsByPods/JobsSwiftDSL@Pods/UIKit/iOS.SDK/UIToolbar/UIToolbar+DSL.swift:18,
UIToolbar,scrolledgeappearance,swift_only,,byScrollEdgeAppearance,,,JobsByPods/JobsSwiftDSL@Pods/UIKit/iOS.SDK/UIToolbar/UIToolbar+DSL.swift:155; JobsByPods/JobsSwiftDSL@Pods/UIKit/iOS.SDK/UIToolbar/UIToolbar+DSL.swift:83,
UIToolbar,standardappearance,swift_only,,byStandardAppearance,,,JobsByPods/JobsSwiftDSL@Pods/UIKit/iOS.SDK/UIToolbar/UIToolbar+DSL.swift:141; JobsByPods/JobsSwiftDSL@Pods/UIKit/iOS.SDK/UIToolbar/UIToolbar+DSL.swift:69,
UIToolbar,tintcolor,swift_only,,byTintColor,,,JobsByPods/JobsSwiftDSL@Pods/UIKit/iOS.SDK/UIToolbar/UIToolbar+DSL.swift:129; JobsByPods/JobsSwiftDSL@Pods/UIKit/iOS.SDK/UIToolbar/UIToolbar+DSL.swift:41,
UIToolbar,translucent,swift_only,,byTranslucent,,,JobsByPods/JobsSwiftDSL@Pods/UIKit/iOS.SDK/UIToolbar/UIToolbar+DSL.swift:123; JobsByPods/JobsSwiftDSL@Pods/UIKit/iOS.SDK/UIToolbar/UIToolbar+DSL.swift:35,
UIToolbarAppearance,buttonappearance,swift_only,,byButtonAppearance,,,JobsByPods/JobsByUIKit@Pods/iOS.SDK/UIToolbar/UIToolbarAppearance.swift:38,
UIToolbarAppearance,configurewithdefaultbackground,swift_only,,byConfigureWithDefaultBackground,,,JobsByPods/JobsByUIKit@Pods/iOS.SDK/UIToolbar/UIToolbarAppearance.swift:20,
UIToolbarAppearance,configurewithopaquebackground,swift_only,,byConfigureWithOpaqueBackground,,,JobsByPods/JobsByUIKit@Pods/iOS.SDK/UIToolbar/UIToolbarAppearance.swift:26,
UIToolbarAppearance,configurewithtransparentbackground,swift_only,,byConfigureWithTransparentBackground,,,JobsByPods/JobsByUIKit@Pods/iOS.SDK/UIToolbar/UIToolbarAppearance.swift:32,
UIToolbarAppearance,donebuttonappearance,swift_only,,byDoneButtonAppearance,,,JobsByPods/JobsByUIKit@Pods/iOS.SDK/UIToolbar/UIToolbarAppearance.swift:44,
UIView,activate,swift_only,,byActivate,,,JobsByPods/JobsSwiftDSL@Pods/UIKit/iOS.SDK/UIView/UIView+DSL.swift:628,
UIView,add,swift_only,,byAdd,,,JobsByPods/JobsByUIKit@Pods/iOS.SDK/UIView/UIView+SnapKit.swift:47,
UIView,addarranged,swift_only,,byAddArranged,,,JobsByPods/JobsSwiftDSL@Pods/UIKit/iOS.SDK/UIView/UIView+DSL.swift:422,
UIView,addby,oc_only,addBy,,,JobsByPods/JobsOCDSL@Pods/Core/UIKit/UIView+DSLs/UIView+DSL/UIView+DSL.h:228; JobsByPods/JobsOCDSL@Pods/Core/UIKit/UIView+DSLs/UIView+DSL/UIView+DSL.m:457,,
UIView,addconstraintsclosure,swift_only,,byAddConstraintsClosure,,,JobsByPods/JobsByUIKit@Pods/iOS.SDK/UIView/UIView+SnapKit.swift:40,
UIView,adddoubletapgr,oc_only,addDoubleTapGR,,,JobsByPods/JobsOCDSL@Pods/Core/UIKit/UIView+DSLs/UIView+Gesture/UIView+Gesture/UIView+Gesture.h:101; JobsByPods/JobsOCDSL@Pods/Core/UIKit/UIView+DSLs/UIView+Gesture/UIView+Gesture/UIView+Gesture.m:411,,
UIView,addgesture,oc_only,addGesture,,addGesture,JobsByPods/JobsOCDSL@Pods/Support/UIKit/UIView/UIView+Extra/UIView+Extra.h:23; JobsByPods/JobsOCDSL@Pods/Support/UIKit/UIView/UIView+Extra/UIView+Extra.m:12,,JobsByPods/JobsBaseUI@Pods/Support/UIKit/UIView/UIView+Extra/UIView+Extra.h:76; JobsByPods/JobsBaseUI@Pods/Support/UIKit/UIView/UIView+Extra/UIView+Extra.m:79; JobsByPods/JobsByOCPods@Pods/Core/UIKit/UIView/UIView+Extra/UIView+Extra.h:158; JobsByPods/JobsByOCPods@Pods/Core/UIKit/UIView/UIView+Extra/UIView+Extra.m:715
UIView,addgesturerecognizer,oc_only,"addGestureRecognizer, byAddGestureRecognizer",,addGestureRecognizer,JobsByPods/JobsOCDSL@Pods/Core/UIKit/UIView+DSLs/UIView+DSL/UIView+DSL.h:235; JobsByPods/JobsOCDSL@Pods/Core/UIKit/UIView+DSLs/UIView+DSL/UIView+DSL.m:493; JobsByPods/JobsOCDSL@Pods/Support/UIKit/UIView/UIView+Extra/UIView+Extra.h:24; JobsByPods/JobsOCDSL@Pods/Support/UIKit/UIView/UIView+Extra/UIView+Extra.m:21,,JobsByPods/JobsBaseUI@Pods/Support/UIKit/UIView/UIView+Extra/UIView+Extra.h:77; JobsByPods/JobsBaseUI@Pods/Support/UIKit/UIView/UIView+Extra/UIView+Extra.m:88; JobsByPods/JobsByOCPods@Pods/Core/UIKit/UIView/UIView+Extra/UIView+Extra.h:159; JobsByPods/JobsByOCPods@Pods/Core/UIKit/UIView/UIView+Extra/UIView+Extra.m:724; JobsByPods/JobsByOCPods@Pods/Core/UIKit/UIView/UIView+JHGestureBlock/UIView+JHGestureBlock.h:27; JobsByPods/JobsByOCPods@Pods/Core/UIKit/UIView/UIView+JHGestureBlock/UIView+JHGestureBlock.m:13
UIView,addgesturerecognizergr,oc_only,addGestureRecognizerGR,,,JobsByPods/JobsOCDSL@Pods/Core/UIKit/UIView+DSLs/UIView+Gesture/UIView+Gesture/UIView+Gesture.h:97; JobsByPods/JobsOCDSL@Pods/Core/UIKit/UIView+DSLs/UIView+Gesture/UIView+Gesture/UIView+Gesture.m:393,,
UIView,addgr,oc_only,addGR,,,JobsByPods/JobsOCDSL@Pods/Core/UIKit/UIView+DSLs/UIView+Gesture/UIView+Gesture/UIView+Gesture.h:95; JobsByPods/JobsOCDSL@Pods/Core/UIKit/UIView+DSLs/UIView+Gesture/UIView+Gesture/UIView+Gesture.m:381,,
UIView,addinteraction,oc_only,byAddInteraction,,addInteraction,JobsByPods/JobsOCDSL@Pods/Core/UIKit/UIView+DSLs/UIView+DSL/UIView+DSL.h:237; JobsByPods/JobsOCDSL@Pods/Core/UIKit/UIView+DSLs/UIView+DSL/UIView+DSL.m:511,,JobsByPods/JobsByOCPods@Pods/Core/UIKit/UIView/UIView+Extra/UIView+Extra.h:161; JobsByPods/JobsByOCPods@Pods/Core/UIKit/UIView/UIView+Extra/UIView+Extra.m:741
UIView,addlongpressaction,swift_only,,addLongPressAction,,,JobsByPods/JobsByUIKit@Pods/iOS.SDK/UIView/UIView+手势（支持叠加不覆盖）.swift:383,
UIView,addlongpressactionappend,swift_only,,addLongPressActionAppend,,,JobsByPods/JobsByUIKit@Pods/iOS.SDK/UIView/UIView+手势（支持叠加不覆盖）.swift:388,
UIView,addlongpressgr,oc_only,addLongPressGR,,,JobsByPods/JobsOCDSL@Pods/Core/UIKit/UIView+DSLs/UIView+Gesture/UIView+Gesture/UIView+Gesture.h:103; JobsByPods/JobsOCDSL@Pods/Core/UIKit/UIView+DSLs/UIView+Gesture/UIView+Gesture/UIView+Gesture.m:425,,
UIView,addon,oc_only,addOn,,addOn,JobsByPods/JobsOCDSL@Pods/Core/UIKit/UIView+DSLs/UIView+DSL/UIView+DSL.h:226; JobsByPods/JobsOCDSL@Pods/Core/UIKit/UIView+DSLs/UIView+DSL/UIView+DSL.m:448,,JobsByPods/JobsByOCPods@Pods/Core/UIKit/UIView/UIView+Extra/UIView+Extra.h:163
UIView,addpanaction,swift_only,,addPanAction,,,JobsByPods/JobsByUIKit@Pods/iOS.SDK/UIView/UIView+手势（支持叠加不覆盖）.swift:462,
UIView,addpanactionappend,swift_only,,addPanActionAppend,,,JobsByPods/JobsByUIKit@Pods/iOS.SDK/UIView/UIView+手势（支持叠加不覆盖）.swift:467,
UIView,addpangr,oc_only,addPanGR,,,JobsByPods/JobsOCDSL@Pods/Core/UIKit/UIView+DSLs/UIView+Gesture/UIView+Gesture/UIView+Gesture.h:107; JobsByPods/JobsOCDSL@Pods/Core/UIKit/UIView+DSLs/UIView+Gesture/UIView+Gesture/UIView+Gesture.m:453,,
UIView,addpinchaction,swift_only,,addPinchAction,,,JobsByPods/JobsByUIKit@Pods/iOS.SDK/UIView/UIView+手势（支持叠加不覆盖）.swift:563; JobsByPods/JobsByUIKit@Pods/iOS.SDK/UIView/UIView+手势（支持叠加不覆盖）.swift:606,
UIView,addpinchactionappend,swift_only,,addPinchActionAppend,,,JobsByPods/JobsByUIKit@Pods/iOS.SDK/UIView/UIView+手势（支持叠加不覆盖）.swift:588; JobsByPods/JobsByUIKit@Pods/iOS.SDK/UIView/UIView+手势（支持叠加不覆盖）.swift:611,
UIView,addpinchactionmulti,swift_only,,addPinchActionMulti,,,JobsByPods/JobsByUIKit@Pods/iOS.SDK/UIView/UIView+手势（支持叠加不覆盖）.swift:999,
UIView,addpinchgr,oc_only,addPinchGR,,,JobsByPods/JobsOCDSL@Pods/Core/UIKit/UIView+DSLs/UIView+Gesture/UIView+Gesture/UIView+Gesture.h:109; JobsByPods/JobsOCDSL@Pods/Core/UIKit/UIView+DSLs/UIView+Gesture/UIView+Gesture/UIView+Gesture.m:467,,
UIView,addrotationaction,swift_only,,addRotationAction,,,JobsByPods/JobsByUIKit@Pods/iOS.SDK/UIView/UIView+手势（支持叠加不覆盖）.swift:625; JobsByPods/JobsByUIKit@Pods/iOS.SDK/UIView/UIView+手势（支持叠加不覆盖）.swift:667,
UIView,addrotationactionappend,swift_only,,addRotationActionAppend,,,JobsByPods/JobsByUIKit@Pods/iOS.SDK/UIView/UIView+手势（支持叠加不覆盖）.swift:649; JobsByPods/JobsByUIKit@Pods/iOS.SDK/UIView/UIView+手势（支持叠加不覆盖）.swift:672,
UIView,addrotationactionmulti,swift_only,,addRotationActionMulti,,,JobsByPods/JobsByUIKit@Pods/iOS.SDK/UIView/UIView+手势（支持叠加不覆盖）.swift:1040,
UIView,addrotationgr,oc_only,addRotationGR,,,JobsByPods/JobsOCDSL@Pods/Core/UIKit/UIView+DSLs/UIView+Gesture/UIView+Gesture/UIView+Gesture.h:111; JobsByPods/JobsOCDSL@Pods/Core/UIKit/UIView+DSLs/UIView+Gesture/UIView+Gesture/UIView+Gesture.m:481,,
UIView,addscreenedgepangr,oc_only,addScreenEdgePanGR,,,JobsByPods/JobsOCDSL@Pods/Core/UIKit/UIView+DSLs/UIView+Gesture/UIView+Gesture/UIView+Gesture.h:113; JobsByPods/JobsOCDSL@Pods/Core/UIKit/UIView+DSLs/UIView+Gesture/UIView+Gesture/UIView+Gesture.m:495,,
UIView,addsublayer,swift_only,,byAddSublayer,,,JobsByPods/JobsSwiftDSL@Pods/UIKit/iOS.SDK/UIView/UIView+DSL.swift:446,
UIView,addsubview,support_only,,,addSubview,,,JobsByPods/JobsByOCPods@Pods/Core/UIKit/UIView/UIView+Extra/UIView+Extra.h:164; JobsByPods/JobsByOCPods@Pods/Core/UIKit/UIView/UIView+Extra/UIView+Extra.m:759
UIView,addsubviewretsuper,swift_only,,byAddSubviewRetSuper,,,JobsByPods/JobsSwiftDSL@Pods/UIKit/iOS.SDK/UIView/UIView+DSL.swift:478,
UIView,addswipeaction,swift_only,,addSwipeAction,,,JobsByPods/JobsByUIKit@Pods/iOS.SDK/UIView/UIView+手势（支持叠加不覆盖）.swift:547,
UIView,addswipeactionappend,swift_only,,addSwipeActionAppend,,,JobsByPods/JobsByUIKit@Pods/iOS.SDK/UIView/UIView+手势（支持叠加不覆盖）.swift:552,
UIView,addswipegr,oc_only,addSwipeGR,,,JobsByPods/JobsOCDSL@Pods/Core/UIKit/UIView+DSLs/UIView+Gesture/UIView+Gesture/UIView+Gesture.h:105; JobsByPods/JobsOCDSL@Pods/Core/UIKit/UIView+DSLs/UIView+Gesture/UIView+Gesture/UIView+Gesture.m:439,,
UIView,addtapaction,swift_only,,addTapAction,,,JobsByPods/JobsByUIKit@Pods/iOS.SDK/UIView/UIView+手势（支持叠加不覆盖）.swift:256; JobsByPods/JobsByUIKit@Pods/iOS.SDK/UIView/UIView+手势（支持叠加不覆盖）.swift:262,
UIView,addtapactionappend,swift_only,,addTapActionAppend,,,JobsByPods/JobsByUIKit@Pods/iOS.SDK/UIView/UIView+手势（支持叠加不覆盖）.swift:280; JobsByPods/JobsByUIKit@Pods/iOS.SDK/UIView/UIView+手势（支持叠加不覆盖）.swift:285,
UIView,addtapgr,oc_only,addTapGR,,,JobsByPods/JobsOCDSL@Pods/Core/UIKit/UIView+DSLs/UIView+Gesture/UIView+Gesture/UIView+Gesture.h:99; JobsByPods/JobsOCDSL@Pods/Core/UIKit/UIView+DSLs/UIView+Gesture/UIView+Gesture/UIView+Gesture.m:397,,
UIView,addviewanimationwithcompletionblock,support_only,,,addViewAnimationWithCompletionBlock,,,JobsByPods/JobsByOCPods@Pods/Core/UIKit/UIView/UIView+Animation/UIView+Animation.h:84; JobsByPods/JobsByOCPods@Pods/Core/UIKit/UIView/UIView+Animation/UIView+Animation.m:119
UIView,allowablemovement,oc_only,byAllowableMovement,,,JobsByPods/JobsOCDSL@Pods/Core/UIKit/UIView+DSLs/UIView+Gesture/UIView+Gesture/UIView+Gesture.h:81; JobsByPods/JobsOCDSL@Pods/Core/UIKit/UIView+DSLs/UIView+Gesture/UIView+Gesture/UIView+Gesture.m:326,,
UIView,allowedscrolltypesmask,oc_only,byAllowedScrollTypesMask,,,JobsByPods/JobsOCDSL@Pods/Core/UIKit/UIView+DSLs/UIView+Gesture/UIView+Gesture/UIView+Gesture.h:85; JobsByPods/JobsOCDSL@Pods/Core/UIKit/UIView+DSLs/UIView+Gesture/UIView+Gesture/UIView+Gesture.m:344,,
UIView,alpha,aligned,byAlpha,byAlpha,,JobsByPods/JobsOCDSL@Pods/Core/UIKit/UIView+DSLs/UIView+DSL/UIView+DSL.h:193; JobsByPods/JobsOCDSL@Pods/Core/UIKit/UIView+DSLs/UIView+DSL/UIView+DSL.m:221,JobsByPods/JobsSwiftDSL@Pods/UIKit/iOS.SDK/UIView/UIView+DSL.swift:235; JobsByPods/JobsSwiftDSL@Pods/UIKit/iOS.SDK/UIView/UIView+DSL.swift:24,
UIView,anchorpoint,aligned,byAnchorPoint,byAnchorPoint,,JobsByPods/JobsOCDSL@Pods/Core/UIKit/UIView+DSLs/UIView+DSL/UIView+DSL.h:173; JobsByPods/JobsOCDSL@Pods/Core/UIKit/UIView+DSLs/UIView+DSL/UIView+DSL.m:88,JobsByPods/JobsSwiftDSL@Pods/UIKit/iOS.SDK/UIView/UIView+DSL.swift:138; JobsByPods/JobsSwiftDSL@Pods/UIKit/iOS.SDK/UIView/UIView+DSL.swift:330,
UIView,animated,swift_only,,byAnimated,,,JobsByPods/JobsByUIKit@Pods/iOS.SDK/UIView/UIView+悬浮.swift:92,
UIView,autolayout,swift_only,,byAutoLayout,,,JobsByPods/JobsSwiftDSL@Pods/UIKit/iOS.SDK/UIView/UIView+DSL.swift:214,
UIView,autoresizessubviews,aligned,byAutoresizesSubviews,byAutoresizesSubviews,,JobsByPods/JobsOCDSL@Pods/Core/UIKit/UIView+DSLs/UIView+DSL/UIView+DSL.h:205; JobsByPods/JobsOCDSL@Pods/Core/UIKit/UIView+DSLs/UIView+DSL/UIView+DSL.m:316,JobsByPods/JobsSwiftDSL@Pods/UIKit/iOS.SDK/UIView/UIView+DSL.swift:156; JobsByPods/JobsSwiftDSL@Pods/UIKit/iOS.SDK/UIView/UIView+DSL.swift:348,
UIView,autoresizingmask,aligned,byAutoresizingMask,byAutoresizingMask,,JobsByPods/JobsOCDSL@Pods/Core/UIKit/UIView+DSLs/UIView+DSL/UIView+DSL.h:206; JobsByPods/JobsOCDSL@Pods/Core/UIKit/UIView+DSLs/UIView+DSL/UIView+DSL.m:325,JobsByPods/JobsSwiftDSL@Pods/UIKit/iOS.SDK/UIView/UIView+DSL.swift:162; JobsByPods/JobsSwiftDSL@Pods/UIKit/iOS.SDK/UIView/UIView+DSL.swift:354,
UIView,backgroundcolor,oc_only,byBgColor,,,JobsByPods/JobsOCDSL@Pods/Core/UIKit/UIView+DSLs/UIView+DSL/UIView+DSL.h:192; JobsByPods/JobsOCDSL@Pods/Core/UIKit/UIView+DSLs/UIView+DSL/UIView+DSL.m:212,,
UIView,bordercolor,swift_only,,byBorderColor,,,JobsByPods/JobsSwiftDSL@Pods/UIKit/iOS.SDK/UIView/UIView+DSL.swift:266; JobsByPods/JobsSwiftDSL@Pods/UIKit/iOS.SDK/UIView/UIView+DSL.swift:75,
UIView,borderwidth,swift_only,,byBorderWidth,,,JobsByPods/JobsSwiftDSL@Pods/UIKit/iOS.SDK/UIView/UIView+DSL.swift:279; JobsByPods/JobsSwiftDSL@Pods/UIKit/iOS.SDK/UIView/UIView+DSL.swift:87,
UIView,bottom,aligned,byBottom,byBottom,,JobsByPods/JobsOCDSL@Pods/Core/UIKit/UIView+DSLs/UIView+DSL/UIView+DSL.h:108; JobsByPods/JobsOCDSL@Pods/Core/UIKit/UIView+DSLs/UIView+DSL/UIView+DSL.m:912,JobsByPods/JobsSwiftDSL@Pods/UIKit/iOS.SDK/UIView/UIView+修改位置大小.swift:177,
UIView,bounds,aligned,byBounds,byBounds,,JobsByPods/JobsOCDSL@Pods/Core/UIKit/UIView+DSLs/UIView+DSL/UIView+DSL.h:168; JobsByPods/JobsOCDSL@Pods/Core/UIKit/UIView+DSLs/UIView+DSL/UIView+DSL.m:43,JobsByPods/JobsSwiftDSL@Pods/UIKit/iOS.SDK/UIView/UIView+修改位置大小.swift:126,
UIView,boundsheight,swift_only,,byBoundsHeight,,,JobsByPods/JobsSwiftDSL@Pods/UIKit/iOS.SDK/UIView/UIView+修改位置大小.swift:225,
UIView,boundsorigin,swift_only,,byBoundsOrigin,,,JobsByPods/JobsSwiftDSL@Pods/UIKit/iOS.SDK/UIView/UIView+修改位置大小.swift:207,
UIView,boundssize,swift_only,,byBoundsSize,,,JobsByPods/JobsSwiftDSL@Pods/UIKit/iOS.SDK/UIView/UIView+修改位置大小.swift:213,
UIView,boundswidth,swift_only,,byBoundsWidth,,,JobsByPods/JobsSwiftDSL@Pods/UIKit/iOS.SDK/UIView/UIView+修改位置大小.swift:219,
UIView,bringsubviewtofront,oc_only,byBringSubviewToFront,,,JobsByPods/JobsOCDSL@Pods/Core/UIKit/UIView+DSLs/UIView+DSL/UIView+DSL.h:230; JobsByPods/JobsOCDSL@Pods/Core/UIKit/UIView+DSLs/UIView+DSL/UIView+DSL.m:466,,
UIView,bringtofront,swift_only,,byBringToFront,,,JobsByPods/JobsSwiftDSL@Pods/UIKit/iOS.SDK/UIView/UIView+DSL.swift:532,
UIView,center,aligned,byCenter,byCenter,,JobsByPods/JobsOCDSL@Pods/Core/UIKit/UIView+DSLs/UIView+DSL/UIView+DSL.h:118; JobsByPods/JobsOCDSL@Pods/Core/UIKit/UIView+DSLs/UIView+DSL/UIView+DSL.m:957,JobsByPods/JobsSwiftDSL@Pods/UIKit/iOS.SDK/UIView/UIView+修改位置大小.swift:120,
UIView,centerpoint,oc_only,byCenterPoint,,,JobsByPods/JobsOCDSL@Pods/Core/UIKit/UIView+DSLs/UIView+DSL/UIView+DSL.h:169; JobsByPods/JobsOCDSL@Pods/Core/UIKit/UIView+DSLs/UIView+DSL/UIView+DSL.m:52,,
UIView,centerx,aligned,byCenterX,byCenterX,,JobsByPods/JobsOCDSL@Pods/Core/UIKit/UIView+DSLs/UIView+DSL/UIView+DSL.h:114; JobsByPods/JobsOCDSL@Pods/Core/UIKit/UIView+DSLs/UIView+DSL/UIView+DSL.m:939,JobsByPods/JobsSwiftDSL@Pods/UIKit/iOS.SDK/UIView/UIView+修改位置大小.swift:147,
UIView,centery,aligned,byCenterY,byCenterY,,JobsByPods/JobsOCDSL@Pods/Core/UIKit/UIView+DSLs/UIView+DSL/UIView+DSL.h:116; JobsByPods/JobsOCDSL@Pods/Core/UIKit/UIView+DSLs/UIView+DSL/UIView+DSL.m:948,JobsByPods/JobsSwiftDSL@Pods/UIKit/iOS.SDK/UIView/UIView+修改位置大小.swift:153,
UIView,clearscontextbeforedrawing,oc_only,byClearsContextBeforeDrawing,,,JobsByPods/JobsOCDSL@Pods/Core/UIKit/UIView+DSLs/UIView+DSL/UIView+DSL.h:195; JobsByPods/JobsOCDSL@Pods/Core/UIKit/UIView+DSLs/UIView+DSL/UIView+DSL.m:239,,
UIView,clipstobounds,aligned,byClipsToBounds,byClipsToBounds,,JobsByPods/JobsOCDSL@Pods/Core/UIKit/UIView+DSLs/UIView+DSL/UIView+DSL.h:191; JobsByPods/JobsOCDSL@Pods/Core/UIKit/UIView+DSLs/UIView+DSL/UIView+DSL.m:203,JobsByPods/JobsSwiftDSL@Pods/UIKit/iOS.SDK/UIView/UIView+DSL.swift:247; JobsByPods/JobsSwiftDSL@Pods/UIKit/iOS.SDK/UIView/UIView+DSL.swift:52,
UIView,colornerconfiguration,oc_only,byCornerConfiguration,,,JobsByPods/JobsOCDSL@Pods/Core/UIKit/UIView+DSLs/UIView+DSL/UIView+DSL.h:222; JobsByPods/JobsOCDSL@Pods/Core/UIKit/UIView+DSLs/UIView+DSL/UIView+DSL.m:435,,
UIView,colornerradius,aligned,byCornerRadius,byCornerRadius,,JobsByPods/JobsOCDSL@Pods/Core/UIKit/UIView+DSLs/UIView+DSL/UIView+DSL.h:190; JobsByPods/JobsOCDSL@Pods/Core/UIKit/UIView+DSLs/UIView+DSL/UIView+DSL.m:194,JobsByPods/JobsSwiftDSL@Pods/UIKit/iOS.SDK/UIView/UIView+DSL.swift:241; JobsByPods/JobsSwiftDSL@Pods/UIKit/iOS.SDK/UIView/UIView+DSL.swift:30,
UIView,colornerraduis,swift_only,,byCornerRaduis,,,JobsByPods/JobsSwiftDSL@Pods/UIKit/iOS.SDK/UIView/UIView+DSL.swift:466,
UIView,confineincontainer,swift_only,,byConfineInContainer,,,JobsByPods/JobsByUIKit@Pods/iOS.SDK/UIView/UIView+悬浮.swift:100,
UIView,constraints,swift_only,,byConstraints,,,JobsByPods/JobsSwiftDSL@Pods/UIKit/iOS.SDK/UIView/UIView+DSL.swift:639,
UIView,container,swift_only,,byContainer,,,JobsByPods/JobsByUIKit@Pods/iOS.SDK/UIView/UIView+悬浮.swift:72,
UIView,contentmode,aligned,byContentMode,byContentMode,,JobsByPods/JobsOCDSL@Pods/Core/UIKit/UIView+DSLs/UIView+DSL/UIView+DSL.h:198; JobsByPods/JobsOCDSL@Pods/Core/UIKit/UIView+DSLs/UIView+DSL/UIView+DSL.m:271,JobsByPods/JobsSwiftDSL@Pods/UIKit/iOS.SDK/UIView/UIView+DSL.swift:196; JobsByPods/JobsSwiftDSL@Pods/UIKit/iOS.SDK/UIView/UIView+DSL.swift:388,
UIView,contentscalefactor,aligned,byContentScaleFactor,byContentScaleFactor,,JobsByPods/JobsOCDSL@Pods/Core/UIKit/UIView+DSLs/UIView+DSL/UIView+DSL.h:172; JobsByPods/JobsOCDSL@Pods/Core/UIKit/UIView+DSLs/UIView+DSL/UIView+DSL.m:79,JobsByPods/JobsSwiftDSL@Pods/UIKit/iOS.SDK/UIView/UIView+DSL.swift:131; JobsByPods/JobsSwiftDSL@Pods/UIKit/iOS.SDK/UIView/UIView+DSL.swift:323,
UIView,directionallayoutmargins,aligned,byDirectionalLayoutMargins,byDirectionalLayoutMargins,,JobsByPods/JobsOCDSL@Pods/Core/UIKit/UIView+DSLs/UIView+DSL/UIView+DSL.h:208; JobsByPods/JobsOCDSL@Pods/Core/UIKit/UIView+DSLs/UIView+DSL/UIView+DSL.m:344,JobsByPods/JobsSwiftDSL@Pods/UIKit/iOS.SDK/UIView/UIView+DSL.swift:176; JobsByPods/JobsSwiftDSL@Pods/UIKit/iOS.SDK/UIView/UIView+DSL.swift:368,
UIView,docking,swift_only,,byDocking,,,JobsByPods/JobsByUIKit@Pods/iOS.SDK/UIView/UIView+悬浮.swift:80,
UIView,draggable,swift_only,,byDraggable,,,JobsByPods/JobsByUIKit@Pods/iOS.SDK/UIView/UIView+悬浮.swift:88,
UIView,exchangesubview,swift_only,,byExchangeSubview,,,JobsByPods/JobsSwiftDSL@Pods/UIKit/iOS.SDK/UIView/UIView+DSL.swift:526,
UIView,exclusivetouch,aligned,byExclusiveTouch,byExclusiveTouch,,JobsByPods/JobsOCDSL@Pods/Core/UIKit/UIView+DSLs/UIView+DSL/UIView+DSL.h:178; JobsByPods/JobsOCDSL@Pods/Core/UIKit/UIView+DSLs/UIView+DSL/UIView+DSL.m:125,JobsByPods/JobsSwiftDSL@Pods/UIKit/iOS.SDK/UIView/UIView+DSL.swift:150; JobsByPods/JobsSwiftDSL@Pods/UIKit/iOS.SDK/UIView/UIView+DSL.swift:342,
UIView,fallbacksize,swift_only,,byFallbackSize,,,JobsByPods/JobsByUIKit@Pods/iOS.SDK/UIView/UIView+悬浮.swift:76,
UIView,focuseffect,oc_only,byFocusEffect,,,JobsByPods/JobsOCDSL@Pods/Core/UIKit/UIView+DSLs/UIView+DSL/UIView+DSL.h:219; JobsByPods/JobsOCDSL@Pods/Core/UIKit/UIView+DSLs/UIView+DSL/UIView+DSL.m:424,,
UIView,focusgroupidentifier,oc_only,byFocusGroupIdentifier,,,JobsByPods/JobsOCDSL@Pods/Core/UIKit/UIView+DSLs/UIView+DSL/UIView+DSL.h:217; JobsByPods/JobsOCDSL@Pods/Core/UIKit/UIView+DSLs/UIView+DSL/UIView+DSL.m:404,,
UIView,focusgrouppriority,oc_only,byFocusGroupPriority,,,JobsByPods/JobsOCDSL@Pods/Core/UIKit/UIView+DSLs/UIView+DSL/UIView+DSL.h:218; JobsByPods/JobsOCDSL@Pods/Core/UIKit/UIView+DSLs/UIView+DSL/UIView+DSL.m:414,,
UIView,frame,aligned,byFrame,byFrame,,JobsByPods/JobsOCDSL@Pods/Core/UIKit/UIView+DSLs/UIView+DSL/UIView+DSL.h:167; JobsByPods/JobsOCDSL@Pods/Core/UIKit/UIView+DSLs/UIView+DSL/UIView+DSL.m:34,JobsByPods/JobsSwiftDSL@Pods/UIKit/iOS.SDK/UIView/UIView+修改位置大小.swift:114; JobsByPods/JobsSwiftDSL@Pods/UIKit/iOS.SDK/UIView/UIView+修改位置大小.swift:287,
UIView,hapticondock,swift_only,,byHapticOnDock,,,JobsByPods/JobsByUIKit@Pods/iOS.SDK/UIView/UIView+悬浮.swift:96,
UIView,height,aligned,byHeight,byHeight,,JobsByPods/JobsOCDSL@Pods/Core/UIKit/UIView+DSLs/UIView+DSL/UIView+DSL.h:112; JobsByPods/JobsOCDSL@Pods/Core/UIKit/UIView+DSLs/UIView+DSL/UIView+DSL.m:930,JobsByPods/JobsSwiftDSL@Pods/UIKit/iOS.SDK/UIView/UIView+修改位置大小.swift:195,
UIView,heightoffset,swift_only,,byHeightOffset,,,JobsByPods/JobsSwiftDSL@Pods/UIKit/iOS.SDK/UIView/UIView+修改位置大小.swift:242,
UIView,hidden,aligned,byHidden,byHidden,,JobsByPods/JobsOCDSL@Pods/Core/UIKit/UIView+DSLs/UIView+DSL/UIView+DSL.h:196; JobsByPods/JobsOCDSL@Pods/Core/UIKit/UIView+DSLs/UIView+DSL/UIView+DSL.m:248,JobsByPods/JobsSwiftDSL@Pods/UIKit/iOS.SDK/UIView/UIView+DSL.swift:18; JobsByPods/JobsSwiftDSL@Pods/UIKit/iOS.SDK/UIView/UIView+DSL.swift:229,
UIView,hideskeleton,swift_only,,byHideSkeleton,,,JobsByPods/JobsByUIKit@Pods/iOS.SDK/UIView/UIView+SkeletonView.swift:87,
UIView,initialorigin,swift_only,,byInitialOrigin,,,JobsByPods/JobsByUIKit@Pods/iOS.SDK/UIView/UIView+悬浮.swift:84,
UIView,insertsublayer,swift_only,,byInsertSublayer,,,JobsByPods/JobsSwiftDSL@Pods/UIKit/iOS.SDK/UIView/UIView+DSL.swift:428; JobsByPods/JobsSwiftDSL@Pods/UIKit/iOS.SDK/UIView/UIView+DSL.swift:434; JobsByPods/JobsSwiftDSL@Pods/UIKit/iOS.SDK/UIView/UIView+DSL.swift:440,
UIView,insertsubview,swift_only,,byInsertSubview,,,JobsByPods/JobsSwiftDSL@Pods/UIKit/iOS.SDK/UIView/UIView+DSL.swift:490; JobsByPods/JobsSwiftDSL@Pods/UIKit/iOS.SDK/UIView/UIView+DSL.swift:502; JobsByPods/JobsSwiftDSL@Pods/UIKit/iOS.SDK/UIView/UIView+DSL.swift:514,
UIView,insetslayoutmarginsfromsafearea,aligned,byInsetsLayoutMarginsFromSafeArea,byInsetsLayoutMarginsFromSafeArea,,JobsByPods/JobsOCDSL@Pods/Core/UIKit/UIView+DSLs/UIView+DSL/UIView+DSL.h:210; JobsByPods/JobsOCDSL@Pods/Core/UIKit/UIView+DSLs/UIView+DSL/UIView+DSL.m:364,JobsByPods/JobsSwiftDSL@Pods/UIKit/iOS.SDK/UIView/UIView+DSL.swift:190; JobsByPods/JobsSwiftDSL@Pods/UIKit/iOS.SDK/UIView/UIView+DSL.swift:382,
UIView,jobsvisible,oc_only,byJobsVisible,,,JobsByPods/JobsOCDSL@Pods/Core/UIKit/UIView+DSLs/UIView+DSL/UIView+DSL.h:197; JobsByPods/JobsOCDSL@Pods/Core/UIKit/UIView+DSLs/UIView+DSL/UIView+DSL.m:257,,
UIView,labelautofontbywidth,support_only,,,labelAutoFontByWidth,,,JobsByPods/JobsBaseUI@Pods/Support/UIKit/UIView/UIView+AutoSelfAdaptionSize/UIView+AutoSelfAdaptionSize.h:56; JobsByPods/JobsBaseUI@Pods/Support/UIKit/UIView/UIView+AutoSelfAdaptionSize/UIView+AutoSelfAdaptionSize.m:22; JobsByPods/JobsBaseUI@Pods/Support/UIKit/UIView/UIView+Extra/UIView+Extra.h:104; JobsByPods/JobsBaseUI@Pods/Support/UIKit/UIView/UIView+Extra/UIView+Extra.m:213; JobsByPods/JobsByOCPods@Pods/Core/UIKit/UIView/UIView+AutoSelfAdaptionSize/UIView+AutoSelfAdaptionSize.h:60; JobsByPods/JobsByOCPods@Pods/Core/UIKit/UIView/UIView+AutoSelfAdaptionSize/UIView+AutoSelfAdaptionSize.m:22
UIView,layer,aligned,byLayer,byLayer,,JobsByPods/JobsOCDSL@Pods/Core/UIKit/UIView+DSLs/UIView+DSL/UIView+DSL.h:183; JobsByPods/JobsOCDSL@Pods/Core/UIKit/UIView+DSLs/UIView+DSL/UIView+DSL.m:185,JobsByPods/JobsSwiftDSL@Pods/UIKit/iOS.SDK/UIView/UIView+DSL.swift:416,
UIView,layoutifneeded,aligned,byLayoutIfNeeded,byLayoutIfNeeded,,JobsByPods/JobsOCDSL@Pods/Core/UIKit/UIView+DSLs/UIView+DSL/UIView+DSL.h:243; JobsByPods/JobsOCDSL@Pods/Core/UIKit/UIView+DSLs/UIView+DSL/UIView+DSL.m:567,JobsByPods/JobsSwiftDSL@Pods/UIKit/iOS.SDK/UIView/UIView+DSL.swift:574,
UIView,layoutmargins,aligned,byLayoutMargins,byLayoutMargins,,JobsByPods/JobsOCDSL@Pods/Core/UIKit/UIView+DSLs/UIView+DSL/UIView+DSL.h:207; JobsByPods/JobsOCDSL@Pods/Core/UIKit/UIView+DSLs/UIView+DSL/UIView+DSL.m:334,JobsByPods/JobsSwiftDSL@Pods/UIKit/iOS.SDK/UIView/UIView+DSL.swift:169; JobsByPods/JobsSwiftDSL@Pods/UIKit/iOS.SDK/UIView/UIView+DSL.swift:361,
UIView,layoutsubviewsrectcolorner,oc_only,byLayoutSubviewsRectCorner,,,JobsByPods/JobsOCDSL@Pods/Core/UIKit/UIView+DSLs/UIView+DSL/UIView+DSL.h:188; JobsByPods/JobsOCDSL@Pods/Core/UIKit/UIView+DSLs/UIView+DSL/UIView+DSL.m:167,,
UIView,layoutsubviewsrectcolornersize,oc_only,byLayoutSubviewsRectCornerSize,,,JobsByPods/JobsOCDSL@Pods/Core/UIKit/UIView+DSLs/UIView+DSL/UIView+DSL.h:189; JobsByPods/JobsOCDSL@Pods/Core/UIKit/UIView+DSLs/UIView+DSL/UIView+DSL.m:176,,
UIView,left,aligned,byLeft,byLeft,,JobsByPods/JobsOCDSL@Pods/Core/UIKit/UIView+DSLs/UIView+DSL/UIView+DSL.h:102; JobsByPods/JobsOCDSL@Pods/Core/UIKit/UIView+DSLs/UIView+DSL/UIView+DSL.m:885,JobsByPods/JobsSwiftDSL@Pods/UIKit/iOS.SDK/UIView/UIView+修改位置大小.swift:171,
UIView,makeconstraints,swift_only,,byMakeConstraints,,,JobsByPods/JobsByUIKit@Pods/iOS.SDK/UIView/UIView+SnapKit.swift:106,
UIView,makelabelbyshowingtype,support_only,,,makeLabelByShowingType,,,JobsByPods/JobsByOCPods@Pods/Core/UIKit/UIView/UIView+Extra/UIView+Extra.h:156; JobsByPods/JobsByOCPods@Pods/Core/UIKit/UIView/UIView+Extra/UIView+Extra.m:696
UIView,maketargetshadowview,support_only,,,makeTargetShadowview,,,JobsByPods/JobsBaseUI@Pods/Support/UIKit/UIView/UIView+Extra/UIView+Extra.h:90; JobsByPods/JobsBaseUI@Pods/Support/UIKit/UIView/UIView+Extra/UIView+Extra.m:116; JobsByPods/JobsByOCPods@Pods/Core/UIKit/UIView/UIView+Extra/UIView+Extra.h:201; JobsByPods/JobsByOCPods@Pods/Core/UIKit/UIView/UIView+Extra/UIView+Extra.m:882
UIView,maskedcolorners,swift_only,,byMaskedCorners,,,JobsByPods/JobsSwiftDSL@Pods/UIKit/iOS.SDK/UIView/UIView+DSL.swift:260; JobsByPods/JobsSwiftDSL@Pods/UIKit/iOS.SDK/UIView/UIView+DSL.swift:69,
UIView,maskstobounds,swift_only,,byMasksToBounds,,,JobsByPods/JobsSwiftDSL@Pods/UIKit/iOS.SDK/UIView/UIView+DSL.swift:253; JobsByPods/JobsSwiftDSL@Pods/UIKit/iOS.SDK/UIView/UIView+DSL.swift:58,
UIView,maskview,oc_only,byMaskView,,,JobsByPods/JobsOCDSL@Pods/Core/UIKit/UIView+DSLs/UIView+DSL/UIView+DSL.h:199; JobsByPods/JobsOCDSL@Pods/Core/UIKit/UIView+DSLs/UIView+DSL/UIView+DSL.m:280,,
UIView,maximumcontentsizecategory,oc_only,byMaximumContentSizeCategory,,,JobsByPods/JobsOCDSL@Pods/Core/UIKit/UIView+DSLs/UIView+DSL/UIView+DSL.h:215; JobsByPods/JobsOCDSL@Pods/Core/UIKit/UIView+DSLs/UIView+DSL/UIView+DSL.m:394,,
UIView,maximumnumberoftouches,oc_only,byMaximumNumberOfTouches,,,JobsByPods/JobsOCDSL@Pods/Core/UIKit/UIView+DSLs/UIView+Gesture/UIView+Gesture/UIView+Gesture.h:73; JobsByPods/JobsOCDSL@Pods/Core/UIKit/UIView+DSLs/UIView+Gesture/UIView+Gesture/UIView+Gesture.m:290,,
UIView,minimumcontentsizecategory,oc_only,byMinimumContentSizeCategory,,,JobsByPods/JobsOCDSL@Pods/Core/UIKit/UIView+DSLs/UIView+DSL/UIView+DSL.h:214; JobsByPods/JobsOCDSL@Pods/Core/UIKit/UIView+DSLs/UIView+DSL/UIView+DSL.m:384,,
UIView,minimumnumberoftouches,oc_only,byMinimumNumberOfTouches,,,JobsByPods/JobsOCDSL@Pods/Core/UIKit/UIView+DSLs/UIView+Gesture/UIView+Gesture/UIView+Gesture.h:71; JobsByPods/JobsOCDSL@Pods/Core/UIKit/UIView+DSLs/UIView+Gesture/UIView+Gesture/UIView+Gesture.m:281,,
UIView,minimumpressduration,oc_only,byMinimumPressDuration,,,JobsByPods/JobsOCDSL@Pods/Core/UIKit/UIView+DSLs/UIView+Gesture/UIView+Gesture/UIView+Gesture.h:79; JobsByPods/JobsOCDSL@Pods/Core/UIKit/UIView+DSLs/UIView+Gesture/UIView+Gesture/UIView+Gesture.m:317,,
UIView,multipletouchenabled,aligned,byMultipleTouchEnabled,byMultipleTouchEnabled,,JobsByPods/JobsOCDSL@Pods/Core/UIKit/UIView+DSLs/UIView+DSL/UIView+DSL.h:177; JobsByPods/JobsOCDSL@Pods/Core/UIKit/UIView+DSLs/UIView+DSL/UIView+DSL.m:116,JobsByPods/JobsSwiftDSL@Pods/UIKit/iOS.SDK/UIView/UIView+DSL.swift:144; JobsByPods/JobsSwiftDSL@Pods/UIKit/iOS.SDK/UIView/UIView+DSL.swift:336,
UIView,navbarbackbuttonlayout,swift_only,,byNavBarBackButtonLayout,,,JobsByPods/JobsByUIKit@Pods/iOS.SDK/UIView/UIView+JobsNavBar.swift:155,
UIView,navbarbackbuttonprovider,swift_only,,byNavBarBackButtonProvider,,,JobsByPods/JobsByUIKit@Pods/iOS.SDK/UIView/UIView+JobsNavBar.swift:146,
UIView,navbarenabled,swift_only,,byNavBarEnabled,,,JobsByPods/JobsByUIKit@Pods/iOS.SDK/UIView/UIView+JobsNavBar.swift:119,
UIView,navbarlayout,swift_only,,byNavBarLayout,,,JobsByPods/JobsByUIKit@Pods/iOS.SDK/UIView/UIView+JobsNavBar.swift:173,
UIView,navbaronback,swift_only,,byNavBarOnBack,,,JobsByPods/JobsByUIKit@Pods/iOS.SDK/UIView/UIView+JobsNavBar.swift:164,
UIView,navbarstyle,swift_only,,byNavBarStyle,,,JobsByPods/JobsByUIKit@Pods/iOS.SDK/UIView/UIView+JobsNavBar.swift:128,
UIView,navbartitleprovider,swift_only,,byNavBarTitleProvider,,,JobsByPods/JobsByUIKit@Pods/iOS.SDK/UIView/UIView+JobsNavBar.swift:137,
UIView,numberoftapsrequired,oc_only,byNumberOfTapsRequired,,,JobsByPods/JobsOCDSL@Pods/Core/UIKit/UIView+DSLs/UIView+Gesture/UIView+Gesture/UIView+Gesture.h:75; JobsByPods/JobsOCDSL@Pods/Core/UIKit/UIView+DSLs/UIView+Gesture/UIView+Gesture/UIView+Gesture.m:299,,
UIView,numberoftouchesrequired,oc_only,byNumberOfTouchesRequired,,,JobsByPods/JobsOCDSL@Pods/Core/UIKit/UIView+DSLs/UIView+Gesture/UIView+Gesture/UIView+Gesture.h:77; JobsByPods/JobsOCDSL@Pods/Core/UIKit/UIView+DSLs/UIView+Gesture/UIView+Gesture/UIView+Gesture.m:308,,
UIView,oncancel,swift_only,,onCancel,,,JobsByPods/JobsByUIKit@Pods/iOS.SDK/UIView/UIView+回调@确认和取消.swift:53,
UIView,onconfirm,swift_only,,onConfirm,,,JobsByPods/JobsByUIKit@Pods/iOS.SDK/UIView/UIView+回调@确认和取消.swift:47,
UIView,opaque,oc_only,byOpaque,,,JobsByPods/JobsOCDSL@Pods/Core/UIKit/UIView+DSLs/UIView+DSL/UIView+DSL.h:194; JobsByPods/JobsOCDSL@Pods/Core/UIKit/UIView+DSLs/UIView+DSL/UIView+DSL.m:230,,
UIView,origin,aligned,byOrigin,byOrigin,,JobsByPods/JobsOCDSL@Pods/Core/UIKit/UIView+DSLs/UIView+DSL/UIView+DSL.h:96; JobsByPods/JobsOCDSL@Pods/Core/UIKit/UIView+DSLs/UIView+DSL/UIView+DSL.m:858,JobsByPods/JobsSwiftDSL@Pods/UIKit/iOS.SDK/UIView/UIView+修改位置大小.swift:159,
UIView,originxoffset,swift_only,,byOriginXOffset,,,JobsByPods/JobsSwiftDSL@Pods/UIKit/iOS.SDK/UIView/UIView+修改位置大小.swift:324,
UIView,originyoffset,swift_only,,byOriginYOffset,,,JobsByPods/JobsSwiftDSL@Pods/UIKit/iOS.SDK/UIView/UIView+修改位置大小.swift:331,
UIView,overrideuserinterfacestyle,oc_only,byOverrideUserInterfaceStyle,,,JobsByPods/JobsOCDSL@Pods/Core/UIKit/UIView+DSLs/UIView+DSL/UIView+DSL.h:212; JobsByPods/JobsOCDSL@Pods/Core/UIKit/UIView+DSLs/UIView+DSL/UIView+DSL.m:374,,
UIView,preservessuperviewlayoutmargins,aligned,byPreservesSuperviewLayoutMargins,byPreservesSuperviewLayoutMargins,,JobsByPods/JobsOCDSL@Pods/Core/UIKit/UIView+DSLs/UIView+DSL/UIView+DSL.h:209; JobsByPods/JobsOCDSL@Pods/Core/UIKit/UIView+DSLs/UIView+DSL/UIView+DSL.m:354,JobsByPods/JobsSwiftDSL@Pods/UIKit/iOS.SDK/UIView/UIView+DSL.swift:183; JobsByPods/JobsSwiftDSL@Pods/UIKit/iOS.SDK/UIView/UIView+DSL.swift:375,
UIView,remakeconstraints,swift_only,,byRemakeConstraints,,,JobsByPods/JobsByUIKit@Pods/iOS.SDK/UIView/UIView+SnapKit.swift:113,
UIView,remove,oc_only,byRemove,,,JobsByPods/JobsOCDSL@Pods/Core/UIKit/UIView+DSLs/UIView+DSL/UIView+DSL.h:234; JobsByPods/JobsOCDSL@Pods/Core/UIKit/UIView+DSLs/UIView+DSL/UIView+DSL.m:484,,
UIView,removeallsubviews,swift_only,,byRemoveAllSubviews,,,JobsByPods/JobsSwiftDSL@Pods/UIKit/iOS.SDK/UIView/UIView+DSL.swift:562,
UIView,removeconstraints,swift_only,,byRemoveConstraints,,,JobsByPods/JobsByUIKit@Pods/iOS.SDK/UIView/UIView+SnapKit.swift:127,
UIView,removefromsuperview,aligned,byRemoveFromSuperview,byRemoveFromSuperview,,JobsByPods/JobsOCDSL@Pods/Core/UIKit/UIView+DSLs/UIView+DSL/UIView+DSL.h:240; JobsByPods/JobsOCDSL@Pods/Core/UIKit/UIView+DSLs/UIView+DSL/UIView+DSL.m:540,JobsByPods/JobsSwiftDSL@Pods/UIKit/iOS.SDK/UIView/UIView+DSL.swift:556,
UIView,removegesturerecognizer,oc_only,byRemoveGestureRecognizer,,,JobsByPods/JobsOCDSL@Pods/Core/UIKit/UIView+DSLs/UIView+DSL/UIView+DSL.h:236; JobsByPods/JobsOCDSL@Pods/Core/UIKit/UIView+DSLs/UIView+DSL/UIView+DSL.m:502,,
UIView,removeinteraction,oc_only,byRemoveInteraction,,,JobsByPods/JobsOCDSL@Pods/Core/UIKit/UIView+DSLs/UIView+DSL/UIView+DSL.h:238; JobsByPods/JobsOCDSL@Pods/Core/UIKit/UIView+DSLs/UIView+DSL/UIView+DSL.m:521,,
UIView,right,aligned,byRight,byRight,,JobsByPods/JobsOCDSL@Pods/Core/UIKit/UIView+DSLs/UIView+DSL/UIView+DSL.h:104; JobsByPods/JobsOCDSL@Pods/Core/UIKit/UIView+DSLs/UIView+DSL/UIView+DSL.m:894,JobsByPods/JobsSwiftDSL@Pods/UIKit/iOS.SDK/UIView/UIView+修改位置大小.swift:183,
UIView,rotate,oc_only,byRotate,,,JobsByPods/JobsOCDSL@Pods/Core/UIKit/UIView+DSLs/UIView+Gesture/UIView+Gesture/UIView+Gesture.h:89; JobsByPods/JobsOCDSL@Pods/Core/UIKit/UIView+DSLs/UIView+Gesture/UIView+Gesture/UIView+Gesture.m:362,,
UIView,scale,oc_only,byScale,,,JobsByPods/JobsOCDSL@Pods/Core/UIKit/UIView+DSLs/UIView+Gesture/UIView+Gesture/UIView+Gesture.h:87; JobsByPods/JobsOCDSL@Pods/Core/UIKit/UIView+DSLs/UIView+Gesture/UIView+Gesture/UIView+Gesture.m:353,,
UIView,screenedgepangredges,oc_only,byScreenEdgePanGREdges,,,JobsByPods/JobsOCDSL@Pods/Core/UIKit/UIView+DSLs/UIView+Gesture/UIView+Gesture/UIView+Gesture.h:91; JobsByPods/JobsOCDSL@Pods/Core/UIKit/UIView+DSLs/UIView+Gesture/UIView+Gesture/UIView+Gesture.m:371,,
UIView,semanticcontentattribute,oc_only,bySemanticContentAttribute,,,JobsByPods/JobsOCDSL@Pods/Core/UIKit/UIView+DSLs/UIView+DSL/UIView+DSL.h:203; JobsByPods/JobsOCDSL@Pods/Core/UIKit/UIView+DSLs/UIView+DSL/UIView+DSL.m:307,,
UIView,sendsubviewtoback,oc_only,bySendSubviewToBack,,,JobsByPods/JobsOCDSL@Pods/Core/UIKit/UIView+DSLs/UIView+DSL/UIView+DSL.h:232; JobsByPods/JobsOCDSL@Pods/Core/UIKit/UIView+DSLs/UIView+DSL/UIView+DSL.m:475,,
UIView,sendtoback,swift_only,,bySendToBack,,,JobsByPods/JobsSwiftDSL@Pods/UIKit/iOS.SDK/UIView/UIView+DSL.swift:544,
UIView,setneedsdisplay,oc_only,bySetNeedsDisplay,,,JobsByPods/JobsOCDSL@Pods/Core/UIKit/UIView+DSLs/UIView+DSL/UIView+DSL.h:241; JobsByPods/JobsOCDSL@Pods/Core/UIKit/UIView+DSLs/UIView+DSL/UIView+DSL.m:549,,
UIView,setneedsdisplayinrect,oc_only,bySetNeedsDisplayInRect,,,JobsByPods/JobsOCDSL@Pods/Core/UIKit/UIView+DSLs/UIView+DSL/UIView+DSL.h:239; JobsByPods/JobsOCDSL@Pods/Core/UIKit/UIView+DSLs/UIView+DSL/UIView+DSL.m:531,,
UIView,setneedslayout,aligned,bySetNeedsLayout,bySetNeedsLayout,,JobsByPods/JobsOCDSL@Pods/Core/UIKit/UIView+DSLs/UIView+DSL/UIView+DSL.h:242; JobsByPods/JobsOCDSL@Pods/Core/UIKit/UIView+DSLs/UIView+DSL/UIView+DSL.m:558,JobsByPods/JobsSwiftDSL@Pods/UIKit/iOS.SDK/UIView/UIView+DSL.swift:568,
UIView,setneedsupdateconstraints,oc_only,bySetNeedsUpdateConstraints,,,JobsByPods/JobsOCDSL@Pods/Core/UIKit/UIView+DSLs/UIView+DSL/UIView+DSL.h:245; JobsByPods/JobsOCDSL@Pods/Core/UIKit/UIView+DSLs/UIView+DSL/UIView+DSL.m:585,,
UIView,shadowcolor,swift_only,,byShadowColor,,,JobsByPods/JobsSwiftDSL@Pods/UIKit/iOS.SDK/UIView/UIView+DSL.swift:291; JobsByPods/JobsSwiftDSL@Pods/UIKit/iOS.SDK/UIView/UIView+DSL.swift:99,
UIView,shadowoffset,swift_only,,byShadowOffset,,,JobsByPods/JobsSwiftDSL@Pods/UIKit/iOS.SDK/UIView/UIView+DSL.swift:111; JobsByPods/JobsSwiftDSL@Pods/UIKit/iOS.SDK/UIView/UIView+DSL.swift:303,
UIView,shadowopacity,swift_only,,byShadowOpacity,,,JobsByPods/JobsSwiftDSL@Pods/UIKit/iOS.SDK/UIView/UIView+DSL.swift:105; JobsByPods/JobsSwiftDSL@Pods/UIKit/iOS.SDK/UIView/UIView+DSL.swift:297,
UIView,shadowradius,swift_only,,byShadowRadius,,,JobsByPods/JobsSwiftDSL@Pods/UIKit/iOS.SDK/UIView/UIView+DSL.swift:285; JobsByPods/JobsSwiftDSL@Pods/UIKit/iOS.SDK/UIView/UIView+DSL.swift:93,
UIView,shimmercolors,swift_only,,byShimmerColors,,,JobsByPods/JobsByUIKit@Pods/iOS.SDK/UIView/UIView+自研骨架屏呼吸占位效果Shimmer.swift:427,
UIView,show,support_only,,,byShow,,,JobsByPods/JobsByOCPods@Pods/Core/UIKit/UIView/UIView+Extra/UIView+Extra.m:65
UIView,size,aligned,bySize,bySize,,JobsByPods/JobsOCDSL@Pods/Core/UIKit/UIView+DSLs/UIView+DSL/UIView+DSL.h:94; JobsByPods/JobsOCDSL@Pods/Core/UIKit/UIView+DSLs/UIView+DSL/UIView+DSL.m:849,JobsByPods/JobsSwiftDSL@Pods/UIKit/iOS.SDK/UIView/UIView+修改位置大小.swift:201; JobsByPods/JobsSwiftDSL@Pods/UIKit/iOS.SDK/UIView/UIView+修改位置大小.swift:342,
UIView,sizethatfits,swift_only,,bySizeThatFits,,,JobsByPods/JobsSwiftDSL@Pods/UIKit/iOS.SDK/UIView/UIView+DSL.swift:580,
UIView,sizetofit,aligned,bySizeToFit,bySizeToFit,bySizeToFit,JobsByPods/JobsOCDSL@Pods/Core/UIKit/UIView+DSLs/UIView+DSL/UIView+DSL.h:244; JobsByPods/JobsOCDSL@Pods/Core/UIKit/UIView+DSLs/UIView+DSL/UIView+DSL.m:576,JobsByPods/JobsSwiftDSL@Pods/UIKit/iOS.SDK/UIView/UIView+DSL.swift:586,JobsByPods/JobsBaseUI@Pods/Support/UIKit/UIView/UIView+AutoSelfAdaptionSize/UIView+AutoSelfAdaptionSize.h:54; JobsByPods/JobsBaseUI@Pods/Support/UIKit/UIView/UIView+AutoSelfAdaptionSize/UIView+AutoSelfAdaptionSize.m:13; JobsByPods/JobsBaseUI@Pods/Support/UIKit/UIView/UIView+Extra/UIView+Extra.h:102; JobsByPods/JobsBaseUI@Pods/Support/UIKit/UIView/UIView+Extra/UIView+Extra.m:204; JobsByPods/JobsByOCPods@Pods/Core/UIKit/UIView/UIView+AutoSelfAdaptionSize/UIView+AutoSelfAdaptionSize.h:58; JobsByPods/JobsByOCPods@Pods/Core/UIKit/UIView/UIView+AutoSelfAdaptionSize/UIView+AutoSelfAdaptionSize.m:13
UIView,skeletonable,swift_only,,bySkeletonable,,,JobsByPods/JobsByUIKit@Pods/iOS.SDK/UIView/UIView+SkeletonView.swift:22,
UIView,skeletoncolornerradius,swift_only,,bySkeletonCornerRadius,,,JobsByPods/JobsByUIKit@Pods/iOS.SDK/UIView/UIView+SkeletonView.swift:40,
UIView,skeletondisableinteractionwhenactive,swift_only,,bySkeletonDisableInteractionWhenActive,,,JobsByPods/JobsByUIKit@Pods/iOS.SDK/UIView/UIView+SkeletonView.swift:34,
UIView,skeletonhiddenwhenactive,swift_only,,bySkeletonHiddenWhenActive,,,JobsByPods/JobsByUIKit@Pods/iOS.SDK/UIView/UIView+SkeletonView.swift:28,
UIView,spinpause,swift_only,,bySpinPause,,,JobsByPods/JobsByUIKit@Pods/iOS.SDK/UIView/UIView+动画.swift:63,
UIView,spinresume,swift_only,,bySpinResume,,,JobsByPods/JobsByUIKit@Pods/iOS.SDK/UIView/UIView+动画.swift:81,
UIView,spinstart,swift_only,,bySpinStart,,,JobsByPods/JobsByUIKit@Pods/iOS.SDK/UIView/UIView+动画.swift:31,
UIView,spinstop,swift_only,,bySpinStop,,,JobsByPods/JobsByUIKit@Pods/iOS.SDK/UIView/UIView+动画.swift:87,
UIView,start,swift_only,,byStart,,,JobsByPods/JobsByUIKit@Pods/iOS.SDK/UIView/UIView+悬浮.swift:104; JobsByPods/JobsByUIKit@Pods/iOS.SDK/UIView/UIView+悬浮.swift:113,
UIView,suspend,swift_only,,bySuspend,,,JobsByPods/JobsByUIKit@Pods/iOS.SDK/UIView/UIView+悬浮.swift:270,
UIView,swipegrdirection,oc_only,bySwipeGRDirection,,,JobsByPods/JobsOCDSL@Pods/Core/UIKit/UIView+DSLs/UIView+Gesture/UIView+Gesture/UIView+Gesture.h:83; JobsByPods/JobsOCDSL@Pods/Core/UIKit/UIView+DSLs/UIView+Gesture/UIView+Gesture/UIView+Gesture.m:335,,
UIView,tag,aligned,byTag,byTag,,JobsByPods/JobsOCDSL@Pods/Core/UIKit/UIView+DSLs/UIView+DSL/UIView+DSL.h:175; JobsByPods/JobsOCDSL@Pods/Core/UIKit/UIView+DSLs/UIView+DSL/UIView+DSL.m:98,JobsByPods/JobsSwiftDSL@Pods/UIKit/iOS.SDK/UIView/UIView+DSL.swift:202; JobsByPods/JobsSwiftDSL@Pods/UIKit/iOS.SDK/UIView/UIView+DSL.swift:394,
UIView,tintadjustmentmode,oc_only,byTintAdjustmentMode,,,JobsByPods/JobsOCDSL@Pods/Core/UIKit/UIView+DSLs/UIView+DSL/UIView+DSL.h:201; JobsByPods/JobsOCDSL@Pods/Core/UIKit/UIView+DSLs/UIView+DSL/UIView+DSL.m:298,,
UIView,tintcolor,oc_only,byTintColor,,,JobsByPods/JobsOCDSL@Pods/Core/UIKit/UIView+DSLs/UIView+DSL/UIView+DSL.h:200; JobsByPods/JobsOCDSL@Pods/Core/UIKit/UIView+DSLs/UIView+DSL/UIView+DSL.m:289,,
UIView,top,aligned,byTop,byTop,,JobsByPods/JobsOCDSL@Pods/Core/UIKit/UIView+DSLs/UIView+DSL/UIView+DSL.h:106; JobsByPods/JobsOCDSL@Pods/Core/UIKit/UIView+DSLs/UIView+DSL/UIView+DSL.m:903,JobsByPods/JobsSwiftDSL@Pods/UIKit/iOS.SDK/UIView/UIView+修改位置大小.swift:165,
UIView,transform,aligned,byTransform,byTransform,,JobsByPods/JobsOCDSL@Pods/Core/UIKit/UIView+DSLs/UIView+DSL/UIView+DSL.h:170; JobsByPods/JobsOCDSL@Pods/Core/UIKit/UIView+DSLs/UIView+DSL/UIView+DSL.m:61,JobsByPods/JobsSwiftDSL@Pods/UIKit/iOS.SDK/UIView/UIView+DSL.swift:117; JobsByPods/JobsSwiftDSL@Pods/UIKit/iOS.SDK/UIView/UIView+DSL.swift:309,
UIView,transform3d,aligned,byTransform3D,byTransform3D,,JobsByPods/JobsOCDSL@Pods/Core/UIKit/UIView+DSLs/UIView+DSL/UIView+DSL.h:171; JobsByPods/JobsOCDSL@Pods/Core/UIKit/UIView+DSLs/UIView+DSL/UIView+DSL.m:70,JobsByPods/JobsSwiftDSL@Pods/UIKit/iOS.SDK/UIView/UIView+DSL.swift:124; JobsByPods/JobsSwiftDSL@Pods/UIKit/iOS.SDK/UIView/UIView+DSL.swift:316,
UIView,translatesautoresizingmaskintoconstraints,swift_only,,byTranslatesAutoresizingMaskIntoConstraints,,,JobsByPods/JobsSwiftDSL@Pods/UIKit/iOS.SDK/UIView/UIView+DSL.swift:220; JobsByPods/JobsSwiftDSL@Pods/UIKit/iOS.SDK/UIView/UIView+DSL.swift:406,
UIView,updateconstraints,swift_only,,byUpdateConstraints,,,JobsByPods/JobsByUIKit@Pods/iOS.SDK/UIView/UIView+SnapKit.swift:120,
UIView,updateconstraintsifneeded,oc_only,byUpdateConstraintsIfNeeded,,,JobsByPods/JobsOCDSL@Pods/Core/UIKit/UIView+DSLs/UIView+DSL/UIView+DSL.h:246; JobsByPods/JobsOCDSL@Pods/Core/UIKit/UIView+DSLs/UIView+DSL/UIView+DSL.m:594,,
UIView,userinteractionenabled,aligned,byUserInteractionEnabled,byUserInteractionEnabled,,JobsByPods/JobsOCDSL@Pods/Core/UIKit/UIView+DSLs/UIView+DSL/UIView+DSL.h:176; JobsByPods/JobsOCDSL@Pods/Core/UIKit/UIView+DSLs/UIView+DSL/UIView+DSL.m:107,JobsByPods/JobsSwiftDSL@Pods/UIKit/iOS.SDK/UIView/UIView+DSL.swift:208; JobsByPods/JobsSwiftDSL@Pods/UIKit/iOS.SDK/UIView/UIView+DSL.swift:400,
UIView,viewblock,oc_only,byViewBlock,,,JobsByPods/JobsOCDSL@Pods/Core/UIKit/UIView+DSLs/UIView+DSL/UIView+DSL.h:181; JobsByPods/JobsOCDSL@Pods/Core/UIKit/UIView+DSLs/UIView+DSL/UIView+DSL.m:134,,
UIView,visible,swift_plus_oc_support,,byVisible,byVisible,,JobsByPods/JobsSwiftDSL@Pods/UIKit/iOS.SDK/UIView/UIView+DSL.swift:453,JobsByPods/JobsBaseUI@Pods/Support/UIKit/UIView/UIView+Extra/UIView+Extra.h:78; JobsByPods/JobsBaseUI@Pods/Support/UIKit/UIView/UIView+Extra/UIView+Extra.m:97; JobsByPods/JobsByOCPods@Pods/Core/UIKit/UIView/UIView+Extra/UIView+Extra.h:85; JobsByPods/JobsByOCPods@Pods/Core/UIKit/UIView/UIView+Extra/UIView+Extra.m:969
UIView,width,aligned,byWidth,byWidth,,JobsByPods/JobsOCDSL@Pods/Core/UIKit/UIView+DSLs/UIView+DSL/UIView+DSL.h:110; JobsByPods/JobsOCDSL@Pods/Core/UIKit/UIView+DSLs/UIView+DSL/UIView+DSL.m:921,JobsByPods/JobsSwiftDSL@Pods/UIKit/iOS.SDK/UIView/UIView+修改位置大小.swift:189,
UIView,widthoffset,swift_only,,byWidthOffset,,,JobsByPods/JobsSwiftDSL@Pods/UIKit/iOS.SDK/UIView/UIView+修改位置大小.swift:234,
UIView,x,aligned,byX,byX,,JobsByPods/JobsOCDSL@Pods/Core/UIKit/UIView+DSLs/UIView+DSL/UIView+DSL.h:98; JobsByPods/JobsOCDSL@Pods/Core/UIKit/UIView+DSLs/UIView+DSL/UIView+DSL.m:867,JobsByPods/JobsSwiftDSL@Pods/UIKit/iOS.SDK/UIView/UIView+修改位置大小.swift:135,
UIView,y,aligned,byY,byY,,JobsByPods/JobsOCDSL@Pods/Core/UIKit/UIView+DSLs/UIView+DSL/UIView+DSL.h:100; JobsByPods/JobsOCDSL@Pods/Core/UIKit/UIView+DSLs/UIView+DSL/UIView+DSL.m:876,JobsByPods/JobsSwiftDSL@Pods/UIKit/iOS.SDK/UIView/UIView+修改位置大小.swift:141,
UIView,zposition,swift_only,,byZPosition,,,JobsByPods/JobsSwiftDSL@Pods/UIKit/iOS.SDK/UIView/UIView+DSL.swift:273; JobsByPods/JobsSwiftDSL@Pods/UIKit/iOS.SDK/UIView/UIView+DSL.swift:81,
UIViewController,addchildvc,swift_only,,addChildVC,,,JobsByPods/JobsSwiftDSL@Pods/UIKit/iOS.SDK/UIViewController/UIViewController+DSL.swift:302,
UIViewController,addchildviewcontroller,support_only,,,addChildViewController,,,JobsByPods/JobsByOCPods@Pods/Core/UIKit/UIViewController/UIViewController+Sys/UIViewController+Extra/UIViewController+Extra.h:55; JobsByPods/JobsByOCPods@Pods/Core/UIKit/UIViewController/UIViewController+Sys/UIViewController+Extra/UIViewController+Extra.m:23
UIViewController,addlottieimage,support_only,,,addLottieImage,,,JobsByPods/JobsByOCPods@Pods/Core/UIKit/UIViewController/UIViewController+3rd/UIViewController+Lottie/UIViewController+Lottie.h:31; JobsByPods/JobsByOCPods@Pods/Core/UIKit/UIViewController/UIViewController+3rd/UIViewController+Lottie/UIViewController+Lottie.m:13
UIViewController,automaticallyadjustsscrollinsets,swift_only,,byAutomaticallyAdjustsScrollInsets,,,JobsByPods/JobsSwiftDSL@Pods/UIKit/iOS.SDK/UIViewController/UIViewController+DSL.swift:187; JobsByPods/JobsSwiftDSL@Pods/UIKit/iOS.SDK/UIViewController/UIViewController+DSL.swift:84,
UIViewController,backgroundcolor,swift_only,,byBackgroundColor,,,JobsByPods/JobsSwiftDSL@Pods/UIKit/iOS.SDK/UIViewController/UIViewController+DSL.swift:130; JobsByPods/JobsSwiftDSL@Pods/UIKit/iOS.SDK/UIViewController/UIViewController+DSL.swift:27,
UIViewController,completion,swift_only,,byCompletion,,,JobsByPods/JobsByUIKit@Pods/iOS.SDK/UIViewController/UIViewController+传值回调.swift:60,
UIViewController,contentscrollview,swift_only,,byContentScrollView,,,JobsByPods/JobsSwiftDSL@Pods/UIKit/iOS.SDK/UIViewController/UIViewController+DSL.swift:322,
UIViewController,direction,swift_only,,byDirection,,,JobsByPods/JobsByUIKit@Pods/iOS.SDK/UIViewController/UIViewController+自定义进入方向.swift:83,
UIViewController,directionreset,swift_only,,byDirectionReset,,,JobsByPods/JobsByUIKit@Pods/iOS.SDK/UIViewController/UIViewController+自定义进入方向.swift:89,
UIViewController,edgesforextendedlayout,swift_only,,byEdgesForExtendedLayout,,,JobsByPods/JobsSwiftDSL@Pods/UIKit/iOS.SDK/UIViewController/UIViewController+DSL.swift:175; JobsByPods/JobsSwiftDSL@Pods/UIKit/iOS.SDK/UIViewController/UIViewController+DSL.swift:72,
UIViewController,extendedlayoutincludesopaquebars,swift_only,,byExtendedLayoutIncludesOpaqueBars,,,JobsByPods/JobsSwiftDSL@Pods/UIKit/iOS.SDK/UIViewController/UIViewController+DSL.swift:181; JobsByPods/JobsSwiftDSL@Pods/UIKit/iOS.SDK/UIViewController/UIViewController+DSL.swift:78,
UIViewController,focusgroupidentifier,swift_only,,byFocusGroupIdentifier,,,JobsByPods/JobsSwiftDSL@Pods/UIKit/iOS.SDK/UIViewController/UIViewController+DSL.swift:101; JobsByPods/JobsSwiftDSL@Pods/UIKit/iOS.SDK/UIViewController/UIViewController+DSL.swift:205,
UIViewController,frame,swift_only,,byFrame,,,JobsByPods/JobsSwiftDSL@Pods/UIKit/iOS.SDK/UIViewController/UIViewController+DSL.swift:137; JobsByPods/JobsSwiftDSL@Pods/UIKit/iOS.SDK/UIViewController/UIViewController+DSL.swift:34,
UIViewController,gknavbarhidden,swift_only,,byGKNavBarHidden,,,JobsByPods/JobsByUIKit@Pods/iOS.SDK/UIViewController/UIViewController+GKNavigationBarSwift.swift:116,
UIViewController,gknavtransparent,swift_only,,byGKNavTransparent,,,JobsByPods/JobsByUIKit@Pods/iOS.SDK/UIViewController/UIViewController+GKNavigationBarSwift.swift:123,
UIViewController,interactionactivitybasename,swift_only,,byInteractionActivityBaseName,,,JobsByPods/JobsSwiftDSL@Pods/UIKit/iOS.SDK/UIViewController/UIViewController+DSL.swift:108; JobsByPods/JobsSwiftDSL@Pods/UIKit/iOS.SDK/UIViewController/UIViewController+DSL.swift:212,
UIViewController,make,support_only,,,make,,,JobsByPods/JobsByOCPods@Pods/Core/UIKit/UIViewController/UIViewController+Sys/UIViewController+Extra/UIViewController+Extra.h:53; JobsByPods/JobsByOCPods@Pods/Core/UIKit/UIViewController/UIViewController+Sys/UIViewController+Extra/UIViewController+Extra.m:12
UIViewController,makeblock,support_only,,,makeBlock,,,JobsByPods/JobsByOCPods@Pods/Core/UIKit/UIViewController/UIViewController+3rd/UIViewController+JPImageresizerView/UIViewController+JPImageresizerView.m:308
UIViewController,makedefaultbackbutton,swift_only,,makeDefaultBackButton,,,JobsByPods/JobsByUIKit@Pods/iOS.SDK/UIViewController/UIViewController+GKNavigationBarSwift.swift:102,
UIViewController,modalpresentationstyle,swift_only,,byModalPresentationStyle,,,JobsByPods/JobsSwiftDSL@Pods/UIKit/iOS.SDK/UIViewController/UIViewController+DSL.swift:143; JobsByPods/JobsSwiftDSL@Pods/UIKit/iOS.SDK/UIViewController/UIViewController+DSL.swift:40,
UIViewController,modaltransitionstyle,swift_only,,byModalTransitionStyle,,,JobsByPods/JobsSwiftDSL@Pods/UIKit/iOS.SDK/UIViewController/UIViewController+DSL.swift:149; JobsByPods/JobsSwiftDSL@Pods/UIKit/iOS.SDK/UIViewController/UIViewController+DSL.swift:46,
UIViewController,navbarhidden,swift_only,,byNavBarHidden,,,JobsByPods/JobsByUIKit@Pods/iOS.SDK/UIViewController/UIViewController+系统导航栏设置.swift:64,
UIViewController,navbarhiddenlifecycle,swift_only,,byNavBarHiddenLifecycle,,,JobsByPods/JobsByUIKit@Pods/iOS.SDK/UIViewController/UIViewController+系统导航栏设置.swift:56,
UIViewController,needsstatusbarupdate,swift_only,,byNeedsStatusBarUpdate,,,JobsByPods/JobsSwiftDSL@Pods/UIKit/iOS.SDK/UIViewController/UIViewController+DSL.swift:277,
UIViewController,overrideuserinterfacestyle,swift_only,,byOverrideUserInterfaceStyle,,,JobsByPods/JobsSwiftDSL@Pods/UIKit/iOS.SDK/UIViewController/UIViewController+DSL.swift:198; JobsByPods/JobsSwiftDSL@Pods/UIKit/iOS.SDK/UIViewController/UIViewController+DSL.swift:94,
UIViewController,performsegue,swift_only,,byPerformSegue,,,JobsByPods/JobsSwiftDSL@Pods/UIKit/iOS.SDK/UIViewController/UIViewController+DSL.swift:222,
UIViewController,preferredcontentsize,swift_only,,byPreferredContentSize,,,JobsByPods/JobsSwiftDSL@Pods/UIKit/iOS.SDK/UIViewController/UIViewController+DSL.swift:169; JobsByPods/JobsSwiftDSL@Pods/UIKit/iOS.SDK/UIViewController/UIViewController+DSL.swift:66,
UIViewController,preferredstatusbarstyle,swift_only,,byPreferredStatusBarStyle,,,JobsByPods/JobsSwiftDSL@Pods/UIKit/iOS.SDK/UIViewController/UIViewController+DSL.swift:283,
UIViewController,preferredtransition,swift_only,,byPreferredTransition,,,JobsByPods/JobsSwiftDSL@Pods/UIKit/iOS.SDK/UIViewController/UIViewController+DSL.swift:156; JobsByPods/JobsSwiftDSL@Pods/UIKit/iOS.SDK/UIViewController/UIViewController+DSL.swift:53,
UIViewController,push,swift_only,,byPush,,,JobsByPods/JobsByUIKit@Pods/iOS.SDK/UIViewController/UIViewController+自定义进入方向.swift:105,
UIViewController,setneedsupdateproperties,swift_only,,bySetNeedsUpdateProperties,,,JobsByPods/JobsSwiftDSL@Pods/UIKit/iOS.SDK/UIViewController/UIViewController+DSL.swift:334,
UIViewController,show,swift_only,,byShow,,,JobsByPods/JobsSwiftDSL@Pods/UIKit/iOS.SDK/UIViewController/UIViewController+DSL.swift:265,
UIViewController,showdetail,swift_only,,byShowDetail,,,JobsByPods/JobsSwiftDSL@Pods/UIKit/iOS.SDK/UIViewController/UIViewController+DSL.swift:271,
UIViewController,startaccelerometer,support_only,,,startAccelerometer,,,JobsByPods/JobsByOCPods@Pods/Core/UIKit/UIViewController/UIViewController+Sys/UIViewController+Shake/UIViewController+Shake.m:68
UIViewController,stopaccelerometerwhenviewdiddisappear,support_only,,,stopAccelerometerWhenViewDidDisappear,,,JobsByPods/JobsByOCPods@Pods/Core/UIKit/UIViewController/UIViewController+Sys/UIViewController+Shake/UIViewController+Shake.m:82
UIViewController,title,swift_only,,byTitle,,,JobsByPods/JobsSwiftDSL@Pods/UIKit/iOS.SDK/UIViewController/UIViewController+DSL.swift:124; JobsByPods/JobsSwiftDSL@Pods/UIKit/iOS.SDK/UIViewController/UIViewController+DSL.swift:21,
UIViewController,transitioningdelegate,swift_only,,byTransitioningDelegate,,,JobsByPods/JobsSwiftDSL@Pods/UIKit/iOS.SDK/UIViewController/UIViewController+DSL.swift:163; JobsByPods/JobsSwiftDSL@Pods/UIKit/iOS.SDK/UIViewController/UIViewController+DSL.swift:60,
UIViewController,updatepropertiesifneeded,swift_only,,byUpdatePropertiesIfNeeded,,,JobsByPods/JobsSwiftDSL@Pods/UIKit/iOS.SDK/UIViewController/UIViewController+DSL.swift:341,
UIViewController,view,swift_only,,byView,,,JobsByPods/JobsSwiftDSL@Pods/UIKit/iOS.SDK/UIViewController/UIViewController+DSL.swift:118,
UIWindow,attach,swift_only,,byAttach,,,JobsByPods/JobsSwiftDSL@Pods/UIKit/iOS.SDK/UIWindow/UIWindow+DSL.swift:21; JobsByPods/JobsSwiftDSL@Pods/UIKit/iOS.SDK/UIWindow/UIWindow+DSL.swift:30; JobsByPods/JobsSwiftDSL@Pods/UIKit/iOS.SDK/UIWindow/UIWindow+DSL.swift:68; JobsByPods/JobsSwiftDSL@Pods/UIKit/iOS.SDK/UIWindow/UIWindow+DSL.swift:76,
UIWindow,makekey,swift_only,,byMakeKey,,,JobsByPods/JobsSwiftDSL@Pods/UIKit/iOS.SDK/UIWindow/UIWindow+DSL.swift:116,
UIWindow,makekeyandvisible,swift_only,,byMakeKeyAndVisible,,,JobsByPods/JobsSwiftDSL@Pods/UIKit/iOS.SDK/UIWindow/UIWindow+DSL.swift:122,
UIWindow,resignkey,swift_only,,byResignKey,,,JobsByPods/JobsSwiftDSL@Pods/UIKit/iOS.SDK/UIWindow/UIWindow+DSL.swift:128,
UIWindow,rootviewcontroller,swift_only,,byRootViewController,,,JobsByPods/JobsSwiftDSL@Pods/UIKit/iOS.SDK/UIWindow/UIWindow+DSL.swift:39; JobsByPods/JobsSwiftDSL@Pods/UIKit/iOS.SDK/UIWindow/UIWindow+DSL.swift:86,
UIWindow,screen,swift_only,,byScreen,,,JobsByPods/JobsSwiftDSL@Pods/UIKit/iOS.SDK/UIWindow/UIWindow+DSL.swift:52; JobsByPods/JobsSwiftDSL@Pods/UIKit/iOS.SDK/UIWindow/UIWindow+DSL.swift:99,
UIWindow,windowlevel,swift_only,,byWindowLevel,,,JobsByPods/JobsSwiftDSL@Pods/UIKit/iOS.SDK/UIWindow/UIWindow+DSL.swift:45; JobsByPods/JobsSwiftDSL@Pods/UIKit/iOS.SDK/UIWindow/UIWindow+DSL.swift:92,
ViewDataProtocol,data,swift_only,,byData,,,JobsByPods/JobsByUIKit@Pods/iOS.SDK/UICollectionViewCell/UICollectionViewCell+数据渲染.swift:19; JobsByPods/JobsByUIKit@Pods/iOS.SDK/UITableViewCell/UITableViewCell+数据渲染.swift:20; JobsByPods/JobsByUIKit@Pods/iOS.SDK/UIView/UIView+传值回调.swift:27; JobsByPods/JobsByUIKit@Pods/iOS.SDK/UIViewController/UIViewController+传值回调.swift:31,
ViewDataProtocol,onresult,swift_only,,onResult,,,JobsByPods/JobsByUIKit@Pods/iOS.SDK/UIView/UIView+传值回调.swift:30; JobsByPods/JobsByUIKit@Pods/iOS.SDK/UIViewController/UIViewController+传值回调.swift:34,
WKWebView,navdelegate,support_only,,,byNavDelegate,,,JobsByPods/JobsBaseUI@Pods/Support/UIKit/WKWebView/WKWebView+Extra/WKWebView+Extra.h:37; JobsByPods/JobsBaseUI@Pods/Support/UIKit/WKWebView/WKWebView+Extra/WKWebView+Extra.m:36; JobsByPods/JobsByOCPods@Pods/Core/UIKit/WKWebView/WKWebView+Extra/WKWebView+Extra.h:37; JobsByPods/JobsByOCPods@Pods/Core/UIKit/WKWebView/WKWebView+Extra/WKWebView+Extra.m:36
WKWebView,uidelegate,support_only,,,byUIDelegate,,,JobsByPods/JobsBaseUI@Pods/Support/UIKit/WKWebView/WKWebView+Extra/WKWebView+Extra.h:38; JobsByPods/JobsBaseUI@Pods/Support/UIKit/WKWebView/WKWebView+Extra/WKWebView+Extra.m:45; JobsByPods/JobsByOCPods@Pods/Core/UIKit/WKWebView/WKWebView+Extra/WKWebView+Extra.h:38; JobsByPods/JobsByOCPods@Pods/Core/UIKit/WKWebView/WKWebView+Extra/WKWebView+Extra.m:45
