class,api_kind,api_name,selector_arity,expected_dsl,canonical,readonly,class_member,sdk_file,sdk_line,declaration,coverage_status,recommended_action,oc_names,swift_names,oc_support_names,oc_files,swift_files,oc_support_files
UIView,property,layerClass,,byLayerClass,layerclass,YES,YES,System/Library/Frameworks/UIKit.framework/Headers/UIView.h,150,"@property(class, nonatomic, readonly) Class layerClass;",missing_both,review_readonly_terminal_or_skip,,,,,,
UIView,property,userInteractionEnabled,,byUserInteractionEnabled,userinteractionenabled,NO,NO,System/Library/Frameworks/UIKit.framework/Headers/UIView.h,156,"@property(nonatomic,getter=isUserInteractionEnabled) BOOL userInteractionEnabled;",covered_both,ok,byUserInteractionEnabled,byUserInteractionEnabled,,JobsByPods/JobsOCDSL@Pods/Core/UIKit/UIView+DSLs/UIView+DSL/UIView+DSL.h:176; JobsByPods/JobsOCDSL@Pods/Core/UIKit/UIView+DSLs/UIView+DSL/UIView+DSL.m:107,JobsByPods/JobsSwiftDSL@Pods/UIKit/iOS.SDK/UIView/UIView+DSL.swift:208; JobsByPods/JobsSwiftDSL@Pods/UIKit/iOS.SDK/UIView/UIView+DSL.swift:400,
UIView,property,tag,,byTag,tag,NO,NO,System/Library/Frameworks/UIKit.framework/Headers/UIView.h,157,@property(nonatomic) NSInteger tag;,covered_both,ok,byTag,byTag,,JobsByPods/JobsOCDSL@Pods/Core/UIKit/UIView+DSLs/UIView+DSL/UIView+DSL.h:175; JobsByPods/JobsOCDSL@Pods/Core/UIKit/UIView+DSLs/UIView+DSL/UIView+DSL.m:98,JobsByPods/JobsSwiftDSL@Pods/UIKit/iOS.SDK/UIView/UIView+DSL.swift:202; JobsByPods/JobsSwiftDSL@Pods/UIKit/iOS.SDK/UIView/UIView+DSL.swift:394,
UIView,property,layer,,byLayer,layer,YES,NO,System/Library/Frameworks/UIKit.framework/Headers/UIView.h,158,"@property(nonatomic,readonly,strong) CALayer *layer;",covered_both,review_readonly_terminal_or_skip,byLayer,byLayer,,JobsByPods/JobsOCDSL@Pods/Core/UIKit/UIView+DSLs/UIView+DSL/UIView+DSL.h:183; JobsByPods/JobsOCDSL@Pods/Core/UIKit/UIView+DSLs/UIView+DSL/UIView+DSL.m:185,JobsByPods/JobsSwiftDSL@Pods/UIKit/iOS.SDK/UIView/UIView+DSL.swift:416,
UIView,property,canBecomeFocused,,byCanBecomeFocused,canbecomefocused,YES,NO,System/Library/Frameworks/UIKit.framework/Headers/UIView.h,160,"@property(nonatomic,readonly) BOOL canBecomeFocused API_AVAILABLE(ios(9.0));",missing_both,review_readonly_terminal_or_skip,,,,,,
UIView,property,focused,,byFocused,focused,YES,NO,System/Library/Frameworks/UIKit.framework/Headers/UIView.h,161,"@property (readonly, nonatomic, getter=isFocused) BOOL focused API_AVAILABLE(ios(9.0));",missing_both,review_readonly_terminal_or_skip,,,,,,
UIView,property,focusGroupIdentifier,,byFocusGroupIdentifier,focusgroupidentifier,NO,NO,System/Library/Frameworks/UIKit.framework/Headers/UIView.h,164,"@property (nonatomic, readwrite, nullable, copy) NSString *focusGroupIdentifier API_AVAILABLE(ios(14.0)) API_UNAVAILABLE(tvos, watchos);",missing_swift,add_swift_dsl,byFocusGroupIdentifier,,,JobsByPods/JobsOCDSL@Pods/Core/UIKit/UIView+DSLs/UIView+DSL/UIView+DSL.h:217; JobsByPods/JobsOCDSL@Pods/Core/UIKit/UIView+DSLs/UIView+DSL/UIView+DSL.m:404,,
UIView,property,focusGroupPriority,,byFocusGroupPriority,focusgrouppriority,NO,NO,System/Library/Frameworks/UIKit.framework/Headers/UIView.h,168,"@property (nonatomic, readwrite) UIFocusGroupPriority focusGroupPriority API_AVAILABLE(ios(15.0)) API_UNAVAILABLE(tvos, watchos);",missing_swift,add_swift_dsl,byFocusGroupPriority,,,JobsByPods/JobsOCDSL@Pods/Core/UIKit/UIView+DSLs/UIView+DSL/UIView+DSL.h:218; JobsByPods/JobsOCDSL@Pods/Core/UIKit/UIView+DSLs/UIView+DSL/UIView+DSL.m:414,,
UIView,property,focusEffect,,byFocusEffect,focuseffect,NO,NO,System/Library/Frameworks/UIKit.framework/Headers/UIView.h,171,"@property (nonatomic, readwrite, nullable, copy) UIFocusEffect *focusEffect API_AVAILABLE(ios(15.0)) API_UNAVAILABLE(tvos, watchos);",missing_swift,add_swift_dsl,byFocusEffect,,,JobsByPods/JobsOCDSL@Pods/Core/UIKit/UIView+DSLs/UIView+DSL/UIView+DSL.h:219; JobsByPods/JobsOCDSL@Pods/Core/UIKit/UIView+DSLs/UIView+DSL/UIView+DSL.m:424,,
UIView,property,semanticContentAttribute,,bySemanticContentAttribute,semanticcontentattribute,NO,NO,System/Library/Frameworks/UIKit.framework/Headers/UIView.h,173,@property (nonatomic) UISemanticContentAttribute semanticContentAttribute API_AVAILABLE(ios(9.0));,missing_swift,add_swift_dsl,bySemanticContentAttribute,,,JobsByPods/JobsOCDSL@Pods/Core/UIKit/UIView+DSLs/UIView+DSL/UIView+DSL.h:203; JobsByPods/JobsOCDSL@Pods/Core/UIKit/UIView+DSLs/UIView+DSL/UIView+DSL.m:307,,
UIView,class_method,userInterfaceLayoutDirectionForSemanticContentAttribute,1,byUserInterfaceLayoutDirectionForSemanticContentAttribute,userinterfacelayoutdirectionforsemanticcontentattribute,,YES,System/Library/Frameworks/UIKit.framework/Headers/UIView.h,176,+ (UIUserInterfaceLayoutDirection)userInterfaceLayoutDirectionForSemanticContentAttribute:(UISemanticContentAttribute)attribute API_AVAILABLE(ios(9.0));,missing_both,review_class_member,,,,,,
UIView,property,effectiveUserInterfaceLayoutDirection,,byEffectiveUserInterfaceLayoutDirection,effectiveuserinterfacelayoutdirection,YES,NO,System/Library/Frameworks/UIKit.framework/Headers/UIView.h,182,"@property (readonly, nonatomic) UIUserInterfaceLayoutDirection effectiveUserInterfaceLayoutDirection API_AVAILABLE(ios(10.0)) API_UNAVAILABLE(watchos);",missing_both,review_readonly_terminal_or_skip,,,,,,
UIView,property,frame,,byFrame,frame,NO,NO,System/Library/Frameworks/UIKit.framework/Headers/UIView.h,189,@property(nonatomic) CGRect frame;,covered_both,ok,byFrame,byFrame,,JobsByPods/JobsOCDSL@Pods/Core/UIKit/UIView+DSLs/UIView+DSL/UIView+DSL.h:167; JobsByPods/JobsOCDSL@Pods/Core/UIKit/UIView+DSLs/UIView+DSL/UIView+DSL.m:34,JobsByPods/JobsSwiftDSL@Pods/UIKit/iOS.SDK/UIView/UIView+修改位置大小.swift:114; JobsByPods/JobsSwiftDSL@Pods/UIKit/iOS.SDK/UIView/UIView+修改位置大小.swift:287,
UIView,property,bounds,,byBounds,bounds,NO,NO,System/Library/Frameworks/UIKit.framework/Headers/UIView.h,192,@property(nonatomic) CGRect bounds;,covered_both,ok,byBounds,byBounds,,JobsByPods/JobsOCDSL@Pods/Core/UIKit/UIView+DSLs/UIView+DSL/UIView+DSL.h:168; JobsByPods/JobsOCDSL@Pods/Core/UIKit/UIView+DSLs/UIView+DSL/UIView+DSL.m:43,JobsByPods/JobsSwiftDSL@Pods/UIKit/iOS.SDK/UIView/UIView+修改位置大小.swift:126,
UIView,property,center,,byCenter,center,NO,NO,System/Library/Frameworks/UIKit.framework/Headers/UIView.h,193,@property(nonatomic) CGPoint center;,covered_both,ok,byCenter,byCenter,,JobsByPods/JobsOCDSL@Pods/Core/UIKit/UIView+DSLs/UIView+DSL/UIView+DSL.h:118; JobsByPods/JobsOCDSL@Pods/Core/UIKit/UIView+DSLs/UIView+DSL/UIView+DSL.m:957,JobsByPods/JobsSwiftDSL@Pods/UIKit/iOS.SDK/UIView/UIView+修改位置大小.swift:120,
UIView,property,transform,,byTransform,transform,NO,NO,System/Library/Frameworks/UIKit.framework/Headers/UIView.h,194,@property(nonatomic) CGAffineTransform transform;,covered_both,ok,byTransform,byTransform,,JobsByPods/JobsOCDSL@Pods/Core/UIKit/UIView+DSLs/UIView+DSL/UIView+DSL.h:170; JobsByPods/JobsOCDSL@Pods/Core/UIKit/UIView+DSLs/UIView+DSL/UIView+DSL.m:61,JobsByPods/JobsSwiftDSL@Pods/UIKit/iOS.SDK/UIView/UIView+DSL.swift:117; JobsByPods/JobsSwiftDSL@Pods/UIKit/iOS.SDK/UIView/UIView+DSL.swift:309,
UIView,property,transform3D,,byTransform3D,transform3d,NO,NO,System/Library/Frameworks/UIKit.framework/Headers/UIView.h,195,"@property(nonatomic) CATransform3D transform3D API_AVAILABLE(ios(13.0), tvos(13.0)) API_UNAVAILABLE(watchos);",covered_both,ok,byTransform3D,byTransform3D,,JobsByPods/JobsOCDSL@Pods/Core/UIKit/UIView+DSLs/UIView+DSL/UIView+DSL.h:171; JobsByPods/JobsOCDSL@Pods/Core/UIKit/UIView+DSLs/UIView+DSL/UIView+DSL.m:70,JobsByPods/JobsSwiftDSL@Pods/UIKit/iOS.SDK/UIView/UIView+DSL.swift:124; JobsByPods/JobsSwiftDSL@Pods/UIKit/iOS.SDK/UIView/UIView+DSL.swift:316,
UIView,property,contentScaleFactor,,byContentScaleFactor,contentscalefactor,NO,NO,System/Library/Frameworks/UIKit.framework/Headers/UIView.h,196,@property(nonatomic) CGFloat contentScaleFactor API_AVAILABLE(ios(4.0));,covered_both,ok,byContentScaleFactor,byContentScaleFactor,,JobsByPods/JobsOCDSL@Pods/Core/UIKit/UIView+DSLs/UIView+DSL/UIView+DSL.h:172; JobsByPods/JobsOCDSL@Pods/Core/UIKit/UIView+DSLs/UIView+DSL/UIView+DSL.m:79,JobsByPods/JobsSwiftDSL@Pods/UIKit/iOS.SDK/UIView/UIView+DSL.swift:131; JobsByPods/JobsSwiftDSL@Pods/UIKit/iOS.SDK/UIView/UIView+DSL.swift:323,
UIView,property,anchorPoint,,byAnchorPoint,anchorpoint,NO,NO,System/Library/Frameworks/UIKit.framework/Headers/UIView.h,199,@property(nonatomic) CGPoint anchorPoint API_AVAILABLE(ios(16.0)) API_UNAVAILABLE(watchos);,covered_both,ok,byAnchorPoint,byAnchorPoint,,JobsByPods/JobsOCDSL@Pods/Core/UIKit/UIView+DSLs/UIView+DSL/UIView+DSL.h:173; JobsByPods/JobsOCDSL@Pods/Core/UIKit/UIView+DSLs/UIView+DSL/UIView+DSL.m:88,JobsByPods/JobsSwiftDSL@Pods/UIKit/iOS.SDK/UIView/UIView+DSL.swift:138; JobsByPods/JobsSwiftDSL@Pods/UIKit/iOS.SDK/UIView/UIView+DSL.swift:330,
UIView,property,multipleTouchEnabled,,byMultipleTouchEnabled,multipletouchenabled,NO,NO,System/Library/Frameworks/UIKit.framework/Headers/UIView.h,201,"@property(nonatomic,getter=isMultipleTouchEnabled) BOOL multipleTouchEnabled API_UNAVAILABLE(tvos);",covered_both,ok,byMultipleTouchEnabled,byMultipleTouchEnabled,,JobsByPods/JobsOCDSL@Pods/Core/UIKit/UIView+DSLs/UIView+DSL/UIView+DSL.h:177; JobsByPods/JobsOCDSL@Pods/Core/UIKit/UIView+DSLs/UIView+DSL/UIView+DSL.m:116,JobsByPods/JobsSwiftDSL@Pods/UIKit/iOS.SDK/UIView/UIView+DSL.swift:144; JobsByPods/JobsSwiftDSL@Pods/UIKit/iOS.SDK/UIView/UIView+DSL.swift:336,
UIView,property,exclusiveTouch,,byExclusiveTouch,exclusivetouch,NO,NO,System/Library/Frameworks/UIKit.framework/Headers/UIView.h,202,"@property(nonatomic,getter=isExclusiveTouch) BOOL exclusiveTouch API_UNAVAILABLE(tvos);",covered_both,ok,byExclusiveTouch,byExclusiveTouch,,JobsByPods/JobsOCDSL@Pods/Core/UIKit/UIView+DSLs/UIView+DSL/UIView+DSL.h:178; JobsByPods/JobsOCDSL@Pods/Core/UIKit/UIView+DSLs/UIView+DSL/UIView+DSL.m:125,JobsByPods/JobsSwiftDSL@Pods/UIKit/iOS.SDK/UIView/UIView+DSL.swift:150; JobsByPods/JobsSwiftDSL@Pods/UIKit/iOS.SDK/UIView/UIView+DSL.swift:342,
UIView,property,autoresizesSubviews,,byAutoresizesSubviews,autoresizessubviews,NO,NO,System/Library/Frameworks/UIKit.framework/Headers/UIView.h,212,@property(nonatomic) BOOL autoresizesSubviews;,covered_both,ok,byAutoresizesSubviews,byAutoresizesSubviews,,JobsByPods/JobsOCDSL@Pods/Core/UIKit/UIView+DSLs/UIView+DSL/UIView+DSL.h:205; JobsByPods/JobsOCDSL@Pods/Core/UIKit/UIView+DSLs/UIView+DSL/UIView+DSL.m:316,JobsByPods/JobsSwiftDSL@Pods/UIKit/iOS.SDK/UIView/UIView+DSL.swift:156; JobsByPods/JobsSwiftDSL@Pods/UIKit/iOS.SDK/UIView/UIView+DSL.swift:348,
UIView,property,autoresizingMask,,byAutoresizingMask,autoresizingmask,NO,NO,System/Library/Frameworks/UIKit.framework/Headers/UIView.h,213,@property(nonatomic) UIViewAutoresizing autoresizingMask;,covered_both,ok,byAutoresizingMask,byAutoresizingMask,,JobsByPods/JobsOCDSL@Pods/Core/UIKit/UIView+DSLs/UIView+DSL/UIView+DSL.h:206; JobsByPods/JobsOCDSL@Pods/Core/UIKit/UIView+DSLs/UIView+DSL/UIView+DSL.m:325,JobsByPods/JobsSwiftDSL@Pods/UIKit/iOS.SDK/UIView/UIView+DSL.swift:162; JobsByPods/JobsSwiftDSL@Pods/UIKit/iOS.SDK/UIView/UIView+DSL.swift:354,
UIView,instance_method,sizeThatFits,1,bySizeThatFits,sizethatfits,,NO,System/Library/Frameworks/UIKit.framework/Headers/UIView.h,215,- (CGSize)sizeThatFits:(CGSize)size;,missing_oc,review_terminal_query,,bySizeThatFits,,,JobsByPods/JobsSwiftDSL@Pods/UIKit/iOS.SDK/UIView/UIView+DSL.swift:580,
UIView,instance_method,sizeToFit,0,bySizeToFit,sizetofit,,NO,System/Library/Frameworks/UIKit.framework/Headers/UIView.h,216,- (void)sizeToFit;,covered_both,ok,bySizeToFit,bySizeToFit,bySizeToFit,JobsByPods/JobsOCDSL@Pods/Core/UIKit/UIView+DSLs/UIView+DSL/UIView+DSL.h:244; JobsByPods/JobsOCDSL@Pods/Core/UIKit/UIView+DSLs/UIView+DSL/UIView+DSL.m:576,JobsByPods/JobsSwiftDSL@Pods/UIKit/iOS.SDK/UIView/UIView+DSL.swift:586,JobsByPods/JobsBaseUI@Pods/Support/UIKit/UIView/UIView+AutoSelfAdaptionSize/UIView+AutoSelfAdaptionSize.h:54; JobsByPods/JobsBaseUI@Pods/Support/UIKit/UIView/UIView+AutoSelfAdaptionSize/UIView+AutoSelfAdaptionSize.m:13; JobsByPods/JobsBaseUI@Pods/Support/UIKit/UIView/UIView+Extra/UIView+Extra.h:102; JobsByPods/JobsBaseUI@Pods/Support/UIKit/UIView/UIView+Extra/UIView+Extra.m:204; JobsByPods/JobsByOCPods@Pods/Core/UIKit/UIView/UIView+AutoSelfAdaptionSize/UIView+AutoSelfAdaptionSize.h:58; JobsByPods/JobsByOCPods@Pods/Core/UIKit/UIView/UIView+AutoSelfAdaptionSize/UIView+AutoSelfAdaptionSize.m:13
UIView,property,superview,,bySuperview,superview,YES,NO,System/Library/Frameworks/UIKit.framework/Headers/UIView.h,222,"@property(nullable, nonatomic,readonly) UIView *superview;",missing_both,review_readonly_terminal_or_skip,,,,,,
UIView,property,subviews,,bySubviews,subviews,YES,NO,System/Library/Frameworks/UIKit.framework/Headers/UIView.h,223,"@property(nonatomic,readonly,copy) NSArray<__kindof UIView *> *subviews;",missing_both,review_readonly_terminal_or_skip,,,,,,
UIView,property,window,,byWindow,window,YES,NO,System/Library/Frameworks/UIKit.framework/Headers/UIView.h,224,"@property(nullable, nonatomic,readonly) UIWindow *window;",missing_both,review_readonly_terminal_or_skip,,,,,,
UIView,instance_method,removeFromSuperview,0,byRemoveFromSuperview,removefromsuperview,,NO,System/Library/Frameworks/UIKit.framework/Headers/UIView.h,226,- (void)removeFromSuperview;,covered_both,ok,byRemoveFromSuperview,byRemoveFromSuperview,,JobsByPods/JobsOCDSL@Pods/Core/UIKit/UIView+DSLs/UIView+DSL/UIView+DSL.h:240; JobsByPods/JobsOCDSL@Pods/Core/UIKit/UIView+DSLs/UIView+DSL/UIView+DSL.m:540,JobsByPods/JobsSwiftDSL@Pods/UIKit/iOS.SDK/UIView/UIView+DSL.swift:556,
UIView,instance_method,addSubview,1,byAddSubview,addsubview,,NO,System/Library/Frameworks/UIKit.framework/Headers/UIView.h,230,- (void)addSubview:(UIView *)view;,missing_both_but_oc_support_has,promote_oc_support_and_add_swift_if_needed,,,addSubview,,,JobsByPods/JobsByOCPods@Pods/Core/UIKit/UIView/UIView+Extra/UIView+Extra.h:164; JobsByPods/JobsByOCPods@Pods/Core/UIKit/UIView/UIView+Extra/UIView+Extra.m:759
UIView,instance_method,bringSubviewToFront,1,byBringSubviewToFront,bringsubviewtofront,,NO,System/Library/Frameworks/UIKit.framework/Headers/UIView.h,234,- (void)bringSubviewToFront:(UIView *)view;,missing_swift,add_swift_dsl,byBringSubviewToFront,,,JobsByPods/JobsOCDSL@Pods/Core/UIKit/UIView+DSLs/UIView+DSL/UIView+DSL.h:230; JobsByPods/JobsOCDSL@Pods/Core/UIKit/UIView+DSLs/UIView+DSL/UIView+DSL.m:466,,
UIView,instance_method,sendSubviewToBack,1,bySendSubviewToBack,sendsubviewtoback,,NO,System/Library/Frameworks/UIKit.framework/Headers/UIView.h,235,- (void)sendSubviewToBack:(UIView *)view;,missing_swift,add_swift_dsl,bySendSubviewToBack,,,JobsByPods/JobsOCDSL@Pods/Core/UIKit/UIView+DSLs/UIView+DSL/UIView+DSL.h:232; JobsByPods/JobsOCDSL@Pods/Core/UIKit/UIView+DSLs/UIView+DSL/UIView+DSL.m:475,,
UIView,instance_method,didAddSubview,1,byDidAddSubview,didaddsubview,,NO,System/Library/Frameworks/UIKit.framework/Headers/UIView.h,237,- (void)didAddSubview:(UIView *)subview;,missing_both,add_both_if_chainable,,,,,,
UIView,instance_method,willRemoveSubview,1,byWillRemoveSubview,willremovesubview,,NO,System/Library/Frameworks/UIKit.framework/Headers/UIView.h,238,- (void)willRemoveSubview:(UIView *)subview;,missing_both,add_both_if_chainable,,,,,,
UIView,instance_method,willMoveToSuperview,1,byWillMoveToSuperview,willmovetosuperview,,NO,System/Library/Frameworks/UIKit.framework/Headers/UIView.h,240,- (void)willMoveToSuperview:(nullable UIView *)newSuperview;,missing_both,add_both_if_chainable,,,,,,
UIView,instance_method,didMoveToSuperview,0,byDidMoveToSuperview,didmovetosuperview,,NO,System/Library/Frameworks/UIKit.framework/Headers/UIView.h,241,- (void)didMoveToSuperview;,missing_both,add_both_if_chainable,,,,,,
UIView,instance_method,willMoveToWindow,1,byWillMoveToWindow,willmovetowindow,,NO,System/Library/Frameworks/UIKit.framework/Headers/UIView.h,242,- (void)willMoveToWindow:(nullable UIWindow *)newWindow;,missing_both,add_both_if_chainable,,,,,,
UIView,instance_method,didMoveToWindow,0,byDidMoveToWindow,didmovetowindow,,NO,System/Library/Frameworks/UIKit.framework/Headers/UIView.h,243,- (void)didMoveToWindow;,missing_both,add_both_if_chainable,,,,,,
UIView,instance_method,isDescendantOfView,1,byDescendantOfView,descendantofview,,NO,System/Library/Frameworks/UIKit.framework/Headers/UIView.h,245,- (BOOL)isDescendantOfView:(UIView *)view;,missing_both,review_terminal_query,,,,,,
UIView,instance_method,viewWithTag,1,byViewWithTag,viewwithtag,,NO,System/Library/Frameworks/UIKit.framework/Headers/UIView.h,246,- (nullable __kindof UIView *)viewWithTag:(NSInteger)tag;,missing_both,review_terminal_query,,,,,,
UIView,instance_method,setNeedsUpdateProperties,0,bySetNeedsUpdateProperties,setneedsupdateproperties,,NO,System/Library/Frameworks/UIKit.framework/Headers/UIView.h,250,"- (void)setNeedsUpdateProperties API_AVAILABLE(ios(26.0), tvos(26.0), visionos(26.0)) API_UNAVAILABLE(watchos);",missing_both,add_both_if_chainable,,,,,,
UIView,instance_method,updateProperties,0,byUpdateProperties,updateproperties,,NO,System/Library/Frameworks/UIKit.framework/Headers/UIView.h,253,"- (void)updateProperties NS_REQUIRES_SUPER API_AVAILABLE(ios(26.0), tvos(26.0), visionos(26.0)) API_UNAVAILABLE(watchos);",missing_both,add_both_if_chainable,,,,,,
UIView,instance_method,updatePropertiesIfNeeded,0,byUpdatePropertiesIfNeeded,updatepropertiesifneeded,,NO,System/Library/Frameworks/UIKit.framework/Headers/UIView.h,256,"- (void)updatePropertiesIfNeeded API_AVAILABLE(ios(26.0), tvos(26.0), visionos(26.0)) API_UNAVAILABLE(watchos);",missing_both,add_both_if_chainable,,,,,,
UIView,instance_method,setNeedsLayout,0,bySetNeedsLayout,setneedslayout,,NO,System/Library/Frameworks/UIKit.framework/Headers/UIView.h,259,- (void)setNeedsLayout;,covered_both,ok,bySetNeedsLayout,bySetNeedsLayout,,JobsByPods/JobsOCDSL@Pods/Core/UIKit/UIView+DSLs/UIView+DSL/UIView+DSL.h:242; JobsByPods/JobsOCDSL@Pods/Core/UIKit/UIView+DSLs/UIView+DSL/UIView+DSL.m:558,JobsByPods/JobsSwiftDSL@Pods/UIKit/iOS.SDK/UIView/UIView+DSL.swift:568,
UIView,instance_method,layoutIfNeeded,0,byLayoutIfNeeded,layoutifneeded,,NO,System/Library/Frameworks/UIKit.framework/Headers/UIView.h,260,- (void)layoutIfNeeded;,covered_both,ok,byLayoutIfNeeded,byLayoutIfNeeded,,JobsByPods/JobsOCDSL@Pods/Core/UIKit/UIView+DSLs/UIView+DSL/UIView+DSL.h:243; JobsByPods/JobsOCDSL@Pods/Core/UIKit/UIView+DSLs/UIView+DSL/UIView+DSL.m:567,JobsByPods/JobsSwiftDSL@Pods/UIKit/iOS.SDK/UIView/UIView+DSL.swift:574,
UIView,instance_method,layoutSubviews,0,byLayoutSubviews,layoutsubviews,,NO,System/Library/Frameworks/UIKit.framework/Headers/UIView.h,262,- (void)layoutSubviews;,missing_both,add_both_if_chainable,,,,,,
UIView,property,layoutMargins,,byLayoutMargins,layoutmargins,NO,NO,System/Library/Frameworks/UIKit.framework/Headers/UIView.h,265,@property (nonatomic) UIEdgeInsets layoutMargins API_AVAILABLE(ios(8.0));,covered_both,ok,byLayoutMargins,byLayoutMargins,,JobsByPods/JobsOCDSL@Pods/Core/UIKit/UIView+DSLs/UIView+DSL/UIView+DSL.h:207; JobsByPods/JobsOCDSL@Pods/Core/UIKit/UIView+DSLs/UIView+DSL/UIView+DSL.m:334,JobsByPods/JobsSwiftDSL@Pods/UIKit/iOS.SDK/UIView/UIView+DSL.swift:169; JobsByPods/JobsSwiftDSL@Pods/UIKit/iOS.SDK/UIView/UIView+DSL.swift:361,
UIView,property,directionalLayoutMargins,,byDirectionalLayoutMargins,directionallayoutmargins,NO,NO,System/Library/Frameworks/UIKit.framework/Headers/UIView.h,268,"@property (nonatomic) NSDirectionalEdgeInsets directionalLayoutMargins API_AVAILABLE(ios(11.0), tvos(11.0)) API_UNAVAILABLE(watchos);",covered_both,ok,byDirectionalLayoutMargins,byDirectionalLayoutMargins,,JobsByPods/JobsOCDSL@Pods/Core/UIKit/UIView+DSLs/UIView+DSL/UIView+DSL.h:208; JobsByPods/JobsOCDSL@Pods/Core/UIKit/UIView+DSLs/UIView+DSL/UIView+DSL.m:344,JobsByPods/JobsSwiftDSL@Pods/UIKit/iOS.SDK/UIView/UIView+DSL.swift:176; JobsByPods/JobsSwiftDSL@Pods/UIKit/iOS.SDK/UIView/UIView+DSL.swift:368,
UIView,property,preservesSuperviewLayoutMargins,,byPreservesSuperviewLayoutMargins,preservessuperviewlayoutmargins,NO,NO,System/Library/Frameworks/UIKit.framework/Headers/UIView.h,270,@property (nonatomic) BOOL preservesSuperviewLayoutMargins API_AVAILABLE(ios(8.0));,covered_both,ok,byPreservesSuperviewLayoutMargins,byPreservesSuperviewLayoutMargins,,JobsByPods/JobsOCDSL@Pods/Core/UIKit/UIView+DSLs/UIView+DSL/UIView+DSL.h:209; JobsByPods/JobsOCDSL@Pods/Core/UIKit/UIView+DSLs/UIView+DSL/UIView+DSL.m:354,JobsByPods/JobsSwiftDSL@Pods/UIKit/iOS.SDK/UIView/UIView+DSL.swift:183; JobsByPods/JobsSwiftDSL@Pods/UIKit/iOS.SDK/UIView/UIView+DSL.swift:375,
UIView,property,insetsLayoutMarginsFromSafeArea,,byInsetsLayoutMarginsFromSafeArea,insetslayoutmarginsfromsafearea,NO,NO,System/Library/Frameworks/UIKit.framework/Headers/UIView.h,271,"@property (nonatomic) BOOL insetsLayoutMarginsFromSafeArea API_AVAILABLE(ios(11.0), tvos(11.0)) API_UNAVAILABLE(watchos);",covered_both,ok,byInsetsLayoutMarginsFromSafeArea,byInsetsLayoutMarginsFromSafeArea,,JobsByPods/JobsOCDSL@Pods/Core/UIKit/UIView+DSLs/UIView+DSL/UIView+DSL.h:210; JobsByPods/JobsOCDSL@Pods/Core/UIKit/UIView+DSLs/UIView+DSL/UIView+DSL.m:364,JobsByPods/JobsSwiftDSL@Pods/UIKit/iOS.SDK/UIView/UIView+DSL.swift:190; JobsByPods/JobsSwiftDSL@Pods/UIKit/iOS.SDK/UIView/UIView+DSL.swift:382,
UIView,instance_method,layoutMarginsDidChange,0,byLayoutMarginsDidChange,layoutmarginsdidchange,,NO,System/Library/Frameworks/UIKit.framework/Headers/UIView.h,273,- (void)layoutMarginsDidChange API_AVAILABLE(ios(8.0));,missing_both,add_both_if_chainable,,,,,,
UIView,property,safeAreaInsets,,bySafeAreaInsets,safeareainsets,YES,NO,System/Library/Frameworks/UIKit.framework/Headers/UIView.h,275,"@property (nonatomic,readonly) UIEdgeInsets safeAreaInsets API_AVAILABLE(ios(11.0), tvos(11.0)) API_UNAVAILABLE(watchos);",missing_both,review_readonly_terminal_or_skip,,,,,,
UIView,instance_method,safeAreaInsetsDidChange,0,bySafeAreaInsetsDidChange,safeareainsetsdidchange,,NO,System/Library/Frameworks/UIKit.framework/Headers/UIView.h,276,"- (void)safeAreaInsetsDidChange API_AVAILABLE(ios(11.0), tvos(11.0)) API_UNAVAILABLE(watchos);",missing_both,review_terminal_query,,,,,,
UIView,property,layoutMarginsGuide,,byLayoutMarginsGuide,layoutmarginsguide,YES,NO,System/Library/Frameworks/UIKit.framework/Headers/UIView.h,279,"@property(readonly,strong) UILayoutGuide *layoutMarginsGuide API_AVAILABLE(ios(9.0));",missing_both,review_readonly_terminal_or_skip,,,,,,
UIView,property,readableContentGuide,,byReadableContentGuide,readablecontentguide,YES,NO,System/Library/Frameworks/UIKit.framework/Headers/UIView.h,282,"@property (nonatomic, readonly, strong) UILayoutGuide *readableContentGuide API_AVAILABLE(ios(9.0));",missing_both,review_readonly_terminal_or_skip,,,,,,
UIView,property,safeAreaLayoutGuide,,bySafeAreaLayoutGuide,safearealayoutguide,YES,NO,System/Library/Frameworks/UIKit.framework/Headers/UIView.h,285,"@property(nonatomic,readonly,strong) UILayoutGuide *safeAreaLayoutGuide API_AVAILABLE(ios(11.0), tvos(11.0)) API_UNAVAILABLE(watchos);",missing_both,review_readonly_terminal_or_skip,,,,,,
UIView,property,keyboardLayoutGuide,,byKeyboardLayoutGuide,keyboardlayoutguide,YES,NO,System/Library/Frameworks/UIKit.framework/Headers/UIView.h,288,"@property(nonatomic,readonly,strong) UIKeyboardLayoutGuide *keyboardLayoutGuide API_AVAILABLE(ios(15.0)) API_UNAVAILABLE(tvos) API_UNAVAILABLE(watchos);",missing_both,review_readonly_terminal_or_skip,,,,,,
UIView,instance_method,drawRect,1,byDrawRect,drawrect,,NO,System/Library/Frameworks/UIKit.framework/Headers/UIView.h,294,- (void)drawRect:(CGRect)rect;,missing_both,review_terminal_query,,,,,,
UIView,instance_method,setNeedsDisplay,0,bySetNeedsDisplay,setneedsdisplay,,NO,System/Library/Frameworks/UIKit.framework/Headers/UIView.h,296,- (void)setNeedsDisplay;,missing_swift,add_swift_dsl,bySetNeedsDisplay,,,JobsByPods/JobsOCDSL@Pods/Core/UIKit/UIView+DSLs/UIView+DSL/UIView+DSL.h:241; JobsByPods/JobsOCDSL@Pods/Core/UIKit/UIView+DSLs/UIView+DSL/UIView+DSL.m:549,,
UIView,instance_method,setNeedsDisplayInRect,1,bySetNeedsDisplayInRect,setneedsdisplayinrect,,NO,System/Library/Frameworks/UIKit.framework/Headers/UIView.h,297,- (void)setNeedsDisplayInRect:(CGRect)rect;,missing_swift,add_swift_dsl,bySetNeedsDisplayInRect,,,JobsByPods/JobsOCDSL@Pods/Core/UIKit/UIView+DSLs/UIView+DSL/UIView+DSL.h:239; JobsByPods/JobsOCDSL@Pods/Core/UIKit/UIView+DSLs/UIView+DSL/UIView+DSL.m:531,,
UIView,property,clipsToBounds,,byClipsToBounds,clipstobounds,NO,NO,System/Library/Frameworks/UIKit.framework/Headers/UIView.h,299,@property(nonatomic) BOOL clipsToBounds;,covered_both,ok,byClipsToBounds,byClipsToBounds,,JobsByPods/JobsOCDSL@Pods/Core/UIKit/UIView+DSLs/UIView+DSL/UIView+DSL.h:191; JobsByPods/JobsOCDSL@Pods/Core/UIKit/UIView+DSLs/UIView+DSL/UIView+DSL.m:203,JobsByPods/JobsSwiftDSL@Pods/UIKit/iOS.SDK/UIView/UIView+DSL.swift:247; JobsByPods/JobsSwiftDSL@Pods/UIKit/iOS.SDK/UIView/UIView+DSL.swift:52,
UIView,property,backgroundColor,,byBackgroundColor,backgroundcolor,NO,NO,System/Library/Frameworks/UIKit.framework/Headers/UIView.h,300,"@property(nullable, nonatomic,copy) UIColor *backgroundColor UI_APPEARANCE_SELECTOR;",missing_swift,add_swift_dsl,byBgColor,,,JobsByPods/JobsOCDSL@Pods/Core/UIKit/UIView+DSLs/UIView+DSL/UIView+DSL.h:192; JobsByPods/JobsOCDSL@Pods/Core/UIKit/UIView+DSLs/UIView+DSL/UIView+DSL.m:212,,
UIView,property,alpha,,byAlpha,alpha,NO,NO,System/Library/Frameworks/UIKit.framework/Headers/UIView.h,301,@property(nonatomic) CGFloat alpha;,covered_both,ok,byAlpha,byAlpha,,JobsByPods/JobsOCDSL@Pods/Core/UIKit/UIView+DSLs/UIView+DSL/UIView+DSL.h:193; JobsByPods/JobsOCDSL@Pods/Core/UIKit/UIView+DSLs/UIView+DSL/UIView+DSL.m:221,JobsByPods/JobsSwiftDSL@Pods/UIKit/iOS.SDK/UIView/UIView+DSL.swift:235; JobsByPods/JobsSwiftDSL@Pods/UIKit/iOS.SDK/UIView/UIView+DSL.swift:24,
UIView,property,opaque,,byOpaque,opaque,NO,NO,System/Library/Frameworks/UIKit.framework/Headers/UIView.h,302,"@property(nonatomic,getter=isOpaque) BOOL opaque;",missing_swift,add_swift_dsl,byOpaque,,,JobsByPods/JobsOCDSL@Pods/Core/UIKit/UIView+DSLs/UIView+DSL/UIView+DSL.h:194; JobsByPods/JobsOCDSL@Pods/Core/UIKit/UIView+DSLs/UIView+DSL/UIView+DSL.m:230,,
UIView,property,clearsContextBeforeDrawing,,byClearsContextBeforeDrawing,clearscontextbeforedrawing,NO,NO,System/Library/Frameworks/UIKit.framework/Headers/UIView.h,303,@property(nonatomic) BOOL clearsContextBeforeDrawing;,missing_swift,add_swift_dsl,byClearsContextBeforeDrawing,,,JobsByPods/JobsOCDSL@Pods/Core/UIKit/UIView+DSLs/UIView+DSL/UIView+DSL.h:195; JobsByPods/JobsOCDSL@Pods/Core/UIKit/UIView+DSLs/UIView+DSL/UIView+DSL.m:239,,
UIView,property,hidden,,byHidden,hidden,NO,NO,System/Library/Frameworks/UIKit.framework/Headers/UIView.h,304,"@property(nonatomic,getter=isHidden) BOOL hidden;",covered_both,ok,byHidden,byHidden,,JobsByPods/JobsOCDSL@Pods/Core/UIKit/UIView+DSLs/UIView+DSL/UIView+DSL.h:196; JobsByPods/JobsOCDSL@Pods/Core/UIKit/UIView+DSLs/UIView+DSL/UIView+DSL.m:248,JobsByPods/JobsSwiftDSL@Pods/UIKit/iOS.SDK/UIView/UIView+DSL.swift:18; JobsByPods/JobsSwiftDSL@Pods/UIKit/iOS.SDK/UIView/UIView+DSL.swift:229,
UIView,property,contentMode,,byContentMode,contentmode,NO,NO,System/Library/Frameworks/UIKit.framework/Headers/UIView.h,305,@property(nonatomic) UIViewContentMode contentMode;,covered_both,ok,byContentMode,byContentMode,,JobsByPods/JobsOCDSL@Pods/Core/UIKit/UIView+DSLs/UIView+DSL/UIView+DSL.h:198; JobsByPods/JobsOCDSL@Pods/Core/UIKit/UIView+DSLs/UIView+DSL/UIView+DSL.m:271,JobsByPods/JobsSwiftDSL@Pods/UIKit/iOS.SDK/UIView/UIView+DSL.swift:196; JobsByPods/JobsSwiftDSL@Pods/UIKit/iOS.SDK/UIView/UIView+DSL.swift:388,
UIView,property,contentStretch,,byContentStretch,contentstretch,NO,NO,System/Library/Frameworks/UIKit.framework/Headers/UIView.h,306,"@property(nonatomic) CGRect contentStretch API_DEPRECATED("""", ios(3.0, 6.0)) API_UNAVAILABLE(tvos) API_UNAVAILABLE(visionos, watchos);",missing_both,add_both_if_chainable,,,,,,
UIView,property,maskView,,byMaskView,maskview,NO,NO,System/Library/Frameworks/UIKit.framework/Headers/UIView.h,308,"@property(nullable, nonatomic,strong) UIView *maskView API_AVAILABLE(ios(8.0));",missing_swift,add_swift_dsl,byMaskView,,,JobsByPods/JobsOCDSL@Pods/Core/UIKit/UIView+DSLs/UIView+DSL/UIView+DSL.h:199; JobsByPods/JobsOCDSL@Pods/Core/UIKit/UIView+DSLs/UIView+DSL/UIView+DSL.m:280,,
UIView,property,tintColor,,byTintColor,tintcolor,NO,NO,System/Library/Frameworks/UIKit.framework/Headers/UIView.h,311,"@property(null_resettable, nonatomic, strong) UIColor *tintColor API_AVAILABLE(ios(7.0));",missing_swift,add_swift_dsl,byTintColor,,,JobsByPods/JobsOCDSL@Pods/Core/UIKit/UIView+DSLs/UIView+DSL/UIView+DSL.h:200; JobsByPods/JobsOCDSL@Pods/Core/UIKit/UIView+DSLs/UIView+DSL/UIView+DSL.m:289,,
UIView,property,tintAdjustmentMode,,byTintAdjustmentMode,tintadjustmentmode,NO,NO,System/Library/Frameworks/UIKit.framework/Headers/UIView.h,314,@property(nonatomic) UIViewTintAdjustmentMode tintAdjustmentMode API_AVAILABLE(ios(7.0));,missing_swift,add_swift_dsl,byTintAdjustmentMode,,,JobsByPods/JobsOCDSL@Pods/Core/UIKit/UIView+DSLs/UIView+DSL/UIView+DSL.h:201; JobsByPods/JobsOCDSL@Pods/Core/UIKit/UIView+DSLs/UIView+DSL/UIView+DSL.m:298,,
UIView,instance_method,tintColorDidChange,0,byTintColorDidChange,tintcolordidchange,,NO,System/Library/Frameworks/UIKit.framework/Headers/UIView.h,317,- (void)tintColorDidChange API_AVAILABLE(ios(7.0));,missing_both,add_both_if_chainable,,,,,,
UIView,class_method,setAnimationsEnabled,1,bySetAnimationsEnabled,setanimationsenabled,,YES,System/Library/Frameworks/UIKit.framework/Headers/UIView.h,323,+ (void)setAnimationsEnabled:(BOOL)enabled;,missing_both,review_class_member,,,,,,
UIView,property,areAnimationsEnabled,,byAreAnimationsEnabled,areanimationsenabled,YES,YES,System/Library/Frameworks/UIKit.framework/Headers/UIView.h,324,"@property(class, nonatomic, readonly) BOOL areAnimationsEnabled;",missing_both,review_readonly_terminal_or_skip,,,,,,
UIView,class_method,performWithoutAnimation,1,byPerformWithoutAnimation,performwithoutanimation,,YES,System/Library/Frameworks/UIKit.framework/Headers/UIView.h,325,+ (void)performWithoutAnimation:(void (NS_NOESCAPE ^)(void))actionsWithoutAnimation API_AVAILABLE(ios(7.0));,missing_both,review_class_member,,,,,,
UIView,property,inheritedAnimationDuration,,byInheritedAnimationDuration,inheritedanimationduration,YES,YES,System/Library/Frameworks/UIKit.framework/Headers/UIView.h,327,"@property(class, nonatomic, readonly) NSTimeInterval inheritedAnimationDuration API_AVAILABLE(ios(9.0));",missing_both,review_readonly_terminal_or_skip,,,,,,
UIView,property,gestureRecognizers,,byGestureRecognizers,gesturerecognizers,NO,NO,System/Library/Frameworks/UIKit.framework/Headers/UIView.h,366,"@property(nullable, nonatomic,copy) NSArray<__kindof UIGestureRecognizer *> *gestureRecognizers API_AVAILABLE(ios(3.2));",missing_both,add_both_if_chainable,,,,,,
UIView,instance_method,addGestureRecognizer,1,byAddGestureRecognizer,addgesturerecognizer,,NO,System/Library/Frameworks/UIKit.framework/Headers/UIView.h,368,- (void)addGestureRecognizer:(UIGestureRecognizer*)gestureRecognizer API_AVAILABLE(ios(3.2));,missing_swift,add_swift_dsl,"addGestureRecognizer, byAddGestureRecognizer",,addGestureRecognizer,JobsByPods/JobsOCDSL@Pods/Core/UIKit/UIView+DSLs/UIView+DSL/UIView+DSL.h:235; JobsByPods/JobsOCDSL@Pods/Core/UIKit/UIView+DSLs/UIView+DSL/UIView+DSL.m:493; JobsByPods/JobsOCDSL@Pods/Support/UIKit/UIView/UIView+Extra/UIView+Extra.h:24; JobsByPods/JobsOCDSL@Pods/Support/UIKit/UIView/UIView+Extra/UIView+Extra.m:21,,JobsByPods/JobsBaseUI@Pods/Support/UIKit/UIView/UIView+Extra/UIView+Extra.h:77; JobsByPods/JobsBaseUI@Pods/Support/UIKit/UIView/UIView+Extra/UIView+Extra.m:88; JobsByPods/JobsByOCPods@Pods/Core/UIKit/UIView/UIView+Extra/UIView+Extra.h:159; JobsByPods/JobsByOCPods@Pods/Core/UIKit/UIView/UIView+Extra/UIView+Extra.m:724; JobsByPods/JobsByOCPods@Pods/Core/UIKit/UIView/UIView+JHGestureBlock/UIView+JHGestureBlock.h:27; JobsByPods/JobsByOCPods@Pods/Core/UIKit/UIView/UIView+JHGestureBlock/UIView+JHGestureBlock.m:13
UIView,instance_method,removeGestureRecognizer,1,byRemoveGestureRecognizer,removegesturerecognizer,,NO,System/Library/Frameworks/UIKit.framework/Headers/UIView.h,369,- (void)removeGestureRecognizer:(UIGestureRecognizer*)gestureRecognizer API_AVAILABLE(ios(3.2));,missing_swift,add_swift_dsl,byRemoveGestureRecognizer,,,JobsByPods/JobsOCDSL@Pods/Core/UIKit/UIView+DSLs/UIView+DSL/UIView+DSL.h:236; JobsByPods/JobsOCDSL@Pods/Core/UIKit/UIView+DSLs/UIView+DSL/UIView+DSL.m:502,,
UIView,instance_method,gestureRecognizerShouldBegin,1,byGestureRecognizerShouldBegin,gesturerecognizershouldbegin,,NO,System/Library/Frameworks/UIKit.framework/Headers/UIView.h,374,- (BOOL)gestureRecognizerShouldBegin:(UIGestureRecognizer *)gestureRecognizer API_AVAILABLE(ios(6.0));,missing_both,review_terminal_query,,,,,,
UIView,instance_method,addMotionEffect,1,byAddMotionEffect,addmotioneffect,,NO,System/Library/Frameworks/UIKit.framework/Headers/UIView.h,381,- (void)addMotionEffect:(UIMotionEffect *)effect API_AVAILABLE(ios(7.0));,missing_both,add_both_if_chainable,,,,,,
UIView,instance_method,removeMotionEffect,1,byRemoveMotionEffect,removemotioneffect,,NO,System/Library/Frameworks/UIKit.framework/Headers/UIView.h,384,- (void)removeMotionEffect:(UIMotionEffect *)effect API_AVAILABLE(ios(7.0));,missing_both,add_both_if_chainable,,,,,,
UIView,property,motionEffects,,byMotionEffects,motioneffects,NO,NO,System/Library/Frameworks/UIKit.framework/Headers/UIView.h,386,"@property (copy, nonatomic) NSArray<__kindof UIMotionEffect *> *motionEffects API_AVAILABLE(ios(7.0));",missing_both,add_both_if_chainable,,,,,,
UIView,property,constraints,,byConstraints,constraints,YES,NO,System/Library/Frameworks/UIKit.framework/Headers/UIView.h,405,"@property(nonatomic,readonly) NSArray<__kindof NSLayoutConstraint *> *constraints API_AVAILABLE(ios(6.0));",missing_oc,review_readonly_terminal_or_skip,,byConstraints,,,JobsByPods/JobsSwiftDSL@Pods/UIKit/iOS.SDK/UIView/UIView+DSL.swift:639,
UIView,instance_method,addConstraint,1,byAddConstraint,addconstraint,,NO,System/Library/Frameworks/UIKit.framework/Headers/UIView.h,407,- (void)addConstraint:(NSLayoutConstraint *)constraint API_AVAILABLE(ios(6.0));,missing_both,add_both_if_chainable,,,,,,
UIView,instance_method,addConstraints,1,byAddConstraints,addconstraints,,NO,System/Library/Frameworks/UIKit.framework/Headers/UIView.h,408,- (void)addConstraints:(NSArray<__kindof NSLayoutConstraint *> *)constraints API_AVAILABLE(ios(6.0));,missing_both,add_both_if_chainable,,,,,,
UIView,instance_method,removeConstraint,1,byRemoveConstraint,removeconstraint,,NO,System/Library/Frameworks/UIKit.framework/Headers/UIView.h,409,- (void)removeConstraint:(NSLayoutConstraint *)constraint API_AVAILABLE(ios(6.0));,missing_both,add_both_if_chainable,,,,,,
UIView,instance_method,removeConstraints,1,byRemoveConstraints,removeconstraints,,NO,System/Library/Frameworks/UIKit.framework/Headers/UIView.h,410,- (void)removeConstraints:(NSArray<__kindof NSLayoutConstraint *> *)constraints API_AVAILABLE(ios(6.0));,missing_oc,add_oc_dsl,,byRemoveConstraints,,,JobsByPods/JobsByUIKit@Pods/iOS.SDK/UIView/UIView+SnapKit.swift:127,
UIView,instance_method,updateConstraintsIfNeeded,0,byUpdateConstraintsIfNeeded,updateconstraintsifneeded,,NO,System/Library/Frameworks/UIKit.framework/Headers/UIView.h,418,- (void)updateConstraintsIfNeeded API_AVAILABLE(ios(6.0));,missing_swift,add_swift_dsl,byUpdateConstraintsIfNeeded,,,JobsByPods/JobsOCDSL@Pods/Core/UIKit/UIView+DSLs/UIView+DSL/UIView+DSL.h:246; JobsByPods/JobsOCDSL@Pods/Core/UIKit/UIView+DSLs/UIView+DSL/UIView+DSL.m:594,,
UIView,instance_method,updateConstraints,0,byUpdateConstraints,updateconstraints,,NO,System/Library/Frameworks/UIKit.framework/Headers/UIView.h,419,- (void)updateConstraints API_AVAILABLE(ios(6.0)) NS_REQUIRES_SUPER;,missing_oc,add_oc_dsl,,byUpdateConstraints,,,JobsByPods/JobsByUIKit@Pods/iOS.SDK/UIView/UIView+SnapKit.swift:120,
UIView,instance_method,needsUpdateConstraints,0,byNeedsUpdateConstraints,needsupdateconstraints,,NO,System/Library/Frameworks/UIKit.framework/Headers/UIView.h,420,- (BOOL)needsUpdateConstraints API_AVAILABLE(ios(6.0));,missing_both,review_terminal_query,,,,,,
UIView,instance_method,setNeedsUpdateConstraints,0,bySetNeedsUpdateConstraints,setneedsupdateconstraints,,NO,System/Library/Frameworks/UIKit.framework/Headers/UIView.h,421,- (void)setNeedsUpdateConstraints API_AVAILABLE(ios(6.0));,missing_swift,add_swift_dsl,bySetNeedsUpdateConstraints,,,JobsByPods/JobsOCDSL@Pods/Core/UIKit/UIView+DSLs/UIView+DSL/UIView+DSL.h:245; JobsByPods/JobsOCDSL@Pods/Core/UIKit/UIView+DSLs/UIView+DSL/UIView+DSL.m:585,,
UIView,property,translatesAutoresizingMaskIntoConstraints,,byTranslatesAutoresizingMaskIntoConstraints,translatesautoresizingmaskintoconstraints,NO,NO,System/Library/Frameworks/UIKit.framework/Headers/UIView.h,429,@property(nonatomic) BOOL translatesAutoresizingMaskIntoConstraints API_AVAILABLE(ios(6.0));,missing_oc,add_oc_dsl,,byTranslatesAutoresizingMaskIntoConstraints,,,JobsByPods/JobsSwiftDSL@Pods/UIKit/iOS.SDK/UIView/UIView+DSL.swift:220; JobsByPods/JobsSwiftDSL@Pods/UIKit/iOS.SDK/UIView/UIView+DSL.swift:406,
UIView,property,requiresConstraintBasedLayout,,byRequiresConstraintBasedLayout,requiresconstraintbasedlayout,YES,YES,System/Library/Frameworks/UIKit.framework/Headers/UIView.h,432,"@property(class, nonatomic, readonly) BOOL requiresConstraintBasedLayout API_AVAILABLE(ios(6.0));",missing_both,review_readonly_terminal_or_skip,,,,,,
UIView,instance_method,alignmentRectForFrame,1,byAlignmentRectForFrame,alignmentrectforframe,,NO,System/Library/Frameworks/UIKit.framework/Headers/UIView.h,443,- (CGRect)alignmentRectForFrame:(CGRect)frame API_AVAILABLE(ios(6.0));,missing_both,review_terminal_query,,,,,,
UIView,instance_method,frameForAlignmentRect,1,byFrameForAlignmentRect,frameforalignmentrect,,NO,System/Library/Frameworks/UIKit.framework/Headers/UIView.h,444,- (CGRect)frameForAlignmentRect:(CGRect)alignmentRect API_AVAILABLE(ios(6.0));,missing_both,review_terminal_query,,,,,,
UIView,property,alignmentRectInsets,,byAlignmentRectInsets,alignmentrectinsets,YES,NO,System/Library/Frameworks/UIKit.framework/Headers/UIView.h,447,"@property(nonatomic, readonly) UIEdgeInsets alignmentRectInsets API_AVAILABLE(ios(6.0));",missing_both,review_readonly_terminal_or_skip,,,,,,
UIView,instance_method,viewForBaselineLayout,0,byViewForBaselineLayout,viewforbaselinelayout,,NO,System/Library/Frameworks/UIKit.framework/Headers/UIView.h,449,"- (UIView *)viewForBaselineLayout API_DEPRECATED(""Override -viewForFirstBaselineLayout or -viewForLastBaselineLayout as appropriate, instead"", ios(6.0, 9.0)) API_UNAVAILABLE(tvos) API_UNAVAILABLE(visionos, watchos);",missing_both,review_terminal_query,,,,,,
UIView,property,viewForFirstBaselineLayout,,byViewForFirstBaselineLayout,viewforfirstbaselinelayout,YES,NO,System/Library/Frameworks/UIKit.framework/Headers/UIView.h,452,"@property(readonly,strong) UIView *viewForFirstBaselineLayout API_AVAILABLE(ios(9.0));",missing_both,review_readonly_terminal_or_skip,,,,,,
UIView,property,viewForLastBaselineLayout,,byViewForLastBaselineLayout,viewforlastbaselinelayout,YES,NO,System/Library/Frameworks/UIKit.framework/Headers/UIView.h,455,"@property(readonly,strong) UIView *viewForLastBaselineLayout API_AVAILABLE(ios(9.0));",missing_both,review_readonly_terminal_or_skip,,,,,,
UIView,property,intrinsicContentSize,,byIntrinsicContentSize,intrinsiccontentsize,YES,NO,System/Library/Frameworks/UIKit.framework/Headers/UIView.h,459,"@property(nonatomic, readonly) CGSize intrinsicContentSize API_AVAILABLE(ios(6.0));",missing_both,review_readonly_terminal_or_skip,,,,,,
UIView,instance_method,invalidateIntrinsicContentSize,0,byInvalidateIntrinsicContentSize,invalidateintrinsiccontentsize,,NO,System/Library/Frameworks/UIKit.framework/Headers/UIView.h,460,- (void)invalidateIntrinsicContentSize API_AVAILABLE(ios(6.0));,missing_both,review_terminal_query,,,,,,
UIView,instance_method,contentHuggingPriorityForAxis,1,byContentHuggingPriorityForAxis,contenthuggingpriorityforaxis,,NO,System/Library/Frameworks/UIKit.framework/Headers/UIView.h,462,- (UILayoutPriority)contentHuggingPriorityForAxis:(UILayoutConstraintAxis)axis API_AVAILABLE(ios(6.0));,missing_both,review_terminal_query,,,,,,
UIView,instance_method,contentCompressionResistancePriorityForAxis,1,byContentCompressionResistancePriorityForAxis,contentcompressionresistancepriorityforaxis,,NO,System/Library/Frameworks/UIKit.framework/Headers/UIView.h,465,- (UILayoutPriority)contentCompressionResistancePriorityForAxis:(UILayoutConstraintAxis)axis API_AVAILABLE(ios(6.0));,missing_both,review_terminal_query,,,,,,
UIView,instance_method,systemLayoutSizeFittingSize,1,bySystemLayoutSizeFittingSize,systemlayoutsizefittingsize,,NO,System/Library/Frameworks/UIKit.framework/Headers/UIView.h,476,- (CGSize)systemLayoutSizeFittingSize:(CGSize)targetSize API_AVAILABLE(ios(6.0));,missing_both,review_terminal_query,,,,,,
UIView,property,layoutGuides,,byLayoutGuides,layoutguides,YES,NO,System/Library/Frameworks/UIKit.framework/Headers/UIView.h,483,"@property(nonatomic,readonly,copy) NSArray<__kindof UILayoutGuide *> *layoutGuides API_AVAILABLE(ios(9.0));",missing_both,review_readonly_terminal_or_skip,,,,,,
UIView,instance_method,addLayoutGuide,1,byAddLayoutGuide,addlayoutguide,,NO,System/Library/Frameworks/UIKit.framework/Headers/UIView.h,486,- (void)addLayoutGuide:(UILayoutGuide *)layoutGuide API_AVAILABLE(ios(9.0));,missing_both,add_both_if_chainable,,,,,,
UIView,instance_method,removeLayoutGuide,1,byRemoveLayoutGuide,removelayoutguide,,NO,System/Library/Frameworks/UIKit.framework/Headers/UIView.h,489,- (void)removeLayoutGuide:(UILayoutGuide *)layoutGuide API_AVAILABLE(ios(9.0));,missing_both,add_both_if_chainable,,,,,,
UIView,property,leadingAnchor,,byLeadingAnchor,leadinganchor,YES,NO,System/Library/Frameworks/UIKit.framework/Headers/UIView.h,495,"@property(nonatomic,readonly,strong) NSLayoutXAxisAnchor *leadingAnchor API_AVAILABLE(ios(9.0));",missing_both,review_readonly_terminal_or_skip,,,,,,
UIView,property,trailingAnchor,,byTrailingAnchor,trailinganchor,YES,NO,System/Library/Frameworks/UIKit.framework/Headers/UIView.h,496,"@property(nonatomic,readonly,strong) NSLayoutXAxisAnchor *trailingAnchor API_AVAILABLE(ios(9.0));",missing_both,review_readonly_terminal_or_skip,,,,,,
UIView,property,leftAnchor,,byLeftAnchor,leftanchor,YES,NO,System/Library/Frameworks/UIKit.framework/Headers/UIView.h,497,"@property(nonatomic,readonly,strong) NSLayoutXAxisAnchor *leftAnchor API_AVAILABLE(ios(9.0));",missing_both,review_readonly_terminal_or_skip,,,,,,
UIView,property,rightAnchor,,byRightAnchor,rightanchor,YES,NO,System/Library/Frameworks/UIKit.framework/Headers/UIView.h,498,"@property(nonatomic,readonly,strong) NSLayoutXAxisAnchor *rightAnchor API_AVAILABLE(ios(9.0));",missing_both,review_readonly_terminal_or_skip,,,,,,
UIView,property,topAnchor,,byTopAnchor,topanchor,YES,NO,System/Library/Frameworks/UIKit.framework/Headers/UIView.h,499,"@property(nonatomic,readonly,strong) NSLayoutYAxisAnchor *topAnchor API_AVAILABLE(ios(9.0));",missing_both,review_readonly_terminal_or_skip,,,,,,
UIView,property,bottomAnchor,,byBottomAnchor,bottomanchor,YES,NO,System/Library/Frameworks/UIKit.framework/Headers/UIView.h,500,"@property(nonatomic,readonly,strong) NSLayoutYAxisAnchor *bottomAnchor API_AVAILABLE(ios(9.0));",missing_both,review_readonly_terminal_or_skip,,,,,,
UIView,property,widthAnchor,,byWidthAnchor,widthanchor,YES,NO,System/Library/Frameworks/UIKit.framework/Headers/UIView.h,501,"@property(nonatomic,readonly,strong) NSLayoutDimension *widthAnchor API_AVAILABLE(ios(9.0));",missing_both,review_readonly_terminal_or_skip,,,,,,
UIView,property,heightAnchor,,byHeightAnchor,heightanchor,YES,NO,System/Library/Frameworks/UIKit.framework/Headers/UIView.h,502,"@property(nonatomic,readonly,strong) NSLayoutDimension *heightAnchor API_AVAILABLE(ios(9.0));",missing_both,review_readonly_terminal_or_skip,,,,,,
UIView,property,centerXAnchor,,byCenterXAnchor,centerxanchor,YES,NO,System/Library/Frameworks/UIKit.framework/Headers/UIView.h,503,"@property(nonatomic,readonly,strong) NSLayoutXAxisAnchor *centerXAnchor API_AVAILABLE(ios(9.0));",missing_both,review_readonly_terminal_or_skip,,,,,,
UIView,property,centerYAnchor,,byCenterYAnchor,centeryanchor,YES,NO,System/Library/Frameworks/UIKit.framework/Headers/UIView.h,504,"@property(nonatomic,readonly,strong) NSLayoutYAxisAnchor *centerYAnchor API_AVAILABLE(ios(9.0));",missing_both,review_readonly_terminal_or_skip,,,,,,
UIView,property,firstBaselineAnchor,,byFirstBaselineAnchor,firstbaselineanchor,YES,NO,System/Library/Frameworks/UIKit.framework/Headers/UIView.h,505,"@property(nonatomic,readonly,strong) NSLayoutYAxisAnchor *firstBaselineAnchor API_AVAILABLE(ios(9.0));",missing_both,review_readonly_terminal_or_skip,,,,,,
UIView,property,lastBaselineAnchor,,byLastBaselineAnchor,lastbaselineanchor,YES,NO,System/Library/Frameworks/UIKit.framework/Headers/UIView.h,506,"@property(nonatomic,readonly,strong) NSLayoutYAxisAnchor *lastBaselineAnchor API_AVAILABLE(ios(9.0));",missing_both,review_readonly_terminal_or_skip,,,,,,
UIView,instance_method,constraintsAffectingLayoutForAxis,1,byConstraintsAffectingLayoutForAxis,constraintsaffectinglayoutforaxis,,NO,System/Library/Frameworks/UIKit.framework/Headers/UIView.h,516,- (NSArray<__kindof NSLayoutConstraint *> *)constraintsAffectingLayoutForAxis:(UILayoutConstraintAxis)axis API_AVAILABLE(ios(6.0));,missing_both,review_terminal_query,,,,,,
UIView,property,hasAmbiguousLayout,,byHasAmbiguousLayout,hasambiguouslayout,YES,NO,System/Library/Frameworks/UIKit.framework/Headers/UIView.h,519,"@property(nonatomic, readonly) BOOL hasAmbiguousLayout API_AVAILABLE(ios(6.0));",missing_both,review_readonly_terminal_or_skip,,,,,,
UIView,instance_method,exerciseAmbiguityInLayout,0,byExerciseAmbiguityInLayout,exerciseambiguityinlayout,,NO,System/Library/Frameworks/UIKit.framework/Headers/UIView.h,521,- (void)exerciseAmbiguityInLayout API_AVAILABLE(ios(6.0));,missing_both,review_terminal_query,,,,,,
UIView,property,restorationIdentifier,,byRestorationIdentifier,restorationidentifier,NO,NO,System/Library/Frameworks/UIKit.framework/Headers/UIView.h,535,"@property (nullable, nonatomic, copy) NSString *restorationIdentifier API_AVAILABLE(ios(6.0));",missing_both,add_both_if_chainable,,,,,,
UIView,instance_method,encodeRestorableStateWithCoder,1,byEncodeRestorableStateWithCoder,encoderestorablestatewithcoder,,NO,System/Library/Frameworks/UIKit.framework/Headers/UIView.h,536,- (void) encodeRestorableStateWithCoder:(NSCoder *)coder API_AVAILABLE(ios(6.0));,missing_both,review_terminal_query,,,,,,
UIView,instance_method,decodeRestorableStateWithCoder,1,byDecodeRestorableStateWithCoder,decoderestorablestatewithcoder,,NO,System/Library/Frameworks/UIKit.framework/Headers/UIView.h,537,- (void) decodeRestorableStateWithCoder:(NSCoder *)coder API_AVAILABLE(ios(6.0));,missing_both,review_terminal_query,,,,,,
UIView,instance_method,snapshotViewAfterScreenUpdates,1,bySnapshotViewAfterScreenUpdates,snapshotviewafterscreenupdates,,NO,System/Library/Frameworks/UIKit.framework/Headers/UIView.h,542,- (nullable UIView *)snapshotViewAfterScreenUpdates:(BOOL)afterUpdates API_AVAILABLE(ios(7.0));,missing_both,review_terminal_query,,,,,,
UIView,class_method,commitAnimations,0,byCommitAnimations,commitanimations,,YES,System/Library/Frameworks/UIKit.framework/Headers/UIView.h,553,"+ (void)commitAnimations API_DEPRECATED(""Use the block-based animation API instead"", ios(2.0, 13.0)) API_UNAVAILABLE(visionos, watchos);",missing_both,review_class_member,,,,,,
UIView,class_method,setAnimationDelegate,1,bySetAnimationDelegate,setanimationdelegate,,YES,System/Library/Frameworks/UIKit.framework/Headers/UIView.h,554,"+ (void)setAnimationDelegate:(nullable id)delegate API_DEPRECATED(""Use the block-based animation API instead"", ios(2.0, 13.0)) API_UNAVAILABLE(visionos, watchos);",missing_both,review_class_member,,,,,,
UIView,class_method,setAnimationWillStartSelector,1,bySetAnimationWillStartSelector,setanimationwillstartselector,,YES,System/Library/Frameworks/UIKit.framework/Headers/UIView.h,555,"+ (void)setAnimationWillStartSelector:(nullable SEL)selector API_DEPRECATED(""Use the block-based animation API instead"", ios(2.0, 13.0)) API_UNAVAILABLE(visionos, watchos);",missing_both,review_class_member,,,,,,
UIView,class_method,setAnimationDidStopSelector,1,bySetAnimationDidStopSelector,setanimationdidstopselector,,YES,System/Library/Frameworks/UIKit.framework/Headers/UIView.h,556,"+ (void)setAnimationDidStopSelector:(nullable SEL)selector API_DEPRECATED(""Use the block-based animation API instead"", ios(2.0, 13.0)) API_UNAVAILABLE(visionos, watchos);",missing_both,review_class_member,,,,,,
UIView,class_method,setAnimationDuration,1,bySetAnimationDuration,setanimationduration,,YES,System/Library/Frameworks/UIKit.framework/Headers/UIView.h,557,"+ (void)setAnimationDuration:(NSTimeInterval)duration API_DEPRECATED(""Use the block-based animation API instead"", ios(2.0, 13.0)) API_UNAVAILABLE(visionos, watchos);",missing_both,review_class_member,,,,,,
UIView,class_method,setAnimationDelay,1,bySetAnimationDelay,setanimationdelay,,YES,System/Library/Frameworks/UIKit.framework/Headers/UIView.h,558,"+ (void)setAnimationDelay:(NSTimeInterval)delay API_DEPRECATED(""Use the block-based animation API instead"", ios(2.0, 13.0)) API_UNAVAILABLE(visionos, watchos);",missing_both,review_class_member,,,,,,
UIView,class_method,setAnimationStartDate,1,bySetAnimationStartDate,setanimationstartdate,,YES,System/Library/Frameworks/UIKit.framework/Headers/UIView.h,559,"+ (void)setAnimationStartDate:(NSDate *)startDate API_DEPRECATED(""Use the block-based animation API instead"", ios(2.0, 13.0)) API_UNAVAILABLE(visionos, watchos);",missing_both,review_class_member,,,,,,
UIView,class_method,setAnimationCurve,1,bySetAnimationCurve,setanimationcurve,,YES,System/Library/Frameworks/UIKit.framework/Headers/UIView.h,560,"+ (void)setAnimationCurve:(UIViewAnimationCurve)curve API_DEPRECATED(""Use the block-based animation API instead"", ios(2.0, 13.0)) API_UNAVAILABLE(visionos, watchos);",missing_both,review_class_member,,,,,,
UIView,class_method,setAnimationRepeatCount,1,bySetAnimationRepeatCount,setanimationrepeatcount,,YES,System/Library/Frameworks/UIKit.framework/Headers/UIView.h,561,"+ (void)setAnimationRepeatCount:(float)repeatCount API_DEPRECATED(""Use the block-based animation API instead"", ios(2.0, 13.0)) API_UNAVAILABLE(visionos, watchos);",missing_both,review_class_member,,,,,,
UIView,class_method,setAnimationRepeatAutoreverses,1,bySetAnimationRepeatAutoreverses,setanimationrepeatautoreverses,,YES,System/Library/Frameworks/UIKit.framework/Headers/UIView.h,562,"+ (void)setAnimationRepeatAutoreverses:(BOOL)repeatAutoreverses API_DEPRECATED(""Use the block-based animation API instead"", ios(2.0, 13.0)) API_UNAVAILABLE(visionos, watchos);",missing_both,review_class_member,,,,,,
UIView,class_method,setAnimationBeginsFromCurrentState,1,bySetAnimationBeginsFromCurrentState,setanimationbeginsfromcurrentstate,,YES,System/Library/Frameworks/UIKit.framework/Headers/UIView.h,563,"+ (void)setAnimationBeginsFromCurrentState:(BOOL)fromCurrentState API_DEPRECATED(""Use the block-based animation API instead"", ios(2.0, 13.0)) API_UNAVAILABLE(visionos, watchos);",missing_both,review_class_member,,,,,,
UIView,property,overrideUserInterfaceStyle,,byOverrideUserInterfaceStyle,overrideuserinterfacestyle,NO,NO,System/Library/Frameworks/UIKit.framework/Headers/UIView.h,571,"@property (nonatomic) UIUserInterfaceStyle overrideUserInterfaceStyle API_AVAILABLE(ios(13.0), tvos(13.0)) API_UNAVAILABLE(watchos);",missing_swift,add_swift_dsl,byOverrideUserInterfaceStyle,,,JobsByPods/JobsOCDSL@Pods/Core/UIKit/UIView+DSLs/UIView+DSL/UIView+DSL.h:212; JobsByPods/JobsOCDSL@Pods/Core/UIKit/UIView+DSLs/UIView+DSL/UIView+DSL.m:374,,
UIView,property,minimumContentSizeCategory,,byMinimumContentSizeCategory,minimumcontentsizecategory,NO,NO,System/Library/Frameworks/UIKit.framework/Headers/UIView.h,593,"@property (nonatomic, copy, nullable) UIContentSizeCategory minimumContentSizeCategory API_AVAILABLE(ios(15.0)) API_UNAVAILABLE(watchos);",missing_swift,add_swift_dsl,byMinimumContentSizeCategory,,,JobsByPods/JobsOCDSL@Pods/Core/UIKit/UIView+DSLs/UIView+DSL/UIView+DSL.h:214; JobsByPods/JobsOCDSL@Pods/Core/UIKit/UIView+DSLs/UIView+DSL/UIView+DSL.m:384,,
UIView,property,maximumContentSizeCategory,,byMaximumContentSizeCategory,maximumcontentsizecategory,NO,NO,System/Library/Frameworks/UIKit.framework/Headers/UIView.h,594,"@property (nonatomic, copy, nullable) UIContentSizeCategory maximumContentSizeCategory API_AVAILABLE(ios(15.0)) API_UNAVAILABLE(watchos);",missing_swift,add_swift_dsl,byMaximumContentSizeCategory,,,JobsByPods/JobsOCDSL@Pods/Core/UIKit/UIView+DSLs/UIView+DSL/UIView+DSL.h:215; JobsByPods/JobsOCDSL@Pods/Core/UIKit/UIView+DSLs/UIView+DSL/UIView+DSL.m:394,,
UIView,property,appliedContentSizeCategoryLimitsDescription,,byAppliedContentSizeCategoryLimitsDescription,appliedcontentsizecategorylimitsdescription,YES,NO,System/Library/Frameworks/UIKit.framework/Headers/UIView.h,599,"@property (nonatomic, copy, readonly) NSString *appliedContentSizeCategoryLimitsDescription API_AVAILABLE(ios(15.0)) API_UNAVAILABLE(watchos);",missing_both,review_readonly_terminal_or_skip,,,,,,
UIView,property,traitOverrides,,byTraitOverrides,traitoverrides,YES,NO,System/Library/Frameworks/UIKit.framework/Headers/UIView.h,606,"@property (nonatomic, readonly) id<UITraitOverrides> traitOverrides API_AVAILABLE(ios(17.0), tvos(17.0)) API_UNAVAILABLE(watchos);",missing_both,review_readonly_terminal_or_skip,,,,,,
UIView,instance_method,updateTraitsIfNeeded,0,byUpdateTraitsIfNeeded,updatetraitsifneeded,,NO,System/Library/Frameworks/UIKit.framework/Headers/UIView.h,610,"- (void)updateTraitsIfNeeded API_AVAILABLE(ios(17.0), tvos(17.0)) API_UNAVAILABLE(watchos);",missing_both,add_both_if_chainable,,,,,,
UIView,instance_method,layoutGuideForLayoutRegion,1,byLayoutGuideForLayoutRegion,layoutguideforlayoutregion,,NO,System/Library/Frameworks/UIKit.framework/Headers/UIView.h,618,- (UILayoutGuide *)layoutGuideForLayoutRegion:(UIViewLayoutRegion *)layoutRegion NS_REFINED_FOR_SWIFT;,missing_both,add_both_if_chainable,,,,,,
UIView,instance_method,edgeInsetsForLayoutRegion,1,byEdgeInsetsForLayoutRegion,edgeinsetsforlayoutregion,,NO,System/Library/Frameworks/UIKit.framework/Headers/UIView.h,619,- (UIEdgeInsets)edgeInsetsForLayoutRegion:(UIViewLayoutRegion *)layoutRegion NS_REFINED_FOR_SWIFT;,missing_both,review_terminal_query,,,,,,
UIView,instance_method,directionalEdgeInsetsForLayoutRegion,1,byDirectionalEdgeInsetsForLayoutRegion,directionaledgeinsetsforlayoutregion,,NO,System/Library/Frameworks/UIKit.framework/Headers/UIView.h,620,- (NSDirectionalEdgeInsets)directionalEdgeInsetsForLayoutRegion:(UIViewLayoutRegion *)layoutRegion NS_REFINED_FOR_SWIFT;,missing_both,review_terminal_query,,,,,,
UIView,property,cornerConfiguration,,byCornerConfiguration,cornerconfiguration,NO,NO,System/Library/Frameworks/UIKit.framework/Headers/UIView.h,628,"@property (nonatomic, copy, nonnull) UICornerConfiguration *cornerConfiguration NS_REFINED_FOR_SWIFT;",missing_both,add_both_if_chainable,,,,,,
UIControl,property,enabled,,byEnabled,enabled,NO,NO,System/Library/Frameworks/UIKit.framework/Headers/UIControl.h,84,"@property(nonatomic,getter=isEnabled) BOOL enabled;",covered_both,ok,byEnabled,byEnabled,byEnabled,JobsByPods/JobsOCDSL@Pods/Core/UIKit/UIControl+DSLs/UIControl+DSL/UIControl+DSL.m:84,JobsByPods/JobsSwiftDSL@Pods/UIKit/iOS.SDK/UIControl/UIControl+DSL.swift:21; JobsByPods/JobsSwiftDSL@Pods/UIKit/iOS.SDK/UIControl/UIControl+DSL.swift:84,JobsByPods/JobsByOCPods@Pods/Core/UIKit/UIControl/UIControl+Extra/UIControl+Extra.h:59; JobsByPods/JobsByOCPods@Pods/Core/UIKit/UIControl/UIControl+Extra/UIControl+Extra.m:131
UIControl,property,selected,,bySelected,selected,NO,NO,System/Library/Frameworks/UIKit.framework/Headers/UIControl.h,85,"@property(nonatomic,getter=isSelected) BOOL selected;",covered_both,ok,bySelected,bySelected,,JobsByPods/JobsOCDSL@Pods/Core/UIKit/UIControl+DSLs/UIControl+DSL/UIControl+DSL.m:94,JobsByPods/JobsSwiftDSL@Pods/UIKit/iOS.SDK/UIControl/UIControl+DSL.swift:27; JobsByPods/JobsSwiftDSL@Pods/UIKit/iOS.SDK/UIControl/UIControl+DSL.swift:90,
UIControl,property,highlighted,,byHighlighted,highlighted,NO,NO,System/Library/Frameworks/UIKit.framework/Headers/UIControl.h,86,"@property(nonatomic,getter=isHighlighted) BOOL highlighted;",covered_both,ok,byHighlighted,byHighlighted,,JobsByPods/JobsOCDSL@Pods/Core/UIKit/UIControl+DSLs/UIControl+DSL/UIControl+DSL.m:104,JobsByPods/JobsSwiftDSL@Pods/UIKit/iOS.SDK/UIControl/UIControl+DSL.swift:33; JobsByPods/JobsSwiftDSL@Pods/UIKit/iOS.SDK/UIControl/UIControl+DSL.swift:96,
UIControl,property,contentVerticalAlignment,,byContentVerticalAlignment,contentverticalalignment,NO,NO,System/Library/Frameworks/UIKit.framework/Headers/UIControl.h,87,@property(nonatomic) UIControlContentVerticalAlignment contentVerticalAlignment;,covered_both,ok,byContentVerticalAlignment,byContentVerticalAlignment,,JobsByPods/JobsOCDSL@Pods/Core/UIKit/UIControl+DSLs/UIControl+DSL/UIControl+DSL.m:138,JobsByPods/JobsSwiftDSL@Pods/UIKit/iOS.SDK/UIControl/UIControl+DSL.swift:106; JobsByPods/JobsSwiftDSL@Pods/UIKit/iOS.SDK/UIControl/UIControl+DSL.swift:46,
UIControl,property,contentHorizontalAlignment,,byContentHorizontalAlignment,contenthorizontalalignment,NO,NO,System/Library/Frameworks/UIKit.framework/Headers/UIControl.h,88,@property(nonatomic) UIControlContentHorizontalAlignment contentHorizontalAlignment;,covered_both,ok,byContentHorizontalAlignment,byContentHorizontalAlignment,,JobsByPods/JobsOCDSL@Pods/Core/UIKit/UIControl+DSLs/UIControl+DSL/UIControl+DSL.m:128,JobsByPods/JobsSwiftDSL@Pods/UIKit/iOS.SDK/UIControl/UIControl+DSL.swift:101; JobsByPods/JobsSwiftDSL@Pods/UIKit/iOS.SDK/UIControl/UIControl+DSL.swift:40,
UIControl,property,effectiveContentHorizontalAlignment,,byEffectiveContentHorizontalAlignment,effectivecontenthorizontalalignment,YES,NO,System/Library/Frameworks/UIKit.framework/Headers/UIControl.h,89,"@property(nonatomic, readonly) UIControlContentHorizontalAlignment effectiveContentHorizontalAlignment;",missing_both,review_readonly_terminal_or_skip,,,,,,
UIControl,property,state,,byState,state,YES,NO,System/Library/Frameworks/UIKit.framework/Headers/UIControl.h,91,"@property(nonatomic,readonly) UIControlState state;",missing_both,review_readonly_terminal_or_skip,,,,,,
UIControl,property,tracking,,byTracking,tracking,YES,NO,System/Library/Frameworks/UIKit.framework/Headers/UIControl.h,92,"@property(nonatomic,readonly,getter=isTracking) BOOL tracking;",missing_both,review_readonly_terminal_or_skip,,,,,,
UIControl,property,touchInside,,byTouchInside,touchinside,YES,NO,System/Library/Frameworks/UIKit.framework/Headers/UIControl.h,93,"@property(nonatomic,readonly,getter=isTouchInside) BOOL touchInside;",missing_both,review_readonly_terminal_or_skip,,,,,,
UIControl,instance_method,cancelTrackingWithEvent,1,byCancelTrackingWithEvent,canceltrackingwithevent,,NO,System/Library/Frameworks/UIKit.framework/Headers/UIControl.h,98,- (void)cancelTrackingWithEvent:(nullable UIEvent *)event;,missing_both,review_terminal_query,,,,,,
UIControl,instance_method,performPrimaryAction,0,byPerformPrimaryAction,performprimaryaction,,NO,System/Library/Frameworks/UIKit.framework/Headers/UIControl.h,116,- (void)performPrimaryAction API_AVAILABLE(ios(17.4)) API_UNAVAILABLE(watchos);,covered_both,review_terminal_query,byPerformPrimaryAction,byPerformPrimaryAction,,JobsByPods/JobsOCDSL@Pods/Core/UIKit/UIControl+DSLs/UIControl+DSL/UIControl+DSL.m:306,JobsByPods/JobsSwiftDSL@Pods/UIKit/iOS.SDK/UIControl/UIControl+DSL.swift:278,
UIControl,property,allTargets,,byAllTargets,alltargets,YES,NO,System/Library/Frameworks/UIKit.framework/Headers/UIControl.h,119,"@property(nonatomic,readonly) NSSet *allTargets;",missing_both,review_readonly_terminal_or_skip,,,,,,
UIControl,property,allControlEvents,,byAllControlEvents,allcontrolevents,YES,NO,System/Library/Frameworks/UIKit.framework/Headers/UIControl.h,120,"@property(nonatomic,readonly) UIControlEvents allControlEvents;",missing_both,review_readonly_terminal_or_skip,,,,,,
UIControl,instance_method,enumerateEventHandlers,1,byEnumerateEventHandlers,enumerateeventhandlers,,NO,System/Library/Frameworks/UIKit.framework/Headers/UIControl.h,125,"- (void)enumerateEventHandlers:(void (NS_NOESCAPE ^)(UIAction * _Nullable actionHandler, id _Nullable target, SEL _Nullable action, UIControlEvents controlEvents, BOOL *stop))iterator API_AVAILABLE(ios(14.0)) API_UNAVAILABLE(watchos);",missing_both,review_terminal_query,,,,,,
UIControl,instance_method,sendAction,1,bySendAction,sendaction,,NO,System/Library/Frameworks/UIKit.framework/Headers/UIControl.h,130,- (void)sendAction:(UIAction *)action API_AVAILABLE(ios(14.0)) API_UNAVAILABLE(watchos);,missing_swift,add_swift_dsl,bySendAction,,,JobsByPods/JobsOCDSL@Pods/Core/UIKit/UIControl+DSLs/UIControl+DSL/UIControl+DSL.m:182,,
UIControl,instance_method,sendActionsForControlEvents,1,bySendActionsForControlEvents,sendactionsforcontrolevents,,NO,System/Library/Frameworks/UIKit.framework/Headers/UIControl.h,132,- (void)sendActionsForControlEvents:(UIControlEvents)controlEvents;,missing_swift,add_swift_dsl,bySendActionsForControlEvents,,,JobsByPods/JobsOCDSL@Pods/Core/UIKit/UIControl+DSLs/UIControl+DSL/UIControl+DSL.m:193,,
UIControl,property,contextMenuInteraction,,byContextMenuInteraction,contextmenuinteraction,YES,NO,System/Library/Frameworks/UIKit.framework/Headers/UIControl.h,135,"@property (nonatomic, readonly, strong, nullable) UIContextMenuInteraction *contextMenuInteraction API_AVAILABLE(ios(14.0), tvos(17.0)) API_UNAVAILABLE(watchos);",missing_both,review_readonly_terminal_or_skip,,,,,,
UIControl,property,contextMenuInteractionEnabled,,byContextMenuInteractionEnabled,contextmenuinteractionenabled,NO,NO,System/Library/Frameworks/UIKit.framework/Headers/UIControl.h,137,"@property (nonatomic, readwrite, assign, getter = isContextMenuInteractionEnabled) BOOL contextMenuInteractionEnabled API_AVAILABLE(ios(14.0), tvos(17.0)) API_UNAVAILABLE(watchos);",missing_swift,add_swift_dsl,byContextMenuInteractionEnabled,,,JobsByPods/JobsOCDSL@Pods/Core/UIKit/UIControl+DSLs/UIControl+DSL/UIControl+DSL.m:279,,
UIControl,property,showsMenuAsPrimaryAction,,byShowsMenuAsPrimaryAction,showsmenuasprimaryaction,NO,NO,System/Library/Frameworks/UIKit.framework/Headers/UIControl.h,139,"@property (nonatomic, readwrite, assign) BOOL showsMenuAsPrimaryAction API_AVAILABLE(ios(14.0), tvos(17.0)) API_UNAVAILABLE(watchos);",covered_both,ok,byShowsMenuAsPrimaryAction,byShowsMenuAsPrimaryAction,,JobsByPods/JobsOCDSL@Pods/Core/UIKit/UIControl+DSLs/UIControl+DSL/UIControl+DSL.m:257,JobsByPods/JobsSwiftDSL@Pods/UIKit/iOS.SDK/UIControl/UIControl+DSL.swift:112; JobsByPods/JobsSwiftDSL@Pods/UIKit/iOS.SDK/UIControl/UIControl+DSL.swift:54,
UIControl,instance_method,menuAttachmentPointForConfiguration,1,byMenuAttachmentPointForConfiguration,menuattachmentpointforconfiguration,,NO,System/Library/Frameworks/UIKit.framework/Headers/UIControl.h,142,"- (CGPoint)menuAttachmentPointForConfiguration:(UIContextMenuConfiguration *)configuration API_AVAILABLE(ios(14.0), tvos(17.0)) API_UNAVAILABLE(watchos);",missing_both,review_terminal_query,,,,,,
UIControl,property,toolTip,,byToolTip,tooltip,NO,NO,System/Library/Frameworks/UIKit.framework/Headers/UIControl.h,145,"@property (nonatomic, copy, nullable) NSString *toolTip API_AVAILABLE(ios(15.0)) API_UNAVAILABLE(watchos, tvos);",covered_both,ok,byToolTip,byToolTip,,JobsByPods/JobsOCDSL@Pods/Core/UIKit/UIControl+DSLs/UIControl+DSL/UIControl+DSL.m:283,JobsByPods/JobsSwiftDSL@Pods/UIKit/iOS.SDK/UIControl/UIControl+DSL.swift:124; JobsByPods/JobsSwiftDSL@Pods/UIKit/iOS.SDK/UIControl/UIControl+DSL.swift:68,
UIControl,property,toolTipInteraction,,byToolTipInteraction,tooltipinteraction,YES,NO,System/Library/Frameworks/UIKit.framework/Headers/UIControl.h,147,"@property (nonatomic, readonly, strong, nullable) UIToolTipInteraction *toolTipInteraction API_AVAILABLE(ios(15.0)) API_UNAVAILABLE(watchos, tvos);",missing_both,review_readonly_terminal_or_skip,,,,,,
UIControl,property,symbolAnimationEnabled,,bySymbolAnimationEnabled,symbolanimationenabled,NO,NO,System/Library/Frameworks/UIKit.framework/Headers/UIControl.h,151,"@property (nonatomic, getter=isSymbolAnimationEnabled) BOOL symbolAnimationEnabled API_AVAILABLE(ios(17.0), tvos(17.0)) API_UNAVAILABLE(watchos);",covered_both,ok,bySymbolAnimationEnabled,bySymbolAnimationEnabled,,JobsByPods/JobsOCDSL@Pods/Core/UIKit/UIControl+DSLs/UIControl+DSL/UIControl+DSL.m:294,JobsByPods/JobsSwiftDSL@Pods/UIKit/iOS.SDK/UIControl/UIControl+DSL.swift:130; JobsByPods/JobsSwiftDSL@Pods/UIKit/iOS.SDK/UIControl/UIControl+DSL.swift:75,
UILabel,property,text,,byText,text,NO,NO,System/Library/Frameworks/UIKit.framework/Headers/UILabel.h,35,"@property(nullable, nonatomic,copy) NSString *text;",covered_both,ok,byText,byText,,JobsByPods/JobsOCDSL@Pods/Core/UIKit/UILabel+DSLs/UILabel+DSL/UILabel+DSL.h:43; JobsByPods/JobsOCDSL@Pods/Core/UIKit/UILabel+DSLs/UILabel+DSL/UILabel+DSL.m:93,JobsByPods/JobsSwiftDSL@Pods/UIKit/iOS.SDK/UILabel/UILabel+DSL.swift:234; JobsByPods/JobsSwiftDSL@Pods/UIKit/iOS.SDK/UILabel/UILabel+DSL.swift:34,
UILabel,property,font,,byFont,font,NO,NO,System/Library/Frameworks/UIKit.framework/Headers/UILabel.h,36,"@property(null_resettable, nonatomic,strong) UIFont *font UI_APPEARANCE_SELECTOR;",covered_both,ok,byFont,byFont,,JobsByPods/JobsOCDSL@Pods/Core/UIKit/UILabel+DSLs/UILabel+DSL/UILabel+DSL.h:49; JobsByPods/JobsOCDSL@Pods/Core/UIKit/UILabel+DSLs/UILabel+DSL/UILabel+DSL.m:151,JobsByPods/JobsSwiftDSL@Pods/UIKit/iOS.SDK/UILabel/UILabel+DSL.swift:248; JobsByPods/JobsSwiftDSL@Pods/UIKit/iOS.SDK/UILabel/UILabel+DSL.swift:47,
UILabel,property,textColor,,byTextColor,textcolor,NO,NO,System/Library/Frameworks/UIKit.framework/Headers/UILabel.h,37,"@property(null_resettable, nonatomic,strong) UIColor *textColor UI_APPEARANCE_SELECTOR;",covered_both,ok,byTextCor,byTextColor,,JobsByPods/JobsOCDSL@Pods/Core/UIKit/UILabel+DSLs/UILabel+DSL/UILabel+DSL.h:48; JobsByPods/JobsOCDSL@Pods/Core/UIKit/UILabel+DSLs/UILabel+DSL/UILabel+DSL.m:142,JobsByPods/JobsSwiftDSL@Pods/UIKit/iOS.SDK/UILabel/UILabel+DSL.swift:240; JobsByPods/JobsSwiftDSL@Pods/UIKit/iOS.SDK/UILabel/UILabel+DSL.swift:40,
UILabel,property,preferredVibrancy,,byPreferredVibrancy,preferredvibrancy,NO,NO,System/Library/Frameworks/UIKit.framework/Headers/UILabel.h,52,"@property (nonatomic) UILabelVibrancy preferredVibrancy UI_APPEARANCE_SELECTOR API_AVAILABLE(visionos(1.0), ios(17.0), tvos(17.0)) API_UNAVAILABLE(watchos);",covered_both,ok,byPreferredVibrancy,byPreferredVibrancy,,JobsByPods/JobsOCDSL@Pods/Core/UIKit/UILabel+DSLs/UILabel+DSL/UILabel+DSL.h:51; JobsByPods/JobsOCDSL@Pods/Core/UIKit/UILabel+DSLs/UILabel+DSL/UILabel+DSL.m:169,JobsByPods/JobsSwiftDSL@Pods/UIKit/iOS.SDK/UILabel/UILabel+DSL.swift:202; JobsByPods/JobsSwiftDSL@Pods/UIKit/iOS.SDK/UILabel/UILabel+DSL.swift:365,
UILabel,property,shadowColor,,byShadowColor,shadowcolor,NO,NO,System/Library/Frameworks/UIKit.framework/Headers/UILabel.h,54,"@property(nullable, nonatomic,strong) UIColor *shadowColor UI_APPEARANCE_SELECTOR;",missing_both,add_both_if_chainable,,,,,,
UILabel,property,shadowOffset,,byShadowOffset,shadowoffset,NO,NO,System/Library/Frameworks/UIKit.framework/Headers/UILabel.h,55,@property(nonatomic) CGSize shadowOffset UI_APPEARANCE_SELECTOR;,missing_both,add_both_if_chainable,,,,,,
UILabel,property,textAlignment,,byTextAlignment,textalignment,NO,NO,System/Library/Frameworks/UIKit.framework/Headers/UILabel.h,56,@property(nonatomic) NSTextAlignment textAlignment;,covered_both,ok,byTextAlignment,byTextAlignment,,JobsByPods/JobsOCDSL@Pods/Core/UIKit/UILabel+DSLs/UILabel+DSL/UILabel+DSL.h:50; JobsByPods/JobsOCDSL@Pods/Core/UIKit/UILabel+DSLs/UILabel+DSL/UILabel+DSL.m:160,JobsByPods/JobsSwiftDSL@Pods/UIKit/iOS.SDK/UILabel/UILabel+DSL.swift:257; JobsByPods/JobsSwiftDSL@Pods/UIKit/iOS.SDK/UILabel/UILabel+DSL.swift:62,
UILabel,property,lineBreakMode,,byLineBreakMode,linebreakmode,NO,NO,System/Library/Frameworks/UIKit.framework/Headers/UILabel.h,57,@property(nonatomic) NSLineBreakMode lineBreakMode;,covered_both,ok,byLineBreakMode,byLineBreakMode,,JobsByPods/JobsOCDSL@Pods/Core/UIKit/UILabel+DSLs/UILabel+DSL/UILabel+DSL.h:52; JobsByPods/JobsOCDSL@Pods/Core/UIKit/UILabel+DSLs/UILabel+DSL/UILabel+DSL.m:178,JobsByPods/JobsSwiftDSL@Pods/UIKit/iOS.SDK/UILabel/UILabel+DSL.swift:273; JobsByPods/JobsSwiftDSL@Pods/UIKit/iOS.SDK/UILabel/UILabel+DSL.swift:74,
UILabel,property,attributedText,,byAttributedText,attributedtext,NO,NO,System/Library/Frameworks/UIKit.framework/Headers/UILabel.h,60,"@property(nullable, nonatomic,copy) NSAttributedString *attributedText API_AVAILABLE(ios(6.0));",missing_both,add_both_if_chainable,,,,,,
UILabel,property,highlightedTextColor,,byHighlightedTextColor,highlightedtextcolor,NO,NO,System/Library/Frameworks/UIKit.framework/Headers/UILabel.h,64,"@property(nullable, nonatomic,strong) UIColor *highlightedTextColor UI_APPEARANCE_SELECTOR;",covered_both,ok,byHighlightedTextColor,byHighlightedTextColor,,JobsByPods/JobsOCDSL@Pods/Core/UIKit/UILabel+DSLs/UILabel+DSL/UILabel+DSL.h:53; JobsByPods/JobsOCDSL@Pods/Core/UIKit/UILabel+DSLs/UILabel+DSL/UILabel+DSL.m:187,JobsByPods/JobsSwiftDSL@Pods/UIKit/iOS.SDK/UILabel/UILabel+DSL.swift:146; JobsByPods/JobsSwiftDSL@Pods/UIKit/iOS.SDK/UILabel/UILabel+DSL.swift:293,
UILabel,property,highlighted,,byHighlighted,highlighted,NO,NO,System/Library/Frameworks/UIKit.framework/Headers/UILabel.h,65,"@property(nonatomic,getter=isHighlighted) BOOL highlighted;",covered_both,ok,byHighlighted,byIsHighlighted,,JobsByPods/JobsOCDSL@Pods/Core/UIKit/UILabel+DSLs/UILabel+DSL/UILabel+DSL.h:53; JobsByPods/JobsOCDSL@Pods/Core/UIKit/UILabel+DSLs/UILabel+DSL/UILabel+DSL.h:54; JobsByPods/JobsOCDSL@Pods/Core/UIKit/UILabel+DSLs/UILabel+DSL/UILabel+DSL.m:187; JobsByPods/JobsOCDSL@Pods/Core/UIKit/UILabel+DSLs/UILabel+DSL/UILabel+DSL.m:196,JobsByPods/JobsSwiftDSL@Pods/UIKit/iOS.SDK/UILabel/UILabel+DSL.swift:152; JobsByPods/JobsSwiftDSL@Pods/UIKit/iOS.SDK/UILabel/UILabel+DSL.swift:299,
UILabel,property,userInteractionEnabled,,byUserInteractionEnabled,userinteractionenabled,NO,NO,System/Library/Frameworks/UIKit.framework/Headers/UILabel.h,67,"@property(nonatomic,getter=isUserInteractionEnabled) BOOL userInteractionEnabled;",missing_both,add_both_if_chainable,,,,,,
UILabel,property,enabled,,byEnabled,enabled,NO,NO,System/Library/Frameworks/UIKit.framework/Headers/UILabel.h,68,"@property(nonatomic,getter=isEnabled) BOOL enabled;",covered_both,ok,byEnabled,byEnabled,,JobsByPods/JobsOCDSL@Pods/Core/UIKit/UILabel+DSLs/UILabel+DSL/UILabel+DSL.h:55; JobsByPods/JobsOCDSL@Pods/Core/UIKit/UILabel+DSLs/UILabel+DSL/UILabel+DSL.m:205,JobsByPods/JobsSwiftDSL@Pods/UIKit/iOS.SDK/UILabel/UILabel+DSL.swift:158; JobsByPods/JobsSwiftDSL@Pods/UIKit/iOS.SDK/UILabel/UILabel+DSL.swift:307,
UILabel,property,numberOfLines,,byNumberOfLines,numberoflines,NO,NO,System/Library/Frameworks/UIKit.framework/Headers/UILabel.h,74,@property(nonatomic) NSInteger numberOfLines;,covered_both,ok,byNumberOfLines,byNumberOfLines,,JobsByPods/JobsOCDSL@Pods/Core/UIKit/UILabel+DSLs/UILabel+DSL/UILabel+DSL.h:39; JobsByPods/JobsOCDSL@Pods/Core/UIKit/UILabel+DSLs/UILabel+DSL/UILabel+DSL.m:42,JobsByPods/JobsSwiftDSL@Pods/UIKit/iOS.SDK/UILabel/UILabel+DSL.swift:265; JobsByPods/JobsSwiftDSL@Pods/UIKit/iOS.SDK/UILabel/UILabel+DSL.swift:68,
UILabel,property,adjustsFontSizeToFitWidth,,byAdjustsFontSizeToFitWidth,adjustsfontsizetofitwidth,NO,NO,System/Library/Frameworks/UIKit.framework/Headers/UILabel.h,79,@property(nonatomic) BOOL adjustsFontSizeToFitWidth;,covered_both,ok,byAdjustsFontSizeToFitWidth,byAdjustsFontSizeToFitWidth,,JobsByPods/JobsOCDSL@Pods/Core/UIKit/UILabel+DSLs/UILabel+DSL/UILabel+DSL.h:56; JobsByPods/JobsOCDSL@Pods/Core/UIKit/UILabel+DSLs/UILabel+DSL/UILabel+DSL.m:214,JobsByPods/JobsSwiftDSL@Pods/UIKit/iOS.SDK/UILabel/UILabel+DSL.swift:164; JobsByPods/JobsSwiftDSL@Pods/UIKit/iOS.SDK/UILabel/UILabel+DSL.swift:315,
UILabel,property,baselineAdjustment,,byBaselineAdjustment,baselineadjustment,NO,NO,System/Library/Frameworks/UIKit.framework/Headers/UILabel.h,80,@property(nonatomic) UIBaselineAdjustment baselineAdjustment;,covered_both,ok,byBaselineAdjustment,byBaselineAdjustment,,JobsByPods/JobsOCDSL@Pods/Core/UIKit/UILabel+DSLs/UILabel+DSL/UILabel+DSL.h:57; JobsByPods/JobsOCDSL@Pods/Core/UIKit/UILabel+DSLs/UILabel+DSL/UILabel+DSL.m:223,JobsByPods/JobsSwiftDSL@Pods/UIKit/iOS.SDK/UILabel/UILabel+DSL.swift:170; JobsByPods/JobsSwiftDSL@Pods/UIKit/iOS.SDK/UILabel/UILabel+DSL.swift:323,
UILabel,property,minimumScaleFactor,,byMinimumScaleFactor,minimumscalefactor,NO,NO,System/Library/Frameworks/UIKit.framework/Headers/UILabel.h,81,@property(nonatomic) CGFloat minimumScaleFactor API_AVAILABLE(ios(6.0));,covered_both,ok,byMinimumScaleFactor,byMinimumScaleFactor,,JobsByPods/JobsOCDSL@Pods/Core/UIKit/UILabel+DSLs/UILabel+DSL/UILabel+DSL.h:58; JobsByPods/JobsOCDSL@Pods/Core/UIKit/UILabel+DSLs/UILabel+DSL/UILabel+DSL.m:232,JobsByPods/JobsSwiftDSL@Pods/UIKit/iOS.SDK/UILabel/UILabel+DSL.swift:176; JobsByPods/JobsSwiftDSL@Pods/UIKit/iOS.SDK/UILabel/UILabel+DSL.swift:331,
UILabel,property,allowsDefaultTighteningForTruncation,,byAllowsDefaultTighteningForTruncation,allowsdefaulttighteningfortruncation,NO,NO,System/Library/Frameworks/UIKit.framework/Headers/UILabel.h,86,@property(nonatomic) BOOL allowsDefaultTighteningForTruncation API_AVAILABLE(ios(9.0));,covered_both,ok,byAllowsDefaultTighteningForTruncation,byAllowsDefaultTighteningForTruncation,,JobsByPods/JobsOCDSL@Pods/Core/UIKit/UILabel+DSLs/UILabel+DSL/UILabel+DSL.h:59; JobsByPods/JobsOCDSL@Pods/Core/UIKit/UILabel+DSLs/UILabel+DSL/UILabel+DSL.m:241,JobsByPods/JobsSwiftDSL@Pods/UIKit/iOS.SDK/UILabel/UILabel+DSL.swift:182; JobsByPods/JobsSwiftDSL@Pods/UIKit/iOS.SDK/UILabel/UILabel+DSL.swift:339,
UILabel,property,lineBreakStrategy,,byLineBreakStrategy,linebreakstrategy,NO,NO,System/Library/Frameworks/UIKit.framework/Headers/UILabel.h,91,"@property(nonatomic) NSLineBreakStrategy lineBreakStrategy API_AVAILABLE(ios(14.0), tvos(14.0)) API_UNAVAILABLE(watchos);",covered_both,ok,byLineBreakStrategy,byLineBreakStrategy,,JobsByPods/JobsOCDSL@Pods/Core/UIKit/UILabel+DSLs/UILabel+DSL/UILabel+DSL.h:60; JobsByPods/JobsOCDSL@Pods/Core/UIKit/UILabel+DSLs/UILabel+DSL/UILabel+DSL.m:250,JobsByPods/JobsSwiftDSL@Pods/UIKit/iOS.SDK/UILabel/UILabel+DSL.swift:189; JobsByPods/JobsSwiftDSL@Pods/UIKit/iOS.SDK/UILabel/UILabel+DSL.swift:356,
UILabel,instance_method,drawTextInRect,1,byDrawTextInRect,drawtextinrect,,NO,System/Library/Frameworks/UIKit.framework/Headers/UILabel.h,97,- (void)drawTextInRect:(CGRect)rect;,missing_both,review_terminal_query,,,,,,
UILabel,property,preferredMaxLayoutWidth,,byPreferredMaxLayoutWidth,preferredmaxlayoutwidth,NO,NO,System/Library/Frameworks/UIKit.framework/Headers/UILabel.h,102,@property(nonatomic) CGFloat preferredMaxLayoutWidth API_AVAILABLE(ios(6.0));,covered_both,ok,byPreferredMaxLayoutWidth,byPreferredMaxLayoutWidth,,JobsByPods/JobsOCDSL@Pods/Core/UIKit/UILabel+DSLs/UILabel+DSL/UILabel+DSL.h:61; JobsByPods/JobsOCDSL@Pods/Core/UIKit/UILabel+DSLs/UILabel+DSL/UILabel+DSL.m:259,JobsByPods/JobsSwiftDSL@Pods/UIKit/iOS.SDK/UILabel/UILabel+DSL.swift:195; JobsByPods/JobsSwiftDSL@Pods/UIKit/iOS.SDK/UILabel/UILabel+DSL.swift:347,
UILabel,property,enablesMarqueeWhenAncestorFocused,,byEnablesMarqueeWhenAncestorFocused,enablesmarqueewhenancestorfocused,NO,NO,System/Library/Frameworks/UIKit.framework/Headers/UILabel.h,106,"@property (nonatomic) BOOL enablesMarqueeWhenAncestorFocused API_AVAILABLE(tvos(12.0)) API_UNAVAILABLE(ios, watchos);",missing_both,add_both_if_chainable,,,,,,
UILabel,property,showsExpansionTextWhenTruncated,,byShowsExpansionTextWhenTruncated,showsexpansiontextwhentruncated,NO,NO,System/Library/Frameworks/UIKit.framework/Headers/UILabel.h,109,@property (nonatomic) BOOL showsExpansionTextWhenTruncated API_AVAILABLE(macCatalyst(15.0)) API_UNAVAILABLE(watchos);,covered_both,ok,byShowsExpansionTextWhenTruncated,byShowsExpansionTextWhenTruncated,,JobsByPods/JobsOCDSL@Pods/Core/UIKit/UILabel+DSLs/UILabel+DSL/UILabel+DSL.h:62; JobsByPods/JobsOCDSL@Pods/Core/UIKit/UILabel+DSLs/UILabel+DSL/UILabel+DSL.m:268,JobsByPods/JobsSwiftDSL@Pods/UIKit/iOS.SDK/UILabel/UILabel+DSL.swift:209; JobsByPods/JobsSwiftDSL@Pods/UIKit/iOS.SDK/UILabel/UILabel+DSL.swift:374,
UILabel,property,minimumFontSize,,byMinimumFontSize,minimumfontsize,NO,NO,System/Library/Frameworks/UIKit.framework/Headers/UILabel.h,113,"@property(nonatomic) CGFloat minimumFontSize API_DEPRECATED("""", ios(2.0, 6.0)) API_UNAVAILABLE(tvos) API_UNAVAILABLE(visionos, watchos);",missing_both,add_both_if_chainable,,,,,,
UILabel,property,adjustsLetterSpacingToFitWidth,,byAdjustsLetterSpacingToFitWidth,adjustsletterspacingtofitwidth,NO,NO,System/Library/Frameworks/UIKit.framework/Headers/UILabel.h,116,"@property(nonatomic) BOOL adjustsLetterSpacingToFitWidth API_DEPRECATED("""", ios(6.0, 7.0)) API_UNAVAILABLE(tvos) API_UNAVAILABLE(visionos, watchos);",missing_both,add_both_if_chainable,,,,,,
UIButton,class_method,buttonWithType,1,byButtonWithType,buttonwithtype,,YES,System/Library/Frameworks/UIKit.framework/Headers/UIButton.h,57,+ (instancetype)buttonWithType:(UIButtonType)buttonType;,missing_both,review_class_member,,,,,,
UIButton,class_method,systemButtonWithPrimaryAction,1,bySystemButtonWithPrimaryAction,systembuttonwithprimaryaction,,YES,System/Library/Frameworks/UIKit.framework/Headers/UIButton.h,60,+ (instancetype)systemButtonWithPrimaryAction:(nullable UIAction *)primaryAction API_AVAILABLE(ios(14.0)) API_UNAVAILABLE(watchos);,missing_both,review_class_member,,,,,,
UIButton,property,configuration,,byConfiguration,configuration,NO,NO,System/Library/Frameworks/UIKit.framework/Headers/UIButton.h,68,"@property (nonatomic, readwrite, copy, nullable) UIButtonConfiguration *configuration API_AVAILABLE(ios(15.0), tvos(15.0)) API_UNAVAILABLE(watchos);",covered_both,ok,byConfiguration,byConfiguration,,JobsByPods/JobsOCDSL@Pods/Core/UIKit/UIButton+DSLs/UIButton+DSL/UIButton+DSL.h:30; JobsByPods/JobsOCDSL@Pods/Core/UIKit/UIButton+DSLs/UIButton+DSL/UIButton+DSL.m:12,JobsByPods/JobsSwiftDSL@Pods/UIKit/iOS.SDK/UIButton/UIButton+DSL.swift:207; JobsByPods/JobsSwiftDSL@Pods/UIKit/iOS.SDK/UIButton/UIButton+DSL.swift:30; JobsByPods/JobsSwiftDSL@Pods/UIKit/iOS.SDK/UIButton/UIButton+DSL.swift:621,
UIButton,instance_method,setNeedsUpdateConfiguration,0,bySetNeedsUpdateConfiguration,setneedsupdateconfiguration,,NO,System/Library/Frameworks/UIKit.framework/Headers/UIButton.h,71,"- (void)setNeedsUpdateConfiguration API_AVAILABLE(ios(15.0), tvos(15.0)) API_UNAVAILABLE(watchos);",covered_both,ok,bySetNeedsUpdateConfiguration,bySetNeedsUpdateConfiguration,,JobsByPods/JobsOCDSL@Pods/Core/UIKit/UIButton+DSLs/UIButton+DSL/UIButton+DSL.h:32; JobsByPods/JobsOCDSL@Pods/Core/UIKit/UIButton+DSLs/UIButton+DSL/UIButton+DSL.m:22,JobsByPods/JobsSwiftDSL@Pods/UIKit/iOS.SDK/UIButton/UIButton+DSL.swift:400,
UIButton,instance_method,updateConfiguration,0,byUpdateConfiguration,updateconfiguration,,NO,System/Library/Frameworks/UIKit.framework/Headers/UIButton.h,74,"- (void)updateConfiguration API_AVAILABLE(ios(15.0), tvos(15.0)) API_UNAVAILABLE(watchos);",missing_swift,add_swift_dsl,byUpdateConfiguration,,,JobsByPods/JobsOCDSL@Pods/Core/UIKit/UIButton+DSLs/UIButton+DSL/UIButton+DSL.h:34; JobsByPods/JobsOCDSL@Pods/Core/UIKit/UIButton+DSLs/UIButton+DSL/UIButton+DSL.m:32,,
UIButton,property,configurationUpdateHandler,,byConfigurationUpdateHandler,configurationupdatehandler,NO,NO,System/Library/Frameworks/UIKit.framework/Headers/UIButton.h,77,"@property (nonatomic, readwrite, copy, nullable) UIButtonConfigurationUpdateHandler configurationUpdateHandler API_AVAILABLE(ios(15.0), tvos(15.0)) API_UNAVAILABLE(watchos);",covered_both,ok,byConfigurationUpdateHandler,byConfigurationUpdateHandler,,JobsByPods/JobsOCDSL@Pods/Core/UIKit/UIButton+DSLs/UIButton+DSL/UIButton+DSL.h:36; JobsByPods/JobsOCDSL@Pods/Core/UIKit/UIButton+DSLs/UIButton+DSL/UIButton+DSL.m:42,JobsByPods/JobsSwiftDSL@Pods/UIKit/iOS.SDK/UIButton/UIButton+DSL.swift:173; JobsByPods/JobsSwiftDSL@Pods/UIKit/iOS.SDK/UIButton/UIButton+DSL.swift:353,
UIButton,property,automaticallyUpdatesConfiguration,,byAutomaticallyUpdatesConfiguration,automaticallyupdatesconfiguration,NO,NO,System/Library/Frameworks/UIKit.framework/Headers/UIButton.h,80,"@property (nonatomic, readwrite, assign) BOOL automaticallyUpdatesConfiguration API_AVAILABLE(ios(15.0), tvos(15.0)) API_UNAVAILABLE(watchos);",covered_both,ok,byAutomaticallyUpdatesConfiguration,byAutomaticallyUpdatesConfiguration,,JobsByPods/JobsOCDSL@Pods/Core/UIKit/UIButton+DSLs/UIButton+DSL/UIButton+DSL.h:38; JobsByPods/JobsOCDSL@Pods/Core/UIKit/UIButton+DSLs/UIButton+DSL/UIButton+DSL.m:52,JobsByPods/JobsSwiftDSL@Pods/UIKit/iOS.SDK/UIButton/UIButton+DSL.swift:166; JobsByPods/JobsSwiftDSL@Pods/UIKit/iOS.SDK/UIButton/UIButton+DSL.swift:346,
UIButton,property,tintColor,,byTintColor,tintcolor,NO,NO,System/Library/Frameworks/UIKit.framework/Headers/UIButton.h,82,"@property(null_resettable, nonatomic,strong) UIColor *tintColor API_AVAILABLE(ios(5.0));",missing_oc,add_oc_dsl,,byTintColor,,,JobsByPods/JobsSwiftDSL@Pods/UIKit/iOS.SDK/UIButton/UIButton+DSL.swift:213; JobsByPods/JobsSwiftDSL@Pods/UIKit/iOS.SDK/UIButton/UIButton+DSL.swift:36,
UIButton,property,buttonType,,byButtonType,buttontype,YES,NO,System/Library/Frameworks/UIKit.framework/Headers/UIButton.h,83,"@property(nonatomic,readonly) UIButtonType buttonType;",missing_both,review_readonly_terminal_or_skip,,,,,,
UIButton,property,hovered,,byHovered,hovered,YES,NO,System/Library/Frameworks/UIKit.framework/Headers/UIButton.h,86,"@property (nonatomic, assign, readonly, getter = isHovered) BOOL hovered API_AVAILABLE(ios(15.0), tvos(15.0)) API_UNAVAILABLE(watchos);",missing_both,review_readonly_terminal_or_skip,,,,,,
UIButton,property,held,,byHeld,held,YES,NO,System/Library/Frameworks/UIKit.framework/Headers/UIButton.h,89,"@property (nonatomic, assign, readonly, getter = isHeld) BOOL held API_AVAILABLE(ios(15.0), tvos(15.0)) API_UNAVAILABLE(watchos);",missing_both,review_readonly_terminal_or_skip,,,,,,
UIButton,property,role,,byRole,role,NO,NO,System/Library/Frameworks/UIKit.framework/Headers/UIButton.h,91,@property (nonatomic) UIButtonRole role API_AVAILABLE(ios(14.0)) API_UNAVAILABLE(watchos);,covered_both,ok,byRole,byRole,,JobsByPods/JobsOCDSL@Pods/Core/UIKit/UIButton+DSLs/UIButton+DSL/UIButton+DSL.h:40; JobsByPods/JobsOCDSL@Pods/Core/UIKit/UIButton+DSLs/UIButton+DSL/UIButton+DSL.m:62,JobsByPods/JobsSwiftDSL@Pods/UIKit/iOS.SDK/UIButton/UIButton+DSL.swift:145; JobsByPods/JobsSwiftDSL@Pods/UIKit/iOS.SDK/UIButton/UIButton+DSL.swift:325,
UIButton,property,pointerInteractionEnabled,,byPointerInteractionEnabled,pointerinteractionenabled,NO,NO,System/Library/Frameworks/UIKit.framework/Headers/UIButton.h,94,"@property (nonatomic, readwrite, assign, getter = isPointerInteractionEnabled) BOOL pointerInteractionEnabled API_AVAILABLE(ios(13.4)) API_UNAVAILABLE(watchos, tvos);",covered_both,ok,byPointerInteractionEnabled,byPointerInteractionEnabled,,JobsByPods/JobsOCDSL@Pods/Core/UIKit/UIButton+DSLs/UIButton+DSL/UIButton+DSL.h:42; JobsByPods/JobsOCDSL@Pods/Core/UIKit/UIButton+DSLs/UIButton+DSL/UIButton+DSL.m:72,JobsByPods/JobsSwiftDSL@Pods/UIKit/iOS.SDK/UIButton/UIButton+DSL.swift:138; JobsByPods/JobsSwiftDSL@Pods/UIKit/iOS.SDK/UIButton/UIButton+DSL.swift:318,
UIButton,property,pointerStyleProvider,,byPointerStyleProvider,pointerstyleprovider,NO,NO,System/Library/Frameworks/UIKit.framework/Headers/UIButton.h,97,"@property (nonatomic, readwrite, copy, nullable) UIButtonPointerStyleProvider pointerStyleProvider API_AVAILABLE(ios(13.4)) API_UNAVAILABLE(watchos, tvos) NS_REFINED_FOR_SWIFT;",missing_swift,add_swift_dsl,byPointerStyleProvider,,,JobsByPods/JobsOCDSL@Pods/Core/UIKit/UIButton+DSLs/UIButton+DSL/UIButton+DSL.h:44; JobsByPods/JobsOCDSL@Pods/Core/UIKit/UIButton+DSLs/UIButton+DSL/UIButton+DSL.m:82,,
UIButton,property,menu,,byMenu,menu,NO,NO,System/Library/Frameworks/UIKit.framework/Headers/UIButton.h,100,"@property (nonatomic, readwrite, copy, nullable) UIMenu *menu API_AVAILABLE(ios(14.0), tvos(17.0)) API_UNAVAILABLE(watchos);",covered_both,ok,byMenu,byMenu,,JobsByPods/JobsOCDSL@Pods/Core/UIKit/UIButton+DSLs/UIButton+DSL/UIButton+DSL.h:46; JobsByPods/JobsOCDSL@Pods/Core/UIKit/UIButton+DSLs/UIButton+DSL/UIButton+DSL.m:92,JobsByPods/JobsSwiftDSL@Pods/UIKit/iOS.SDK/UIButton/UIButton+DSL.swift:131; JobsByPods/JobsSwiftDSL@Pods/UIKit/iOS.SDK/UIButton/UIButton+DSL.swift:311,
UIButton,property,preferredMenuElementOrder,,byPreferredMenuElementOrder,preferredmenuelementorder,NO,NO,System/Library/Frameworks/UIKit.framework/Headers/UIButton.h,103,"@property (nonatomic) UIContextMenuConfigurationElementOrder preferredMenuElementOrder API_AVAILABLE(ios(16.0), tvos(17.0)) API_UNAVAILABLE(watchos);",covered_both,ok,byPreferredMenuElementOrder,byPreferredMenuElementOrder,,JobsByPods/JobsOCDSL@Pods/Core/UIKit/UIButton+DSLs/UIButton+DSL/UIButton+DSL.h:48; JobsByPods/JobsOCDSL@Pods/Core/UIKit/UIButton+DSLs/UIButton+DSL/UIButton+DSL.m:102,JobsByPods/JobsSwiftDSL@Pods/UIKit/iOS.SDK/UIButton/UIButton+DSL.swift:152; JobsByPods/JobsSwiftDSL@Pods/UIKit/iOS.SDK/UIButton/UIButton+DSL.swift:332,
UIButton,property,changesSelectionAsPrimaryAction,,byChangesSelectionAsPrimaryAction,changesselectionasprimaryaction,NO,NO,System/Library/Frameworks/UIKit.framework/Headers/UIButton.h,108,"@property (nonatomic, readwrite, assign) BOOL changesSelectionAsPrimaryAction API_AVAILABLE(ios(15.0), tvos(17.0)) API_UNAVAILABLE(watchos);",covered_both,ok,byChangesSelectionAsPrimaryAction,byChangesSelectionAsPrimaryAction,,JobsByPods/JobsOCDSL@Pods/Core/UIKit/UIButton+DSLs/UIButton+DSL/UIButton+DSL.h:50; JobsByPods/JobsOCDSL@Pods/Core/UIKit/UIButton+DSLs/UIButton+DSL/UIButton+DSL.m:112,JobsByPods/JobsSwiftDSL@Pods/UIKit/iOS.SDK/UIButton/UIButton+DSL.swift:159; JobsByPods/JobsSwiftDSL@Pods/UIKit/iOS.SDK/UIButton/UIButton+DSL.swift:339,
UIButton,instance_method,titleForState,1,byTitleForState,titleforstate,,NO,System/Library/Frameworks/UIKit.framework/Headers/UIButton.h,122,- (nullable NSString *)titleForState:(UIControlState)state;,missing_both,review_terminal_query,,,,,,
UIButton,instance_method,titleColorForState,1,byTitleColorForState,titlecolorforstate,,NO,System/Library/Frameworks/UIKit.framework/Headers/UIButton.h,123,- (nullable UIColor *)titleColorForState:(UIControlState)state;,missing_both,review_terminal_query,,,,,,
UIButton,instance_method,titleShadowColorForState,1,byTitleShadowColorForState,titleshadowcolorforstate,,NO,System/Library/Frameworks/UIKit.framework/Headers/UIButton.h,124,- (nullable UIColor *)titleShadowColorForState:(UIControlState)state;,missing_both,review_terminal_query,,,,,,
UIButton,instance_method,imageForState,1,byImageForState,imageforstate,,NO,System/Library/Frameworks/UIKit.framework/Headers/UIButton.h,125,- (nullable UIImage *)imageForState:(UIControlState)state;,missing_both,review_terminal_query,,,,,,
UIButton,instance_method,backgroundImageForState,1,byBackgroundImageForState,backgroundimageforstate,,NO,System/Library/Frameworks/UIKit.framework/Headers/UIButton.h,126,- (nullable UIImage *)backgroundImageForState:(UIControlState)state;,missing_both,review_terminal_query,,,,,,
UIButton,instance_method,preferredSymbolConfigurationForImageInState,1,byPreferredSymbolConfigurationForImageInState,preferredsymbolconfigurationforimageinstate,,NO,System/Library/Frameworks/UIKit.framework/Headers/UIButton.h,127,"- (nullable UIImageSymbolConfiguration *)preferredSymbolConfigurationForImageInState:(UIControlState)state API_AVAILABLE(ios(13.0), tvos(13.0)) API_UNAVAILABLE(watchos);",missing_both,review_terminal_query,,,,,,
UIButton,instance_method,attributedTitleForState,1,byAttributedTitleForState,attributedtitleforstate,,NO,System/Library/Frameworks/UIKit.framework/Headers/UIButton.h,128,- (nullable NSAttributedString *)attributedTitleForState:(UIControlState)state API_AVAILABLE(ios(6.0));,missing_both,review_terminal_query,,,,,,
UIButton,property,currentTitle,,byCurrentTitle,currenttitle,YES,NO,System/Library/Frameworks/UIKit.framework/Headers/UIButton.h,134,"@property(nullable, nonatomic,readonly,strong) NSString *currentTitle;",missing_both,review_readonly_terminal_or_skip,,,,,,
UIButton,property,currentTitleColor,,byCurrentTitleColor,currenttitlecolor,YES,NO,System/Library/Frameworks/UIKit.framework/Headers/UIButton.h,135,"@property(nonatomic,readonly,strong) UIColor *currentTitleColor;",missing_both,review_readonly_terminal_or_skip,,,,,,
UIButton,property,currentTitleShadowColor,,byCurrentTitleShadowColor,currenttitleshadowcolor,YES,NO,System/Library/Frameworks/UIKit.framework/Headers/UIButton.h,136,"@property(nullable, nonatomic,readonly,strong) UIColor *currentTitleShadowColor;",missing_both,review_readonly_terminal_or_skip,,,,,,
UIButton,property,currentImage,,byCurrentImage,currentimage,YES,NO,System/Library/Frameworks/UIKit.framework/Headers/UIButton.h,137,"@property(nullable, nonatomic,readonly,strong) UIImage *currentImage;",missing_both,review_readonly_terminal_or_skip,,,,,,
UIButton,property,currentBackgroundImage,,byCurrentBackgroundImage,currentbackgroundimage,YES,NO,System/Library/Frameworks/UIKit.framework/Headers/UIButton.h,138,"@property(nullable, nonatomic,readonly,strong) UIImage *currentBackgroundImage;",missing_both,review_readonly_terminal_or_skip,,,,,,
UIButton,property,currentPreferredSymbolConfiguration,,byCurrentPreferredSymbolConfiguration,currentpreferredsymbolconfiguration,YES,NO,System/Library/Frameworks/UIKit.framework/Headers/UIButton.h,139,"@property(nullable, nonatomic,readonly,strong) UIImageSymbolConfiguration *currentPreferredSymbolConfiguration API_AVAILABLE(ios(13.0), tvos(13.0)) API_UNAVAILABLE(watchos);",missing_both,review_readonly_terminal_or_skip,,,,,,
UIButton,property,currentAttributedTitle,,byCurrentAttributedTitle,currentattributedtitle,YES,NO,System/Library/Frameworks/UIKit.framework/Headers/UIButton.h,140,"@property(nullable, nonatomic,readonly,strong) NSAttributedString *currentAttributedTitle API_AVAILABLE(ios(6.0));",missing_both,review_readonly_terminal_or_skip,,,,,,
UIButton,property,titleLabel,,byTitleLabel,titlelabel,YES,NO,System/Library/Frameworks/UIKit.framework/Headers/UIButton.h,143,"@property(nullable, nonatomic,readonly,strong) UILabel *titleLabel API_AVAILABLE(ios(3.0));",missing_swift,review_readonly_terminal_or_skip,byTitleLabel,,,JobsByPods/JobsOCDSL@Pods/Core/UIKit/UIButton+DSLs/UIButton+DSL/UIButton+DSL.h:68; JobsByPods/JobsOCDSL@Pods/Core/UIKit/UIButton+DSLs/UIButton+DSL/UIButton+DSL.m:195,,
UIButton,property,imageView,,byImageView,imageview,YES,NO,System/Library/Frameworks/UIKit.framework/Headers/UIButton.h,144,"@property(nullable, nonatomic,readonly,strong) UIImageView *imageView API_AVAILABLE(ios(3.0));",missing_swift,review_readonly_terminal_or_skip,byImageView,,,JobsByPods/JobsOCDSL@Pods/Core/UIKit/UIButton+DSLs/UIButton+DSL/UIButton+DSL.h:72; JobsByPods/JobsOCDSL@Pods/Core/UIKit/UIButton+DSLs/UIButton+DSL/UIButton+DSL.m:221,,
UIButton,property,subtitleLabel,,bySubtitleLabel,subtitlelabel,YES,NO,System/Library/Frameworks/UIKit.framework/Headers/UIButton.h,146,"@property(nonatomic, readonly, strong, nullable) UILabel *subtitleLabel API_AVAILABLE(ios(15.0), tvos(15.0)) API_UNAVAILABLE(watchos);",missing_swift,review_readonly_terminal_or_skip,bySubtitleLabel,,,JobsByPods/JobsOCDSL@Pods/Core/UIKit/UIButton+DSLs/UIButton+DSL/UIButton+DSL.h:70; JobsByPods/JobsOCDSL@Pods/Core/UIKit/UIButton+DSLs/UIButton+DSL/UIButton+DSL.m:204,,
UIButton,property,font,,byFont,font,NO,NO,System/Library/Frameworks/UIKit.framework/Headers/UIButton.h,152,"@property(nonatomic,strong) UIFont *font API_DEPRECATED(""Specify an attributed title with a custom font"", ios(2.0, 3.0)) API_UNAVAILABLE(tvos) API_UNAVAILABLE(visionos, watchos);",missing_both,add_both_if_chainable,,,,,,
UIButton,property,lineBreakMode,,byLineBreakMode,linebreakmode,NO,NO,System/Library/Frameworks/UIKit.framework/Headers/UIButton.h,153,"@property(nonatomic) NSLineBreakMode lineBreakMode API_DEPRECATED(""Specify an attributed title with a customized paragraph style"", ios(2.0, 3.0)) API_UNAVAILABLE(tvos) API_UNAVAILABLE(visionos, watchos);",covered_both,ok,byLineBreakMode,byLineBreakMode,,JobsByPods/JobsOCDSL@Pods/Core/UIKit/UIButton+DSLs/UIButton+DSL/UIButton+DSL.h:76; JobsByPods/JobsOCDSL@Pods/Core/UIKit/UIButton+DSLs/UIButton+DSL/UIButton+DSL.m:242,JobsByPods/JobsSwiftDSL@Pods/UIKit/iOS.SDK/UIButton/UIButton+DSL.swift:237; JobsByPods/JobsSwiftDSL@Pods/UIKit/iOS.SDK/UIButton/UIButton+DSL.swift:60,
UIButton,property,titleShadowOffset,,byTitleShadowOffset,titleshadowoffset,NO,NO,System/Library/Frameworks/UIKit.framework/Headers/UIButton.h,154,"@property(nonatomic) CGSize titleShadowOffset API_DEPRECATED(""Specify an attributed title with a customized shadow style"", ios(2.0, 3.0)) API_UNAVAILABLE(tvos) API_UNAVAILABLE(visionos, watchos);",missing_swift,add_swift_dsl,byTitleShadowOffset,,,JobsByPods/JobsOCDSL@Pods/Core/UIKit/UIButton+DSLs/UIButton+DSL/UIButton+DSL.h:78; JobsByPods/JobsOCDSL@Pods/Core/UIKit/UIButton+DSLs/UIButton+DSL/UIButton+DSL.m:258,,
UIButton,property,contentEdgeInsets,,byContentEdgeInsets,contentedgeinsets,NO,NO,System/Library/Frameworks/UIKit.framework/Headers/UIButton.h,157,"@property(nonatomic) UIEdgeInsets contentEdgeInsets API_DEPRECATED(""This property is ignored when using UIButtonConfiguration"", ios(2.0,15.0), tvos(2.0,15.0), visionos(1.0, 1.0)) UI_APPEARANCE_SELECTOR API_UNAVAILABLE(watchos);",covered_both,ok,byContentEdgeInsets,byContentEdgeInsets,,JobsByPods/JobsOCDSL@Pods/Core/UIKit/UIButton+DSLs/UIButton+DSL/UIButton+DSL.h:80; JobsByPods/JobsOCDSL@Pods/Core/UIKit/UIButton+DSLs/UIButton+DSL/UIButton+DSL.m:267,JobsByPods/JobsSwiftDSL@Pods/UIKit/iOS.SDK/UIButton/UIButton+DSL.swift:265; JobsByPods/JobsSwiftDSL@Pods/UIKit/iOS.SDK/UIButton/UIButton+DSL.swift:87,
UIButton,property,titleEdgeInsets,,byTitleEdgeInsets,titleedgeinsets,NO,NO,System/Library/Frameworks/UIKit.framework/Headers/UIButton.h,158,"@property(nonatomic) UIEdgeInsets titleEdgeInsets API_DEPRECATED(""This property is ignored when using UIButtonConfiguration"", ios(2.0, 15.0), tvos(2.0, 15.0), visionos(1.0, 1.0)) API_UNAVAILABLE(watchos);",covered_both,ok,byTitleEdgeInsets,byTitleEdgeInsets,,JobsByPods/JobsOCDSL@Pods/Core/UIKit/UIButton+DSLs/UIButton+DSL/UIButton+DSL.h:82; JobsByPods/JobsOCDSL@Pods/Core/UIKit/UIButton+DSLs/UIButton+DSL/UIButton+DSL.m:276,JobsByPods/JobsSwiftDSL@Pods/UIKit/iOS.SDK/UIButton/UIButton+DSL.swift:114; JobsByPods/JobsSwiftDSL@Pods/UIKit/iOS.SDK/UIButton/UIButton+DSL.swift:293,
UIButton,property,imageEdgeInsets,,byImageEdgeInsets,imageedgeinsets,NO,NO,System/Library/Frameworks/UIKit.framework/Headers/UIButton.h,159,"@property(nonatomic) UIEdgeInsets imageEdgeInsets API_DEPRECATED(""This property is ignored when using UIButtonConfiguration"", ios(2.0, 15.0), tvos(2.0, 15.0), visionos(1.0, 1.0)) API_UNAVAILABLE(watchos);",covered_both,ok,byImageEdgeInsets,byImageEdgeInsets,,JobsByPods/JobsOCDSL@Pods/Core/UIKit/UIButton+DSLs/UIButton+DSL/UIButton+DSL.h:84; JobsByPods/JobsOCDSL@Pods/Core/UIKit/UIButton+DSLs/UIButton+DSL/UIButton+DSL.m:285,JobsByPods/JobsSwiftDSL@Pods/UIKit/iOS.SDK/UIButton/UIButton+DSL.swift:104; JobsByPods/JobsSwiftDSL@Pods/UIKit/iOS.SDK/UIButton/UIButton+DSL.swift:282,
UIButton,property,reversesTitleShadowWhenHighlighted,,byReversesTitleShadowWhenHighlighted,reversestitleshadowwhenhighlighted,NO,NO,System/Library/Frameworks/UIKit.framework/Headers/UIButton.h,162,"@property(nonatomic) BOOL reversesTitleShadowWhenHighlighted API_DEPRECATED(""This property is ignored when using UIButtonConfiguration, you may customize to replicate this behavior via a configurationUpdateHandler"", ios(2.0, 15.0), tvos(2.0, 15.0), visionos(1.0, 1.0)) API_UNAVAILABLE(watchos);",missing_swift,add_swift_dsl,byReversesTitleShadowWhenHighlighted,,,JobsByPods/JobsOCDSL@Pods/Core/UIKit/UIButton+DSLs/UIButton+DSL/UIButton+DSL.h:86; JobsByPods/JobsOCDSL@Pods/Core/UIKit/UIButton+DSLs/UIButton+DSL/UIButton+DSL.m:294,,
UIButton,property,adjustsImageWhenHighlighted,,byAdjustsImageWhenHighlighted,adjustsimagewhenhighlighted,NO,NO,System/Library/Frameworks/UIKit.framework/Headers/UIButton.h,163,"@property(nonatomic) BOOL adjustsImageWhenHighlighted API_DEPRECATED(""This property is ignored when using UIButtonConfiguration, you may customize to replicate this behavior via a configurationUpdateHandler"", ios(2.0, 15.0), tvos(2.0, 15.0), visionos(1.0, 1.0)) API_UNAVAILABLE(watchos);",covered_both,ok,byAdjustsImageWhenHighlighted,byAdjustsImageWhenHighlighted,,JobsByPods/JobsOCDSL@Pods/Core/UIKit/UIButton+DSLs/UIButton+DSL/UIButton+DSL.h:88; JobsByPods/JobsOCDSL@Pods/Core/UIKit/UIButton+DSLs/UIButton+DSL/UIButton+DSL.m:303,JobsByPods/JobsSwiftDSL@Pods/UIKit/iOS.SDK/UIButton/UIButton+DSL.swift:219; JobsByPods/JobsSwiftDSL@Pods/UIKit/iOS.SDK/UIButton/UIButton+DSL.swift:42,
UIButton,property,adjustsImageWhenDisabled,,byAdjustsImageWhenDisabled,adjustsimagewhendisabled,NO,NO,System/Library/Frameworks/UIKit.framework/Headers/UIButton.h,164,"@property(nonatomic) BOOL adjustsImageWhenDisabled API_DEPRECATED(""This property is ignored when using UIButtonConfiguration, you may customize to replicate this behavior via a configurationUpdateHandler"", ios(2.0, 15.0), tvos(2.0, 15.0), visionos(1.0, 1.0)) API_UNAVAILABLE(watchos);",missing_swift,add_swift_dsl,byAdjustsImageWhenDisabled,,,JobsByPods/JobsOCDSL@Pods/Core/UIKit/UIButton+DSLs/UIButton+DSL/UIButton+DSL.h:90; JobsByPods/JobsOCDSL@Pods/Core/UIKit/UIButton+DSLs/UIButton+DSL/UIButton+DSL.m:312,,
UIButton,property,showsTouchWhenHighlighted,,byShowsTouchWhenHighlighted,showstouchwhenhighlighted,NO,NO,System/Library/Frameworks/UIKit.framework/Headers/UIButton.h,167,"@property(nonatomic) BOOL showsTouchWhenHighlighted API_DEPRECATED(""This property is ignored when using UIButtonConfiguration"", ios(2.0, 15.0), visionos(1.0, 1.0)) API_UNAVAILABLE(tvos) API_UNAVAILABLE(watchos);",covered_both,ok,byShowsTouchWhenHighlighted,byShowsTouchWhenHighlighted,,JobsByPods/JobsOCDSL@Pods/Core/UIKit/UIButton+DSLs/UIButton+DSL/UIButton+DSL.h:92; JobsByPods/JobsOCDSL@Pods/Core/UIKit/UIButton+DSLs/UIButton+DSL/UIButton+DSL.m:321,JobsByPods/JobsSwiftDSL@Pods/UIKit/iOS.SDK/UIButton/UIButton+DSL.swift:225; JobsByPods/JobsSwiftDSL@Pods/UIKit/iOS.SDK/UIButton/UIButton+DSL.swift:48,
UIButton,instance_method,backgroundRectForBounds,1,byBackgroundRectForBounds,backgroundrectforbounds,,NO,System/Library/Frameworks/UIKit.framework/Headers/UIButton.h,171,"- (CGRect)backgroundRectForBounds:(CGRect)bounds API_DEPRECATED(""Override layoutSubviews, call super, and position views as you desire."", ios(2.0, 15.0), tvos(2.0, 15.0), visionos(1.0, 1.0)) API_UNAVAILABLE(watchos);",missing_both,review_terminal_query,,,,,,
UIButton,instance_method,contentRectForBounds,1,byContentRectForBounds,contentrectforbounds,,NO,System/Library/Frameworks/UIKit.framework/Headers/UIButton.h,172,"- (CGRect)contentRectForBounds:(CGRect)bounds API_DEPRECATED(""Override layoutSubviews, call super, and position views as you desire."", ios(2.0, 15.0), tvos(2.0, 15.0), visionos(1.0, 1.0)) API_UNAVAILABLE(watchos);",missing_both,review_terminal_query,,,,,,
UIButton,instance_method,titleRectForContentRect,1,byTitleRectForContentRect,titlerectforcontentrect,,NO,System/Library/Frameworks/UIKit.framework/Headers/UIButton.h,173,"- (CGRect)titleRectForContentRect:(CGRect)contentRect API_DEPRECATED(""Override layoutSubviews, call super, and position views as you desire."", ios(2.0, 15.0), tvos(2.0, 15.0), visionos(1.0, 1.0)) API_UNAVAILABLE(watchos);",missing_both,review_terminal_query,,,,,,
UIButton,instance_method,imageRectForContentRect,1,byImageRectForContentRect,imagerectforcontentrect,,NO,System/Library/Frameworks/UIKit.framework/Headers/UIButton.h,174,"- (CGRect)imageRectForContentRect:(CGRect)contentRect API_DEPRECATED(""Override layoutSubviews, call super, and position views as you desire."", ios(2.0, 15.0), tvos(2.0, 15.0), visionos(1.0, 1.0)) API_UNAVAILABLE(watchos);",missing_both,review_terminal_query,,,,,,
UISearchBar,property,barStyle,,byBarStyle,barstyle,NO,NO,System/Library/Frameworks/UIKit.framework/Headers/UISearchBar.h,50,@property(nonatomic) UIBarStyle barStyle API_UNAVAILABLE(tvos);,covered_both,ok,byBarStyle,byBarStyle,,JobsByPods/JobsOCDSL@Pods/Core/UIKit/UISearchBar+DSLs/UISearchBar+DSL/UISearchBar+DSL.h:36,JobsByPods/JobsByUIKit@Pods/iOS.SDK/Others@SDK/UISearchBar.swift:40,
UISearchBar,property,delegate,,byDelegate,delegate,NO,NO,System/Library/Frameworks/UIKit.framework/Headers/UISearchBar.h,51,"@property(nullable,nonatomic,weak) id<UISearchBarDelegate> delegate;",covered_both,ok,byDelegate,byDelegate,,JobsByPods/JobsOCDSL@Pods/Core/UIKit/UISearchBar+DSLs/UISearchBar+DSL/UISearchBar+DSL.h:34,JobsByPods/JobsByUIKit@Pods/iOS.SDK/Others@SDK/UISearchBar.swift:16,
UISearchBar,property,text,,byText,text,NO,NO,System/Library/Frameworks/UIKit.framework/Headers/UISearchBar.h,52,"@property(nullable,nonatomic,copy) NSString *text;",covered_both,ok,byText,byText,,JobsByPods/JobsOCDSL@Pods/Core/UIKit/UISearchBar+DSLs/UISearchBar+DSL/UISearchBar+DSL.h:30,JobsByPods/JobsByUIKit@Pods/iOS.SDK/Others@SDK/UISearchBar.swift:22; JobsByPods/JobsByUIKit@Pods/iOS.SDK/Others@SDK/UISearchBar.swift:28,
UISearchBar,property,prompt,,byPrompt,prompt,NO,NO,System/Library/Frameworks/UIKit.framework/Headers/UISearchBar.h,53,"@property(nullable,nonatomic,copy) NSString *prompt;",covered_both,ok,byPrompt,byPrompt,,JobsByPods/JobsOCDSL@Pods/Core/UIKit/UISearchBar+DSLs/UISearchBar+DSL/UISearchBar+DSL.h:31,JobsByPods/JobsByUIKit@Pods/iOS.SDK/Others@SDK/UISearchBar.swift:28,
UISearchBar,property,placeholder,,byPlaceholder,placeholder,NO,NO,System/Library/Frameworks/UIKit.framework/Headers/UISearchBar.h,54,"@property(nullable,nonatomic,copy) NSString *placeholder;",covered_both,ok,byPlaceholder,byPlaceholder,,JobsByPods/JobsOCDSL@Pods/Core/UIKit/UISearchBar+DSLs/UISearchBar+DSL/UISearchBar+DSL.h:32,JobsByPods/JobsByUIKit@Pods/iOS.SDK/Others@SDK/UISearchBar.swift:22; JobsByPods/JobsByUIKit@Pods/iOS.SDK/Others@SDK/UISearchBar.swift:34,
UISearchBar,property,showsBookmarkButton,,byShowsBookmarkButton,showsbookmarkbutton,NO,NO,System/Library/Frameworks/UIKit.framework/Headers/UISearchBar.h,55,@property(nonatomic) BOOL showsBookmarkButton API_UNAVAILABLE(tvos);,covered_both,ok,byShowsBookmarkButton,byShowsBookmarkButton,,JobsByPods/JobsOCDSL@Pods/Core/UIKit/UISearchBar+DSLs/UISearchBar+DSL/UISearchBar+DSL.h:42,JobsByPods/JobsByUIKit@Pods/iOS.SDK/Others@SDK/UISearchBar.swift:76,
UISearchBar,property,searchTextField,,bySearchTextField,searchtextfield,YES,NO,System/Library/Frameworks/UIKit.framework/Headers/UISearchBar.h,56,"@property(nonatomic,readonly) UISearchTextField *searchTextField API_AVAILABLE(ios(13.0)) API_UNAVAILABLE(tvos,watchos);",missing_both,review_readonly_terminal_or_skip,,,,,,
UISearchBar,property,showsCancelButton,,byShowsCancelButton,showscancelbutton,NO,NO,System/Library/Frameworks/UIKit.framework/Headers/UISearchBar.h,59,@property(nonatomic) BOOL showsCancelButton API_UNAVAILABLE(tvos);,covered_both,ok,byShowsCancelButton,byShowsCancelButton,,JobsByPods/JobsOCDSL@Pods/Core/UIKit/UISearchBar+DSLs/UISearchBar+DSL/UISearchBar+DSL.h:43,JobsByPods/JobsByUIKit@Pods/iOS.SDK/Others@SDK/UISearchBar.swift:40; JobsByPods/JobsByUIKit@Pods/iOS.SDK/Others@SDK/UISearchBar.swift:70,
UISearchBar,property,showsSearchResultsButton,,byShowsSearchResultsButton,showssearchresultsbutton,NO,NO,System/Library/Frameworks/UIKit.framework/Headers/UISearchBar.h,61,@property(nonatomic) BOOL showsSearchResultsButton API_AVAILABLE(ios(3.2)) API_UNAVAILABLE(tvos);,covered_both,ok,byShowsSearchResultsButton,byShowsSearchResultsButton,,JobsByPods/JobsOCDSL@Pods/Core/UIKit/UISearchBar+DSLs/UISearchBar+DSL/UISearchBar+DSL.h:44,JobsByPods/JobsByUIKit@Pods/iOS.SDK/Others@SDK/UISearchBar.swift:82,
UISearchBar,property,searchResultsButtonSelected,,bySearchResultsButtonSelected,searchresultsbuttonselected,NO,NO,System/Library/Frameworks/UIKit.framework/Headers/UISearchBar.h,62,"@property(nonatomic, getter=isSearchResultsButtonSelected) BOOL searchResultsButtonSelected API_AVAILABLE(ios(3.2)) API_UNAVAILABLE(tvos);",covered_both,ok,bySearchResultsButtonSelected,bySearchResultsButtonSelected,,JobsByPods/JobsOCDSL@Pods/Core/UIKit/UISearchBar+DSLs/UISearchBar+DSL/UISearchBar+DSL.h:45,JobsByPods/JobsByUIKit@Pods/iOS.SDK/Others@SDK/UISearchBar.swift:88,
UISearchBar,property,inputAssistantItem,,byInputAssistantItem,inputassistantitem,YES,NO,System/Library/Frameworks/UIKit.framework/Headers/UISearchBar.h,68,"@property (nonatomic, readonly, strong) UITextInputAssistantItem *inputAssistantItem API_AVAILABLE(ios(9.0), visionos(2.0)) API_UNAVAILABLE(tvos) API_UNAVAILABLE(watchos);",missing_both,review_readonly_terminal_or_skip,,,,,,
UISearchBar,property,tintColor,,byTintColor,tintcolor,NO,NO,System/Library/Frameworks/UIKit.framework/Headers/UISearchBar.h,71,"@property(null_resettable, nonatomic,strong) UIColor *tintColor;",covered_both,ok,byTintColor,byTintColor,,JobsByPods/JobsOCDSL@Pods/Core/UIKit/UISearchBar+DSLs/UISearchBar+DSL/UISearchBar+DSL.h:39,JobsByPods/JobsByUIKit@Pods/iOS.SDK/Others@SDK/UISearchBar.swift:58,
UISearchBar,property,barTintColor,,byBarTintColor,bartintcolor,NO,NO,System/Library/Frameworks/UIKit.framework/Headers/UISearchBar.h,72,"@property(nullable, nonatomic,strong) UIColor *barTintColor API_AVAILABLE(ios(7.0)) UI_APPEARANCE_SELECTOR;",covered_both,ok,byBarTintColor,byBarTintColor,,JobsByPods/JobsOCDSL@Pods/Core/UIKit/UISearchBar+DSLs/UISearchBar+DSL/UISearchBar+DSL.h:40,JobsByPods/JobsByUIKit@Pods/iOS.SDK/Others@SDK/UISearchBar.swift:34; JobsByPods/JobsByUIKit@Pods/iOS.SDK/Others@SDK/UISearchBar.swift:64,
UISearchBar,property,searchBarStyle,,bySearchBarStyle,searchbarstyle,NO,NO,System/Library/Frameworks/UIKit.framework/Headers/UISearchBar.h,74,@property (nonatomic) UISearchBarStyle searchBarStyle API_AVAILABLE(ios(7.0));,covered_both,ok,bySearchBarStyle,bySearchBarStyle,,JobsByPods/JobsOCDSL@Pods/Core/UIKit/UISearchBar+DSLs/UISearchBar+DSL/UISearchBar+DSL.h:37,JobsByPods/JobsByUIKit@Pods/iOS.SDK/Others@SDK/UISearchBar.swift:46,
UISearchBar,property,translucent,,byTranslucent,translucent,NO,NO,System/Library/Frameworks/UIKit.framework/Headers/UISearchBar.h,77,"@property(nonatomic,assign,getter=isTranslucent) BOOL translucent API_AVAILABLE(ios(3.0));",covered_both,ok,byTranslucent,byTranslucent,,JobsByPods/JobsOCDSL@Pods/Core/UIKit/UISearchBar+DSLs/UISearchBar+DSL/UISearchBar+DSL.h:38,JobsByPods/JobsByUIKit@Pods/iOS.SDK/Others@SDK/UISearchBar.swift:52,
UISearchBar,property,scopeButtonTitles,,byScopeButtonTitles,scopebuttontitles,NO,NO,System/Library/Frameworks/UIKit.framework/Headers/UISearchBar.h,79,"@property(nullable, nonatomic,copy) NSArray<NSString *> *scopeButtonTitles API_AVAILABLE(ios(3.0));",covered_both,ok,byScopeButtonTitles,byScopeButtonTitles,,JobsByPods/JobsOCDSL@Pods/Core/UIKit/UISearchBar+DSLs/UISearchBar+DSL/UISearchBar+DSL.h:47,JobsByPods/JobsByUIKit@Pods/iOS.SDK/Others@SDK/UISearchBar.swift:94,
UISearchBar,property,selectedScopeButtonIndex,,bySelectedScopeButtonIndex,selectedscopebuttonindex,NO,NO,System/Library/Frameworks/UIKit.framework/Headers/UISearchBar.h,80,@property(nonatomic) NSInteger selectedScopeButtonIndex API_AVAILABLE(ios(3.0));,covered_both,ok,bySelectedScopeButtonIndex,bySelectedScopeButtonIndex,,JobsByPods/JobsOCDSL@Pods/Core/UIKit/UISearchBar+DSLs/UISearchBar+DSL/UISearchBar+DSL.h:48,JobsByPods/JobsByUIKit@Pods/iOS.SDK/Others@SDK/UISearchBar.swift:100,
UISearchBar,property,showsScopeBar,,byShowsScopeBar,showsscopebar,NO,NO,System/Library/Frameworks/UIKit.framework/Headers/UISearchBar.h,83,@property(nonatomic) BOOL showsScopeBar API_AVAILABLE(ios(3.0));,covered_both,ok,byShowsScopeBar,byShowsScopeBar,,JobsByPods/JobsOCDSL@Pods/Core/UIKit/UISearchBar+DSLs/UISearchBar+DSL/UISearchBar+DSL.h:49,JobsByPods/JobsByUIKit@Pods/iOS.SDK/Others@SDK/UISearchBar.swift:106,
UISearchBar,property,inputAccessoryView,,byInputAccessoryView,inputaccessoryview,NO,NO,System/Library/Frameworks/UIKit.framework/Headers/UISearchBar.h,87,"@property (nullable, nonatomic, readwrite, strong) UIView *inputAccessoryView API_UNAVAILABLE(visionos);",covered_both,ok,byInputAccessoryView,byInputAccessoryView,,JobsByPods/JobsOCDSL@Pods/Core/UIKit/UISearchBar+DSLs/UISearchBar+DSL/UISearchBar+DSL.h:51,JobsByPods/JobsByUIKit@Pods/iOS.SDK/Others@SDK/UISearchBar.swift:112,
UISearchBar,property,enabled,,byEnabled,enabled,NO,NO,System/Library/Frameworks/UIKit.framework/Headers/UISearchBar.h,92,"@property (nonatomic, getter=isEnabled) BOOL enabled API_AVAILABLE(ios(16.4), tvos(16.4)) API_UNAVAILABLE(watchos);",covered_both,ok,byEnabled,byEnabled,,JobsByPods/JobsOCDSL@Pods/Core/UIKit/UISearchBar+DSLs/UISearchBar+DSL/UISearchBar+DSL.h:52,JobsByPods/JobsByUIKit@Pods/iOS.SDK/Others@SDK/UISearchBar.swift:119,
UISearchBar,property,backgroundImage,,byBackgroundImage,backgroundimage,NO,NO,System/Library/Frameworks/UIKit.framework/Headers/UISearchBar.h,95,"@property(nullable, nonatomic,strong) UIImage *backgroundImage API_AVAILABLE(ios(5.0)) UI_APPEARANCE_SELECTOR;",covered_both,ok,byBackgroundImage,byBackgroundImage,,JobsByPods/JobsOCDSL@Pods/Core/UIKit/UISearchBar+DSLs/UISearchBar+DSL/UISearchBar+DSL.h:54,JobsByPods/JobsByUIKit@Pods/iOS.SDK/Others@SDK/UISearchBar.swift:125,
UISearchBar,property,scopeBarBackgroundImage,,byScopeBarBackgroundImage,scopebarbackgroundimage,NO,NO,System/Library/Frameworks/UIKit.framework/Headers/UISearchBar.h,96,"@property(nullable, nonatomic,strong) UIImage *scopeBarBackgroundImage API_AVAILABLE(ios(5.0)) UI_APPEARANCE_SELECTOR;",covered_both,ok,byScopeBarBackgroundImage,byScopeBarBackgroundImage,,JobsByPods/JobsOCDSL@Pods/Core/UIKit/UISearchBar+DSLs/UISearchBar+DSL/UISearchBar+DSL.h:55,JobsByPods/JobsByUIKit@Pods/iOS.SDK/Others@SDK/UISearchBar.swift:131,
UISearchBar,instance_method,searchFieldBackgroundImageForState,1,bySearchFieldBackgroundImageForState,searchfieldbackgroundimageforstate,,NO,System/Library/Frameworks/UIKit.framework/Headers/UISearchBar.h,106,- (nullable UIImage *)searchFieldBackgroundImageForState:(UIControlState)state API_AVAILABLE(ios(5.0)) UI_APPEARANCE_SELECTOR;,missing_both,review_terminal_query,,,,,,
UISearchBar,instance_method,scopeBarButtonBackgroundImageForState,1,byScopeBarButtonBackgroundImageForState,scopebarbuttonbackgroundimageforstate,,NO,System/Library/Frameworks/UIKit.framework/Headers/UISearchBar.h,117,- (nullable UIImage *)scopeBarButtonBackgroundImageForState:(UIControlState)state API_AVAILABLE(ios(5.0)) UI_APPEARANCE_SELECTOR;,missing_both,review_terminal_query,,,,,,
UISearchBar,instance_method,scopeBarButtonTitleTextAttributesForState,1,byScopeBarButtonTitleTextAttributesForState,scopebarbuttontitletextattributesforstate,,NO,System/Library/Frameworks/UIKit.framework/Headers/UISearchBar.h,125,"- (nullable NSDictionary<NSAttributedStringKey, id> *)scopeBarButtonTitleTextAttributesForState:(UIControlState)state API_AVAILABLE(ios(5.0)) UI_APPEARANCE_SELECTOR;",missing_both,review_terminal_query,,,,,,
UISearchBar,property,searchFieldBackgroundPositionAdjustment,,bySearchFieldBackgroundPositionAdjustment,searchfieldbackgroundpositionadjustment,NO,NO,System/Library/Frameworks/UIKit.framework/Headers/UISearchBar.h,128,@property(nonatomic) UIOffset searchFieldBackgroundPositionAdjustment API_AVAILABLE(ios(5.0)) UI_APPEARANCE_SELECTOR;,covered_both,ok,bySearchFieldBackgroundPositionAdjustment,bySearchFieldBackgroundPositionAdjustment,,JobsByPods/JobsOCDSL@Pods/Core/UIKit/UISearchBar+DSLs/UISearchBar+DSL/UISearchBar+DSL.h:57,JobsByPods/JobsByUIKit@Pods/iOS.SDK/Others@SDK/UISearchBar.swift:137,
UISearchBar,property,searchTextPositionAdjustment,,bySearchTextPositionAdjustment,searchtextpositionadjustment,NO,NO,System/Library/Frameworks/UIKit.framework/Headers/UISearchBar.h,131,@property(nonatomic) UIOffset searchTextPositionAdjustment API_AVAILABLE(ios(5.0)) UI_APPEARANCE_SELECTOR;,covered_both,ok,bySearchTextPositionAdjustment,bySearchTextPositionAdjustment,,JobsByPods/JobsOCDSL@Pods/Core/UIKit/UISearchBar+DSLs/UISearchBar+DSL/UISearchBar+DSL.h:58,JobsByPods/JobsByUIKit@Pods/iOS.SDK/Others@SDK/UISearchBar.swift:143,
UISearchBar,instance_method,positionAdjustmentForSearchBarIcon,1,byPositionAdjustmentForSearchBarIcon,positionadjustmentforsearchbaricon,,NO,System/Library/Frameworks/UIKit.framework/Headers/UISearchBar.h,135,- (UIOffset)positionAdjustmentForSearchBarIcon:(UISearchBarIcon)icon API_AVAILABLE(ios(5.0)) UI_APPEARANCE_SELECTOR;,missing_both,review_terminal_query,,,,,,
UISearchBar,property,lookToDictateEnabled,,byLookToDictateEnabled,looktodictateenabled,NO,NO,System/Library/Frameworks/UIKit.framework/Headers/UISearchBar.h,137,"@property (nonatomic, getter=isLookToDictateEnabled) BOOL lookToDictateEnabled API_AVAILABLE(visionos(1.0), ios(17.0)) API_UNAVAILABLE(tvos, watchos, macos);",covered_both,ok,byLookToDictateEnabled,byLookToDictateEnabled,,JobsByPods/JobsOCDSL@Pods/Core/UIKit/UISearchBar+DSLs/UISearchBar+DSL/UISearchBar+DSL.h:60,JobsByPods/JobsByUIKit@Pods/iOS.SDK/Others@SDK/UISearchBar.swift:150,
